# https://github.com/mikedh/trimesh
v -0.00326541 0.01748639 0.00067362
v -0.00303367 0.02489686 0.00097238
v -0.00426684 0.02523662 0.00058135
v -0.00326541 0.01748639 0.00067362
v -0.00542196 0.02554669 -0.00005325
v -0.00456896 0.01783195 0.00005394
v -0.00326541 0.01748639 0.00067362
v -0.00411622 0.00939944 0.00074799
v -0.00255807 0.00905806 0.00038165
v -0.00326541 0.01748639 0.00067362
v -0.00111626 0.00875429 -0.00000760
v -0.00192557 0.01718919 0.00039687
v -0.00069994 0.01691915 -0.00014377
v -0.00036691 0.02404921 0.00061170
v -0.00171167 0.02449850 0.00088071
v -0.00069994 0.01691915 -0.00014377
v -0.00303367 0.02489686 0.00097238
v -0.00192557 0.01718919 0.00039687
v -0.00069994 0.01691915 -0.00014377
v -0.00111626 0.00875429 -0.00000760
v 0.00003130 0.00855890 -0.00016320
v -0.00069994 0.01691915 -0.00014377
v 0.00090796 0.00844675 -0.00084852
v 0.00043589 0.01663466 -0.00022668
v 0.00153856 0.01631964 0.00016479
v 0.00236698 0.02304241 -0.00033247
v 0.00098317 0.02356267 -0.00026112
v 0.00153856 0.01631964 0.00016479
v -0.00036691 0.02404921 0.00061170
v 0.00043589 0.01663466 -0.00022668
v 0.00153856 0.01631964 0.00016479
v 0.00090796 0.00844675 -0.00084852
v 0.00172938 0.00838127 -0.00128693
v 0.00153856 0.01631964 0.00016479
v 0.00252325 0.00833948 -0.00165893
v 0.00260778 0.01603985 -0.00001591
v 0.00366377 0.01575247 -0.00004906
v 0.00510771 0.02198441 -0.00059246
v 0.00374506 0.02251217 -0.00050270
v 0.00366377 0.01575247 -0.00004906
v 0.00236698 0.02304241 -0.00033247
v 0.00260778 0.01603985 -0.00001591
v 0.00366377 0.01575247 -0.00004906
v 0.00252325 0.00833948 -0.00165893
v 0.00332240 0.00830515 -0.00202751
v 0.00366377 0.01575247 -0.00004906
v 0.00411074 0.00825453 -0.00190737
v 0.00473104 0.01548413 -0.00032185
v 0.00580521 0.01520993 -0.00046491
v 0.00771902 0.02100225 -0.00029757
v 0.00644898 0.02147038 -0.00080402
v 0.00580521 0.01520993 -0.00046491
v 0.00510771 0.02198441 -0.00059246
v 0.00473104 0.01548413 -0.00032185
v 0.00580521 0.01520993 -0.00046491
v 0.00411074 0.00825453 -0.00190737
v 0.00488641 0.00817704 -0.00133696
v 0.00580521 0.01520993 -0.00046491
v 0.00575605 0.00807010 -0.00098655
v 0.00683092 0.01488581 0.00022816
v 0.00792723 0.01457971 0.00055249
v 0.01000914 0.02024559 0.00128617
v 0.00890087 0.02059635 0.00054454
v 0.00792723 0.01457971 0.00055249
v 0.00771902 0.02100225 -0.00029757
v 0.00683092 0.01488581 0.00022816
v 0.00792723 0.01457971 0.00055249
v 0.00575605 0.00807010 -0.00098655
v 0.00677983 0.00791500 -0.00086267
v 0.00792723 0.01457971 0.00055249
v 0.00797555 0.00770026 -0.00084685
v 0.00914706 0.01429922 0.00032354
v 0.01039234 0.01398315 0.00055983
v 0.01227033 0.01961732 0.00145848
v 0.01113073 0.01992538 0.00144136
v 0.01039234 0.01398315 0.00055983
v 0.01000914 0.02024559 0.00128617
v 0.00914706 0.01429922 0.00032354
v 0.01039234 0.01398315 0.00055983
v 0.00797555 0.00770026 -0.00084685
v 0.00938419 0.00743333 -0.00114857
v 0.01039234 0.01398315 0.00055983
v 0.01084413 0.00709740 -0.00098324
v 0.01162439 0.01363700 0.00113717
v -0.00386014 0.00167367 -0.00061527
v -0.00111626 0.00875429 -0.00000760
v -0.00255807 0.00905806 0.00038165
v -0.00386014 0.00167367 -0.00061527
v -0.00411622 0.00939944 0.00074799
v -0.00517443 0.00191334 -0.00213597
v -0.00386014 0.00167367 -0.00061527
v -0.00800362 -0.00470629 0.00071228
v -0.00647361 -0.00502729 0.00204266
v -0.00386014 0.00167367 -0.00061527
v -0.00463093 -0.00548711 0.00202394
v -0.00249988 0.00149227 0.00077957
v -0.00113092 0.00127025 0.00085975
v 0.00090796 0.00844675 -0.00084852
v 0.00003130 0.00855890 -0.00016320
v -0.00113092 0.00127025 0.00085975
v -0.00111626 0.00875429 -0.00000760
v -0.00249988 0.00149227 0.00077957
v -0.00113092 0.00127025 0.00085975
v -0.00463093 -0.00548711 0.00202394
v -0.00335454 -0.00580672 0.00101513
v -0.00113092 0.00127025 0.00085975
v -0.00242810 -0.00597394 0.00011701
v -0.00019138 0.00113230 0.00028119
v 0.00059814 0.00106589 -0.00007288
v 0.00252325 0.00833948 -0.00165893
v 0.00172938 0.00838127 -0.00128693
v 0.00059814 0.00106589 -0.00007288
v 0.00090796 0.00844675 -0.00084852
v -0.00019138 0.00113230 0.00028119
v 0.00059814 0.00106589 -0.00007288
v -0.00242810 -0.00597394 0.00011701
v -0.00142998 -0.00609459 -0.00020603
v 0.00059814 0.00106589 -0.00007288
v -0.00051351 -0.00618343 -0.00041545
v 0.00135797 0.00103354 -0.00013653
v 0.00208387 0.00101120 -0.00019021
v 0.00411074 0.00825453 -0.00190737
v 0.00332240 0.00830515 -0.00202751
v 0.00208387 0.00101120 -0.00019021
v 0.00252325 0.00833948 -0.00165893
v 0.00135797 0.00103354 -0.00013653
v 0.00208387 0.00101120 -0.00019021
v -0.00051351 -0.00618343 -0.00041545
v 0.00039393 -0.00625593 -0.00041723
v 0.00208387 0.00101120 -0.00019021
v 0.00129528 -0.00631803 -0.00014172
v 0.00282433 0.00098143 -0.00036806
v 0.00362933 0.00093530 -0.00045106
v 0.00575605 0.00807010 -0.00098655
v 0.00488641 0.00817704 -0.00133696
v 0.00362933 0.00093530 -0.00045106
v 0.00411074 0.00825453 -0.00190737
v 0.00282433 0.00098143 -0.00036806
v 0.00362933 0.00093530 -0.00045106
v 0.00129528 -0.00631803 -0.00014172
v 0.00219728 -0.00639890 0.00001754
v 0.00362933 0.00093530 -0.00045106
v 0.00322071 -0.00653347 -0.00002264
v 0.00453495 0.00085242 -0.00030534
v 0.00559150 0.00070325 -0.00016176
v 0.00797555 0.00770026 -0.00084685
v 0.00677983 0.00791500 -0.00086267
v 0.00559150 0.00070325 -0.00016176
v 0.00575605 0.00807010 -0.00098655
v 0.00453495 0.00085242 -0.00030534
v 0.00559150 0.00070325 -0.00016176
v 0.00322071 -0.00653347 -0.00002264
v 0.00435847 -0.00671703 -0.00011782
v 0.00559150 0.00070325 -0.00016176
v 0.00559799 -0.00695331 -0.00019092
v 0.00681482 0.00048756 -0.00053658
v 0.00823332 0.00018654 -0.00044111
v 0.01084413 0.00709740 -0.00098324
v 0.00938419 0.00743333 -0.00114857
v 0.00823332 0.00018654 -0.00044111
v 0.00797555 0.00770026 -0.00084685
v 0.00681482 0.00048756 -0.00053658
v 0.00823332 0.00018654 -0.00044111
v 0.00559799 -0.00695331 -0.00019092
v 0.00697412 -0.00724715 -0.00059887
v 0.00823332 0.00018654 -0.00044111
v 0.00847124 -0.00757470 -0.00079295
v 0.00976037 -0.00015116 -0.00054321
v -0.00744024 -0.01284883 0.00141726
v -0.00463093 -0.00548711 0.00202394
v -0.00647361 -0.00502729 0.00204266
v -0.00744024 -0.01284883 0.00141726
v -0.00800362 -0.00470629 0.00071228
v -0.00889131 -0.01253004 0.00046387
v -0.00744024 -0.01284883 0.00141726
v -0.01073786 -0.01998799 0.00230824
v -0.00938858 -0.02023165 0.00329074
v -0.00744024 -0.01284883 0.00141726
v -0.00781700 -0.02054183 0.00397024
v -0.00597315 -0.01321167 0.00105323
v -0.00497105 -0.01337723 0.00097251
v -0.00242810 -0.00597394 0.00011701
v -0.00335454 -0.00580672 0.00101513
v -0.00497105 -0.01337723 0.00097251
v -0.00463093 -0.00548711 0.00202394
v -0.00597315 -0.01321167 0.00105323
v -0.00497105 -0.01337723 0.00097251
v -0.00781700 -0.02054183 0.00397024
v -0.00623114 -0.02083849 0.00408233
v -0.00497105 -0.01337723 0.00097251
v -0.00505323 -0.02101928 0.00349627
v -0.00405187 -0.01349568 0.00052549
v -0.00329379 -0.01358295 -0.00027298
v -0.00051351 -0.00618343 -0.00041545
v -0.00142998 -0.00609459 -0.00020603
v -0.00329379 -0.01358295 -0.00027298
v -0.00242810 -0.00597394 0.00011701
v -0.00405187 -0.01349568 0.00052549
v -0.00329379 -0.01358295 -0.00027298
v -0.00505323 -0.02101928 0.00349627
v -0.00427773 -0.02107522 0.00266562
v -0.00329379 -0.01358295 -0.00027298
v -0.00356626 -0.02108941 0.00206356
v -0.00250689 -0.01364172 -0.00092617
v -0.00157374 -0.01372596 -0.00153922
v 0.00129528 -0.00631803 -0.00014172
v 0.00039393 -0.00625593 -0.00041723
v -0.00157374 -0.01372596 -0.00153922
v -0.00051351 -0.00618343 -0.00041545
v -0.00250689 -0.01364172 -0.00092617
v -0.00157374 -0.01372596 -0.00153922
v -0.00356626 -0.02108941 0.00206356
v -0.00303979 -0.02105055 0.00115856
v -0.00157374 -0.01372596 -0.00153922
v -0.00228740 -0.02108008 0.00051901
v -0.00032001 -0.01390412 -0.00194313
v 0.00074996 -0.01404472 -0.00173602
v 0.00322071 -0.00653347 -0.00002264
v 0.00219728 -0.00639890 0.00001754
v 0.00074996 -0.01404472 -0.00173602
v 0.00129528 -0.00631803 -0.00014172
v -0.00032001 -0.01390412 -0.00194313
v 0.00074996 -0.01404472 -0.00173602
v -0.00228740 -0.02108008 0.00051901
v -0.00131635 -0.02117430 0.00084751
v 0.00074996 -0.01404472 -0.00173602
v -0.00028750 -0.02130065 0.00076776
v 0.00129358 -0.01404351 -0.00151426
v 0.00204983 -0.01407371 -0.00185474
v 0.00559799 -0.00695331 -0.00019092
v 0.00435847 -0.00671703 -0.00011782
v 0.00204983 -0.01407371 -0.00185474
v 0.00322071 -0.00653347 -0.00002264
v 0.00129358 -0.01404351 -0.00151426
v 0.00204983 -0.01407371 -0.00185474
v -0.00028750 -0.02130065 0.00076776
v 0.00069777 -0.02142666 -0.00004860
v 0.00204983 -0.01407371 -0.00185474
v 0.00190307 -0.02163206 -0.00097585
v 0.00361373 -0.01429243 -0.00177887
v 0.00523811 -0.01459559 -0.00130534
v 0.00847124 -0.00757470 -0.00079295
v 0.00697412 -0.00724715 -0.00059887
v 0.00523811 -0.01459559 -0.00130534
v 0.00559799 -0.00695331 -0.00019092
v 0.00361373 -0.01429243 -0.00177887
v 0.00523811 -0.01459559 -0.00130534
v 0.00190307 -0.02163206 -0.00097585
v 0.00340443 -0.02191307 -0.00060763
v 0.00523811 -0.01459559 -0.00130534
v 0.00478871 -0.02216070 -0.00002584
v 0.00670398 -0.01489789 -0.00127735
v -0.01228168 -0.02712377 0.00302709
v -0.00781700 -0.02054183 0.00397024
v -0.00938858 -0.02023165 0.00329074
v -0.01228168 -0.02712377 0.00302709
v -0.01073786 -0.01998799 0.00230824
v -0.01340637 -0.02700109 0.00161972
v -0.01228168 -0.02712377 0.00302709
v -0.01602825 -0.03341232 0.00041960
v -0.01497765 -0.03359527 0.00159674
v -0.01228168 -0.02712377 0.00302709
v -0.01393236 -0.03378582 0.00286920
v -0.01087501 -0.02740190 0.00349069
v -0.00953239 -0.02766084 0.00349968
v -0.00505323 -0.02101928 0.00349627
v -0.00623114 -0.02083849 0.00408233
v -0.00953239 -0.02766084 0.00349968
v -0.00781700 -0.02054183 0.00397024
v -0.01087501 -0.02740190 0.00349069
v -0.00953239 -0.02766084 0.00349968
v -0.01393236 -0.03378582 0.00286920
v -0.01272631 -0.03400947 0.00292881
v -0.00953239 -0.02766084 0.00349968
v -0.01175422 -0.03409777 0.00214273
v -0.00837016 -0.02784056 0.00312503
v -0.00721750 -0.02800707 0.00293112
v -0.00356626 -0.02108941 0.00206356
v -0.00427773 -0.02107522 0.00266562
v -0.00721750 -0.02800707 0.00293112
v -0.00505323 -0.02101928 0.00349627
v -0.00837016 -0.02784056 0.00312503
v -0.00721750 -0.02800707 0.00293112
v -0.01175422 -0.03409777 0.00214273
v -0.01085521 -0.03415062 0.00131802
v -0.00721750 -0.02800707 0.00293112
v -0.00978847 -0.03428703 0.00078173
v -0.00611185 -0.02814777 0.00286719
v -0.00518028 -0.02821841 0.00297629
v -0.00228740 -0.02108008 0.00051901
v -0.00303979 -0.02105055 0.00115856
v -0.00518028 -0.02821841 0.00297629
v -0.00356626 -0.02108941 0.00206356
v -0.00611185 -0.02814777 0.00286719
v -0.00518028 -0.02821841 0.00297629
v -0.00978847 -0.03428703 0.00078173
v -0.00850780 -0.03451490 0.00080941
v -0.00518028 -0.02821841 0.00297629
v -0.00722992 -0.03473608 0.00096339
v -0.00458133 -0.02819589 0.00291492
v -0.00370289 -0.02832040 0.00296257
v -0.00028750 -0.02130065 0.00076776
v -0.00131635 -0.02117430 0.00084751
v -0.00370289 -0.02832040 0.00296257
v -0.00228740 -0.02108008 0.00051901
v -0.00458133 -0.02819589 0.00291492
v -0.00370289 -0.02832040 0.00296257
v -0.00722992 -0.03473608 0.00096339
v -0.00594654 -0.03497106 0.00065092
v -0.00370289 -0.02832040 0.00296257
v -0.00451929 -0.03526746 0.00058170
v -0.00215622 -0.02863687 0.00278800
v -0.00069800 -0.02884755 0.00193534
v 0.00190307 -0.02163206 -0.00097585
v 0.00069777 -0.02142666 -0.00004860
v -0.00069800 -0.02884755 0.00193534
v -0.00028750 -0.02130065 0.00076776
v -0.00215622 -0.02863687 0.00278800
v -0.00069800 -0.02884755 0.00193534
v -0.00451929 -0.03526746 0.00058170
v -0.00306238 -0.03557556 0.00038582
v -0.00069800 -0.02884755 0.00193534
v -0.00161203 -0.03589840 0.00014891
v 0.00034701 -0.02894974 0.00116555
v 0.00146697 -0.02909924 0.00120839
v 0.00478871 -0.02216070 -0.00002584
v 0.00340443 -0.02191307 -0.00060763
v 0.00146697 -0.02909924 0.00120839
v 0.00190307 -0.02163206 -0.00097585
v 0.00034701 -0.02894974 0.00116555
v 0.00146697 -0.02909924 0.00120839
v -0.00161203 -0.03589840 0.00014891
v -0.00020317 -0.03618659 0.00062887
v 0.00146697 -0.02909924 0.00120839
v 0.00135912 -0.03657194 0.00054655
v 0.00278162 -0.02933682 0.00142038
v -0.00159323 0.03725013 -0.00054484
v -0.00132832 0.04172184 -0.00075160
v -0.00272664 0.03750331 -0.00020351
v -0.00159323 0.03725013 -0.00054484
v -0.00359692 0.03393989 -0.00077961
v -0.00250818 0.03370330 -0.00028985
v -0.00159323 0.03725013 -0.00054484
v -0.00138082 0.03346080 0.00022879
v -0.00046608 0.03700641 -0.00134387
v -0.00159323 0.03725013 -0.00054484
v 0.00097782 0.04110103 -0.00186701
v -0.00012793 0.04137615 -0.00153160
v -0.00371071 0.03019025 0.00039100
v -0.00359692 0.03393989 -0.00077961
v -0.00480422 0.03044475 -0.00010293
v -0.00371071 0.03019025 0.00039100
v -0.00542196 0.02554669 -0.00005325
v -0.00426684 0.02523662 0.00058135
v -0.00371071 0.03019025 0.00039100
v -0.00303367 0.02489686 0.00097238
v -0.00254590 0.02991265 0.00087840
v -0.00371071 0.03019025 0.00039100
v -0.00138082 0.03346080 0.00022879
v -0.00250818 0.03370330 -0.00028985
v 0.00069160 0.03673343 -0.00130849
v 0.00097782 0.04110103 -0.00186701
v -0.00046608 0.03700641 -0.00134387
v 0.00069160 0.03673343 -0.00130849
v -0.00138082 0.03346080 0.00022879
v -0.00020980 0.03317346 0.00033436
v 0.00069160 0.03673343 -0.00130849
v 0.00101620 0.03286052 0.00061091
v 0.00188847 0.03643523 -0.00122665
v 0.00069160 0.03673343 -0.00130849
v 0.00314014 0.04049694 -0.00068449
v 0.00202224 0.04081556 -0.00144664
v -0.00128121 0.02954919 0.00093090
v -0.00138082 0.03346080 0.00022879
v -0.00254590 0.02991265 0.00087840
v -0.00128121 0.02954919 0.00093090
v -0.00303367 0.02489686 0.00097238
v -0.00171167 0.02449850 0.00088071
v -0.00128121 0.02954919 0.00093090
v -0.00036691 0.02404921 0.00061170
v 0.00002018 0.02910138 0.00057080
v -0.00128121 0.02954919 0.00093090
v 0.00101620 0.03286052 0.00061091
v -0.00020980 0.03317346 0.00033436
v 0.00311618 0.03610942 -0.00107987
v 0.00314014 0.04049694 -0.00068449
v 0.00188847 0.03643523 -0.00122665
v 0.00311618 0.03610942 -0.00107987
v 0.00101620 0.03286052 0.00061091
v 0.00227275 0.03249587 0.00071708
v 0.00311618 0.03610942 -0.00107987
v 0.00347274 0.03205787 -0.00001540
v 0.00439307 0.03574770 0.00018394
v 0.00311618 0.03610942 -0.00107987
v 0.00538695 0.04007954 -0.00061030
v 0.00426868 0.04028363 -0.00047088
v 0.00134155 0.02858696 0.00002658
v 0.00101620 0.03286052 0.00061091
v 0.00002018 0.02910138 0.00057080
v 0.00134155 0.02858696 0.00002658
v -0.00036691 0.02404921 0.00061170
v 0.00098317 0.02356267 -0.00026112
v 0.00134155 0.02858696 0.00002658
v 0.00236698 0.02304241 -0.00033247
v 0.00268512 0.02804101 -0.00044807
v 0.00134155 0.02858696 0.00002658
v 0.00347274 0.03205787 -0.00001540
v 0.00227275 0.03249587 0.00071708
v 0.00556455 0.03539547 0.00097621
v 0.00538695 0.04007954 -0.00061030
v 0.00439307 0.03574770 0.00018394
v 0.00556455 0.03539547 0.00097621
v 0.00347274 0.03205787 -0.00001540
v 0.00470277 0.03163282 -0.00028302
v 0.00556455 0.03539547 0.00097621
v 0.00591657 0.03120571 -0.00058276
v 0.00670239 0.03505493 0.00090118
v 0.00556455 0.03539547 0.00097621
v 0.00768432 0.03938647 -0.00015693
v 0.00655832 0.03974919 -0.00046336
v 0.00404909 0.02749823 -0.00066828
v 0.00347274 0.03205787 -0.00001540
v 0.00268512 0.02804101 -0.00044807
v 0.00404909 0.02749823 -0.00066828
v 0.00236698 0.02304241 -0.00033247
v 0.00374506 0.02251217 -0.00050270
v 0.00404909 0.02749823 -0.00066828
v 0.00510771 0.02198441 -0.00059246
v 0.00540258 0.02696346 -0.00079678
v 0.00404909 0.02749823 -0.00066828
v 0.00591657 0.03120571 -0.00058276
v 0.00470277 0.03163282 -0.00028302
v 0.00781421 0.03470179 0.00134967
v 0.00768432 0.03938647 -0.00015693
v 0.00670239 0.03505493 0.00090118
v 0.00781421 0.03470179 0.00134967
v 0.00591657 0.03120571 -0.00058276
v 0.00712427 0.03081141 -0.00051154
v 0.00781421 0.03470179 0.00134967
v 0.00828324 0.03041079 -0.00086209
v 0.00890416 0.03435962 0.00168132
v 0.00781421 0.03470179 0.00134967
v 0.00970669 0.03877602 0.00079333
v 0.00870541 0.03905869 0.00045866
v 0.00669721 0.02636489 -0.00164816
v 0.00591657 0.03120571 -0.00058276
v 0.00540258 0.02696346 -0.00079678
v 0.00669721 0.02636489 -0.00164816
v 0.00510771 0.02198441 -0.00059246
v 0.00644898 0.02147038 -0.00080402
v 0.00669721 0.02636489 -0.00164816
v 0.00771902 0.02100225 -0.00029757
v 0.00796756 0.02576357 -0.00262203
v 0.00669721 0.02636489 -0.00164816
v 0.00828324 0.03041079 -0.00086209
v 0.00712427 0.03081141 -0.00051154
v 0.01000559 0.03406001 0.00141441
v 0.00970669 0.03877602 0.00079333
v 0.00890416 0.03435962 0.00168132
v 0.01000559 0.03406001 0.00141441
v 0.00828324 0.03041079 -0.00086209
v 0.00941644 0.02999894 -0.00171481
v 0.01000559 0.03406001 0.00141441
v 0.01054760 0.02964301 -0.00201822
v 0.01111573 0.03380983 0.00071688
v 0.01000559 0.03406001 0.00141441
v 0.01179345 0.03830572 0.00080692
v 0.01073694 0.03852266 0.00082430
v 0.00922203 0.02538712 -0.00199787
v 0.00828324 0.03041079 -0.00086209
v 0.00796756 0.02576357 -0.00262203
v 0.00922203 0.02538712 -0.00199787
v 0.00771902 0.02100225 -0.00029757
v 0.00890087 0.02059635 0.00054454
v 0.00922203 0.02538712 -0.00199787
v 0.01000914 0.02024559 0.00128617
v 0.01040446 0.02509701 -0.00117339
v 0.00922203 0.02538712 -0.00199787
v 0.01054760 0.02964301 -0.00201822
v 0.00941644 0.02999894 -0.00171481
v 0.01221358 0.03355742 0.00045589
v 0.01179345 0.03830572 0.00080692
v 0.01111573 0.03380983 0.00071688
v 0.01221358 0.03355742 0.00045589
v 0.01054760 0.02964301 -0.00201822
v 0.01163598 0.02935940 -0.00178601
v 0.01221358 0.03355742 0.00045589
v 0.01266287 0.02913197 -0.00118225
v 0.01330621 0.03329791 0.00050565
v 0.01221358 0.03355742 0.00045589
v 0.01408859 0.03809496 -0.00002279
v 0.01292544 0.03817947 0.00043527
v 0.01145977 0.02489580 -0.00027105
v 0.01054760 0.02964301 -0.00201822
v 0.01040446 0.02509701 -0.00117339
v 0.01145977 0.02489580 -0.00027105
v 0.01000914 0.02024559 0.00128617
v 0.01113073 0.01992538 0.00144136
v 0.01145977 0.02489580 -0.00027105
v 0.01227033 0.01961732 0.00145848
v 0.01248569 0.02466289 0.00015125
v 0.01145977 0.02489580 -0.00027105
v 0.01266287 0.02913197 -0.00118225
v 0.01163598 0.02935940 -0.00178601
v 0.00589837 0.05319277 0.00155135
v 0.00595317 0.05462827 0.00156069
v 0.00527212 0.05407264 0.00121472
v 0.00589837 0.05319277 0.00155135
v 0.00363999 0.05194735 0.00151927
v 0.00467548 0.05098141 0.00151378
v 0.00589837 0.05319277 0.00155135
v 0.00559066 0.05018793 0.00157959
v 0.00659117 0.05251029 0.00183666
v 0.00589837 0.05319277 0.00155135
v 0.00683037 0.05393438 0.00143593
v 0.00642659 0.05445628 0.00147334
v 0.00223713 0.04646582 0.00106768
v 0.00363999 0.05194735 0.00151927
v 0.00123004 0.04721043 0.00051703
v 0.00223713 0.04646582 0.00106768
v -0.00132832 0.04172184 -0.00075160
v -0.00012793 0.04137615 -0.00153160
v 0.00223713 0.04646582 0.00106768
v 0.00097782 0.04110103 -0.00186701
v 0.00328237 0.04580261 0.00137789
v 0.00223713 0.04646582 0.00106768
v 0.00559066 0.05018793 0.00157959
v 0.00467548 0.05098141 0.00151378
v 0.00732216 0.05215693 0.00177944
v 0.00683037 0.05393438 0.00143593
v 0.00659117 0.05251029 0.00183666
v 0.00732216 0.05215693 0.00177944
v 0.00559066 0.05018793 0.00157959
v 0.00635026 0.04977185 0.00157052
v 0.00732216 0.05215693 0.00177944
v 0.00702414 0.04976942 0.00121279
v 0.00793307 0.05213480 0.00128475
v 0.00732216 0.05215693 0.00177944
v 0.00825549 0.05349093 0.00115681
v 0.00747759 0.05364574 0.00137581
v 0.00435197 0.04532248 0.00177530
v 0.00559066 0.05018793 0.00157959
v 0.00328237 0.04580261 0.00137789
v 0.00435197 0.04532248 0.00177530
v 0.00097782 0.04110103 -0.00186701
v 0.00202224 0.04081556 -0.00144664
v 0.00435197 0.04532248 0.00177530
v 0.00314014 0.04049694 -0.00068449
v 0.00557554 0.04508573 0.00193407
v 0.00435197 0.04532248 0.00177530
v 0.00702414 0.04976942 0.00121279
v 0.00635026 0.04977185 0.00157052
v 0.00814116 0.05252758 0.00067329
v 0.00825549 0.05349093 0.00115681
v 0.00793307 0.05213480 0.00128475
v 0.00814116 0.05252758 0.00067329
v 0.00702414 0.04976942 0.00121279
v 0.00736161 0.05024359 0.00066196
v 0.00814116 0.05252758 0.00067329
v 0.00749362 0.05065484 0.00023316
v 0.00835244 0.05287104 0.00035239
v 0.00814116 0.05252758 0.00067329
v 0.00906184 0.05381240 0.00048615
v 0.00881161 0.05351800 0.00071510
v 0.00639064 0.04534431 0.00144675
v 0.00702414 0.04976942 0.00121279
v 0.00557554 0.04508573 0.00193407
v 0.00639064 0.04534431 0.00144675
v 0.00314014 0.04049694 -0.00068449
v 0.00426868 0.04028363 -0.00047088
v 0.00639064 0.04534431 0.00144675
v 0.00538695 0.04007954 -0.00061030
v 0.00658941 0.04563926 0.00085668
v 0.00639064 0.04534431 0.00144675
v 0.00749362 0.05065484 0.00023316
v 0.00736161 0.05024359 0.00066196
v 0.00893201 0.05269363 0.00043829
v 0.00906184 0.05381240 0.00048615
v 0.00835244 0.05287104 0.00035239
v 0.00893201 0.05269363 0.00043829
v 0.00749362 0.05065484 0.00023316
v 0.00845280 0.05024586 -0.00052676
v 0.00893201 0.05269363 0.00043829
v 0.00964231 0.04954602 -0.00057341
v 0.00976716 0.05221113 0.00050065
v 0.00893201 0.05269363 0.00043829
v 0.00983533 0.05383497 0.00066517
v 0.00941082 0.05392441 0.00048452
v 0.00747968 0.04528943 0.00025402
v 0.00749362 0.05065484 0.00023316
v 0.00658941 0.04563926 0.00085668
v 0.00747968 0.04528943 0.00025402
v 0.00538695 0.04007954 -0.00061030
v 0.00655832 0.03974919 -0.00046336
v 0.00747968 0.04528943 0.00025402
v 0.00768432 0.03938647 -0.00015693
v 0.00866583 0.04472795 0.00014548
v 0.00747968 0.04528943 0.00025402
v 0.00964231 0.04954602 -0.00057341
v 0.00845280 0.05024586 -0.00052676
v 0.01045520 0.05183910 0.00052752
v 0.00983533 0.05383497 0.00066517
v 0.00976716 0.05221113 0.00050065
v 0.01045520 0.05183910 0.00052752
v 0.00964231 0.04954602 -0.00057341
v 0.01034169 0.04914830 -0.00003925
v 0.01045520 0.05183910 0.00052752
v 0.01092142 0.04892690 0.00030375
v 0.01102307 0.05157293 0.00065465
v 0.01045520 0.05183910 0.00052752
v 0.01090914 0.05317630 0.00103710
v 0.01036382 0.05352543 0.00082752
v 0.00964676 0.04439736 -0.00006130
v 0.00964231 0.04954602 -0.00057341
v 0.00866583 0.04472795 0.00014548
v 0.00964676 0.04439736 -0.00006130
v 0.00768432 0.03938647 -0.00015693
v 0.00870541 0.03905869 0.00045866
v 0.00964676 0.04439736 -0.00006130
v 0.00970669 0.03877602 0.00079333
v 0.01048284 0.04419004 -0.00010618
v 0.00964676 0.04439736 -0.00006130
v 0.01092142 0.04892690 0.00030375
v 0.01034169 0.04914830 -0.00003925
v 0.01157113 0.05139681 0.00083722
v 0.01090914 0.05317630 0.00103710
v 0.01102307 0.05157293 0.00065465
v 0.01157113 0.05139681 0.00083722
v 0.01092142 0.04892690 0.00030375
v 0.01153624 0.04876949 0.00046992
v 0.01157113 0.05139681 0.00083722
v 0.01225678 0.04880673 0.00055993
v 0.01221708 0.05139347 0.00102374
v 0.01157113 0.05139681 0.00083722
v 0.01217698 0.05285321 0.00124878
v 0.01148489 0.05295477 0.00117634
v 0.01128416 0.04398806 0.00019087
v 0.01092142 0.04892690 0.00030375
v 0.01048284 0.04419004 -0.00010618
v 0.01128416 0.04398806 0.00019087
v 0.00970669 0.03877602 0.00079333
v 0.01073694 0.03852266 0.00082430
v 0.01128416 0.04398806 0.00019087
v 0.01179345 0.03830572 0.00080692
v 0.01214521 0.04389988 0.00046717
v 0.01128416 0.04398806 0.00019087
v 0.01225678 0.04880673 0.00055993
v 0.01153624 0.04876949 0.00046992
v 0.01305391 0.05164032 0.00126900
v 0.01409702 0.04966028 0.00103291
v 0.01391943 0.05198242 0.00186811
v 0.01305391 0.05164032 0.00126900
v 0.01366896 0.05263148 0.00185571
v 0.01301186 0.05284152 0.00148294
v 0.01305391 0.05164032 0.00126900
v 0.01217698 0.05285321 0.00124878
v 0.01221708 0.05139347 0.00102374
v 0.01305391 0.05164032 0.00126900
v 0.01225678 0.04880673 0.00055993
v 0.01314869 0.04916352 0.00068978
v 0.01317507 0.04404924 0.00034025
v 0.01225678 0.04880673 0.00055993
v 0.01214521 0.04389988 0.00046717
v 0.01317507 0.04404924 0.00034025
v 0.01179345 0.03830572 0.00080692
v 0.01292544 0.03817947 0.00043527
v 0.01317507 0.04404924 0.00034025
v 0.01408859 0.03809496 -0.00002279
v 0.01423955 0.04428241 0.00042191
v 0.01317507 0.04404924 0.00034025
v 0.01409702 0.04966028 0.00103291
v 0.01314869 0.04916352 0.00068978
v -0.01681229 -0.03963595 0.00193138
v -0.01602825 -0.03341232 0.00041960
v -0.01808784 -0.03937905 0.00209648
v -0.01681229 -0.03963595 0.00193138
v -0.01860317 -0.04401126 0.00044731
v -0.01755614 -0.04423693 0.00011571
v -0.01681229 -0.03963595 0.00193138
v -0.01673375 -0.04438692 -0.00028347
v -0.01567404 -0.03986172 0.00179178
v -0.01681229 -0.03963595 0.00193138
v -0.01393236 -0.03378582 0.00286920
v -0.01497765 -0.03359527 0.00159674
v -0.01811916 -0.04650769 -0.00024382
v -0.01860317 -0.04401126 0.00044731
v -0.01911141 -0.04624126 -0.00010291
v -0.01811916 -0.04650769 -0.00024382
v -0.01908680 -0.04711399 -0.00021197
v -0.01841677 -0.04758814 -0.00035810
v -0.01811916 -0.04650769 -0.00024382
v -0.01747716 -0.04792814 -0.00016188
v -0.01719389 -0.04681656 -0.00003565
v -0.01811916 -0.04650769 -0.00024382
v -0.01673375 -0.04438692 -0.00028347
v -0.01755614 -0.04423693 0.00011571
v -0.01477049 -0.04000128 0.00125577
v -0.01393236 -0.03378582 0.00286920
v -0.01567404 -0.03986172 0.00179178
v -0.01477049 -0.04000128 0.00125577
v -0.01673375 -0.04438692 -0.00028347
v -0.01604372 -0.04456769 -0.00062836
v -0.01477049 -0.04000128 0.00125577
v -0.01502987 -0.04489158 -0.00066587
v -0.01382335 -0.04018608 0.00091523
v -0.01477049 -0.04000128 0.00125577
v -0.01175422 -0.03409777 0.00214273
v -0.01272631 -0.03400947 0.00292881
v -0.01641207 -0.04708412 -0.00030334
v -0.01673375 -0.04438692 -0.00028347
v -0.01719389 -0.04681656 -0.00003565
v -0.01641207 -0.04708412 -0.00030334
v -0.01747716 -0.04792814 -0.00016188
v -0.01660986 -0.04829581 -0.00013295
v -0.01641207 -0.04708412 -0.00030334
v -0.01572922 -0.04858783 -0.00040547
v -0.01548757 -0.04735232 -0.00070760
v -0.01641207 -0.04708412 -0.00030334
v -0.01502987 -0.04489158 -0.00066587
v -0.01604372 -0.04456769 -0.00062836
v -0.01267960 -0.04042564 0.00080474
v -0.01175422 -0.03409777 0.00214273
v -0.01382335 -0.04018608 0.00091523
v -0.01267960 -0.04042564 0.00080474
v -0.01502987 -0.04489158 -0.00066587
v -0.01378949 -0.04525793 -0.00037209
v -0.01267960 -0.04042564 0.00080474
v -0.01254589 -0.04553855 -0.00024888
v -0.01139174 -0.04070267 0.00116481
v -0.01267960 -0.04042564 0.00080474
v -0.00978847 -0.03428703 0.00078173
v -0.01085521 -0.03415062 0.00131802
v -0.01428792 -0.04765727 -0.00081027
v -0.01502987 -0.04489158 -0.00066587
v -0.01548757 -0.04735232 -0.00070760
v -0.01428792 -0.04765727 -0.00081027
v -0.01572922 -0.04858783 -0.00040547
v -0.01459371 -0.04882914 -0.00075696
v -0.01428792 -0.04765727 -0.00081027
v -0.01328942 -0.04910299 -0.00090082
v -0.01305033 -0.04797200 -0.00036036
v -0.01428792 -0.04765727 -0.00081027
v -0.01254589 -0.04553855 -0.00024888
v -0.01378949 -0.04525793 -0.00037209
v -0.01022318 -0.04086901 0.00093161
v -0.00978847 -0.03428703 0.00078173
v -0.01139174 -0.04070267 0.00116481
v -0.01022318 -0.04086901 0.00093161
v -0.01254589 -0.04553855 -0.00024888
v -0.01128945 -0.04579136 -0.00012549
v -0.01022318 -0.04086901 0.00093161
v -0.01001914 -0.04603299 0.00049854
v -0.00897390 -0.04107246 0.00064650
v -0.01022318 -0.04086901 0.00093161
v -0.00722992 -0.03473608 0.00096339
v -0.00850780 -0.03451490 0.00080941
v -0.01178261 -0.04822832 -0.00017283
v -0.01254589 -0.04553855 -0.00024888
v -0.01305033 -0.04797200 -0.00036036
v -0.01178261 -0.04822832 -0.00017283
v -0.01328942 -0.04910299 -0.00090082
v -0.01203901 -0.04939000 -0.00039366
v -0.01178261 -0.04822832 -0.00017283
v -0.01082767 -0.04962862 0.00044322
v -0.01049483 -0.04848331 0.00012879
v -0.01178261 -0.04822832 -0.00017283
v -0.01001914 -0.04603299 0.00049854
v -0.01128945 -0.04579136 -0.00012549
v -0.00763486 -0.04135167 -0.00005515
v -0.00722992 -0.03473608 0.00096339
v -0.00897390 -0.04107246 0.00064650
v -0.00763486 -0.04135167 -0.00005515
v -0.01001914 -0.04603299 0.00049854
v -0.00866473 -0.04629255 0.00064827
v -0.00763486 -0.04135167 -0.00005515
v -0.00721723 -0.04660905 0.00062445
v -0.00615517 -0.04166558 0.00011198
v -0.00763486 -0.04135167 -0.00005515
v -0.00451929 -0.03526746 0.00058170
v -0.00594654 -0.03497106 0.00065092
v -0.00918638 -0.04873361 0.00064459
v -0.01001914 -0.04603299 0.00049854
v -0.01049483 -0.04848331 0.00012879
v -0.00918638 -0.04873361 0.00064459
v -0.01082767 -0.04962862 0.00044322
v -0.00947779 -0.04989135 0.00080532
v -0.00918638 -0.04873361 0.00064459
v -0.00809857 -0.05012269 0.00167611
v -0.00782796 -0.04894792 0.00161914
v -0.00918638 -0.04873361 0.00064459
v -0.00721723 -0.04660905 0.00062445
v -0.00866473 -0.04629255 0.00064827
v -0.00459391 -0.04205675 -0.00016577
v -0.00451929 -0.03526746 0.00058170
v -0.00615517 -0.04166558 0.00011198
v -0.00459391 -0.04205675 -0.00016577
v -0.00721723 -0.04660905 0.00062445
v -0.00569121 -0.04693016 0.00102793
v -0.00459391 -0.04205675 -0.00016577
v -0.00405683 -0.04735653 0.00081216
v -0.00305532 -0.04237405 0.00049854
v -0.00459391 -0.04205675 -0.00016577
v -0.00161203 -0.03589840 0.00014891
v -0.00306238 -0.03557556 0.00038582
v -0.00625101 -0.04931763 0.00161210
v -0.00721723 -0.04660905 0.00062445
v -0.00782796 -0.04894792 0.00161914
v -0.00625101 -0.04931763 0.00161210
v -0.00809857 -0.05012269 0.00167611
v -0.00654280 -0.05045503 0.00201012
v -0.00625101 -0.04931763 0.00161210
v -0.00499808 -0.05078256 0.00250176
v -0.00464311 -0.04971420 0.00161223
v -0.00625101 -0.04931763 0.00161210
v -0.00405683 -0.04735653 0.00081216
v -0.00569121 -0.04693016 0.00102793
v -0.00165075 -0.04264159 0.00133880
v -0.00161203 -0.03589840 0.00014891
v -0.00305532 -0.04237405 0.00049854
v -0.00165075 -0.04264159 0.00133880
v -0.00405683 -0.04735653 0.00081216
v -0.00264382 -0.04759871 0.00180733
v -0.00165075 -0.04264159 0.00133880
v -0.00124654 -0.04786257 0.00264062
v -0.00038174 -0.04284559 0.00257103
v -0.00165075 -0.04264159 0.00133880
v 0.00135912 -0.03657194 0.00054655
v -0.00020317 -0.03618659 0.00062887
v -0.00322724 -0.04996268 0.00256930
v -0.00405683 -0.04735653 0.00081216
v -0.00464311 -0.04971420 0.00161223
v -0.00322724 -0.04996268 0.00256930
v -0.00499808 -0.05078256 0.00250176
v -0.00354254 -0.05107594 0.00315591
v -0.00322724 -0.04996268 0.00256930
v -0.00236090 -0.05103311 0.00337839
v -0.00175499 -0.05027374 0.00307273
v -0.00322724 -0.04996268 0.00256930
v -0.00124654 -0.04786257 0.00264062
v -0.00264382 -0.04759871 0.00180733
v -0.00299641 0.02490571 0.00014515
v -0.00319508 0.01750285 -0.00015122
v -0.00397922 0.02522569 -0.00019554
v -0.00505259 0.02552691 -0.00079427
v -0.00319508 0.01750285 -0.00015122
v -0.00430427 0.01784841 -0.00073069
v -0.00392801 0.00945454 -0.00005696
v -0.00319508 0.01750285 -0.00015122
v -0.00244165 0.00908848 -0.00043811
v -0.00116944 0.00872264 -0.00083361
v -0.00319508 0.01750285 -0.00015122
v -0.00207912 0.01721818 -0.00041649
v -0.00057270 0.02409689 -0.00018906
v -0.00089487 0.01696089 -0.00094832
v -0.00184364 0.02453740 0.00006405
v -0.00299641 0.02490571 0.00014515
v -0.00089487 0.01696089 -0.00094832
v -0.00207912 0.01721818 -0.00041649
v -0.00116944 0.00872264 -0.00083361
v -0.00089487 0.01696089 -0.00094832
v -0.00023965 0.00852941 -0.00094464
v 0.00062383 0.00845503 -0.00162652
v -0.00089487 0.01696089 -0.00094832
v 0.00028117 0.01667951 -0.00103912
v 0.00225178 0.02301892 -0.00115231
v 0.00143235 0.01636965 -0.00065520
v 0.00079069 0.02357332 -0.00106653
v -0.00057270 0.02409689 -0.00018906
v 0.00143235 0.01636965 -0.00065520
v 0.00028117 0.01667951 -0.00103912
v 0.00062383 0.00845503 -0.00162652
v 0.00143235 0.01636965 -0.00065520
v 0.00151900 0.00840289 -0.00208845
v 0.00232104 0.00836246 -0.00246206
v 0.00143235 0.01636965 -0.00065520
v 0.00247197 0.01610196 -0.00083049
v 0.00492582 0.02194262 -0.00139932
v 0.00355841 0.01582981 -0.00086694
v 0.00364409 0.02247944 -0.00132419
v 0.00225178 0.02301892 -0.00115231
v 0.00355841 0.01582981 -0.00086694
v 0.00247197 0.01610196 -0.00083049
v 0.00232104 0.00836246 -0.00246206
v 0.00355841 0.01582981 -0.00086694
v 0.00321439 0.00832251 -0.00284865
v 0.00420082 0.00824799 -0.00273061
v 0.00355841 0.01582981 -0.00086694
v 0.00470278 0.01554881 -0.00114687
v 0.00795850 0.02078575 -0.00106064
v 0.00603297 0.01521936 -0.00126125
v 0.00634090 0.02135231 -0.00161657
v 0.00492582 0.02194262 -0.00139932
v 0.00603297 0.01521936 -0.00126125
v 0.00470278 0.01554881 -0.00114687
v 0.00420082 0.00824799 -0.00273061
v 0.00603297 0.01521936 -0.00126125
v 0.00515066 0.00814600 -0.00212121
v 0.00598825 0.00805975 -0.00178124
v 0.00603297 0.01521936 -0.00126125
v 0.00716361 0.01488301 -0.00053006
v 0.01025472 0.02010866 0.00050705
v 0.00810470 0.01464136 -0.00025388
v 0.00921407 0.02039306 -0.00019559
v 0.00795850 0.02078575 -0.00106064
v 0.00810470 0.01464136 -0.00025388
v 0.00716361 0.01488301 -0.00053006
v 0.00598825 0.00805975 -0.00178124
v 0.00810470 0.01464136 -0.00025388
v 0.00681091 0.00795631 -0.00168919
v 0.00791969 0.00776589 -0.00167067
v 0.00810470 0.01464136 -0.00025388
v 0.00922806 0.01442119 -0.00049160
v 0.01243920 0.01954026 0.00065099
v 0.01055822 0.01411407 -0.00024121
v 0.01131167 0.01982678 0.00064007
v 0.01025472 0.02010866 0.00050705
v 0.01055822 0.01411407 -0.00024121
v 0.00922806 0.01442119 -0.00049160
v 0.00791969 0.00776589 -0.00167067
v 0.01055822 0.01411407 -0.00024121
v 0.00944311 0.00749755 -0.00197229
v 0.01097305 0.00715366 -0.00179955
v 0.01055822 0.01411407 -0.00024121
v 0.01186075 0.01376271 0.00035414
v -0.00116944 0.00872264 -0.00083361
v -0.00350783 0.00151220 -0.00134697
v -0.00244165 0.00908848 -0.00043811
v -0.00392801 0.00945454 -0.00005696
v -0.00350783 0.00151220 -0.00134697
v -0.00474611 0.00175551 -0.00282639
v -0.00750572 -0.00494194 0.00009331
v -0.00350783 0.00151220 -0.00134697
v -0.00615857 -0.00519766 0.00129686
v -0.00473078 -0.00551348 0.00120227
v -0.00350783 0.00151220 -0.00134697
v -0.00244795 0.00138186 -0.00003981
v 0.00062383 0.00845503 -0.00162652
v -0.00146552 0.00128471 0.00010240
v -0.00023965 0.00852941 -0.00094464
v -0.00116944 0.00872264 -0.00083361
v -0.00146552 0.00128471 0.00010240
v -0.00244795 0.00138186 -0.00003981
v -0.00473078 -0.00551348 0.00120227
v -0.00146552 0.00128471 0.00010240
v -0.00374736 -0.00571749 0.00029239
v -0.00285342 -0.00586656 -0.00058373
v -0.00146552 0.00128471 0.00010240
v -0.00059637 0.00117502 -0.00043981
v 0.00232104 0.00836246 -0.00246206
v 0.00034758 0.00106209 -0.00086176
v 0.00151900 0.00840289 -0.00208845
v 0.00062383 0.00845503 -0.00162652
v 0.00034758 0.00106209 -0.00086176
v -0.00059637 0.00117502 -0.00043981
v -0.00285342 -0.00586656 -0.00058373
v 0.00034758 0.00106209 -0.00086176
v -0.00173859 -0.00600022 -0.00096869
v -0.00070710 -0.00608907 -0.00121502
v 0.00034758 0.00106209 -0.00086176
v 0.00120801 0.00099286 -0.00095017
v 0.00420082 0.00824799 -0.00273061
v 0.00202277 0.00093458 -0.00101240
v 0.00321439 0.00832251 -0.00284865
v 0.00232104 0.00836246 -0.00246206
v 0.00202277 0.00093458 -0.00101240
v 0.00120801 0.00099286 -0.00095017
v -0.00070710 -0.00608907 -0.00121502
v 0.00202277 0.00093458 -0.00101240
v 0.00033412 -0.00616771 -0.00123851
v 0.00135444 -0.00625248 -0.00096508
v 0.00202277 0.00093458 -0.00101240
v 0.00288907 0.00087619 -0.00118728
v 0.00598825 0.00805975 -0.00178124
v 0.00375862 0.00083620 -0.00126285
v 0.00515066 0.00814600 -0.00212121
v 0.00420082 0.00824799 -0.00273061
v 0.00375862 0.00083620 -0.00126285
v 0.00288907 0.00087619 -0.00118728
v 0.00135444 -0.00625248 -0.00096508
v 0.00375862 0.00083620 -0.00126285
v 0.00228539 -0.00634913 -0.00080471
v 0.00321797 -0.00645906 -0.00084743
v 0.00375862 0.00083620 -0.00126285
v 0.00462534 0.00078020 -0.00112536
v 0.00791969 0.00776589 -0.00167067
v 0.00554919 0.00066576 -0.00098797
v 0.00681091 0.00795631 -0.00168919
v 0.00598825 0.00805975 -0.00178124
v 0.00554919 0.00066576 -0.00098797
v 0.00462534 0.00078020 -0.00112536
v 0.00321797 -0.00645906 -0.00084743
v 0.00554919 0.00066576 -0.00098797
v 0.00429547 -0.00662438 -0.00093839
v 0.00555556 -0.00687901 -0.00101459
v 0.00554919 0.00066576 -0.00098797
v 0.00670436 0.00046850 -0.00135734
v 0.01097305 0.00715366 -0.00179955
v 0.00817455 0.00016817 -0.00126709
v 0.00944311 0.00749755 -0.00197229
v 0.00791969 0.00776589 -0.00167067
v 0.00817455 0.00016817 -0.00126709
v 0.00670436 0.00046850 -0.00135734
v 0.00555556 -0.00687901 -0.00101459
v 0.00817455 0.00016817 -0.00126709
v 0.00693293 -0.00718830 -0.00142409
v 0.00841752 -0.00751941 -0.00161768
v 0.00817455 0.00016817 -0.00126709
v 0.00972234 -0.00016443 -0.00137047
v -0.00473078 -0.00551348 0.00120227
v -0.00721998 -0.01297186 0.00062943
v -0.00615857 -0.00519766 0.00129686
v -0.00750572 -0.00494194 0.00009331
v -0.00721998 -0.01297186 0.00062943
v -0.00842844 -0.01267189 -0.00020826
v -0.01025778 -0.02021221 0.00167421
v -0.00721998 -0.01297186 0.00062943
v -0.00907500 -0.02043285 0.00255183
v -0.00774766 -0.02068847 0.00315817
v -0.00721998 -0.01297186 0.00062943
v -0.00608937 -0.01330838 0.00023857
v -0.00285342 -0.00586656 -0.00058373
v -0.00529639 -0.01346767 0.00021589
v -0.00374736 -0.00571749 0.00029239
v -0.00473078 -0.00551348 0.00120227
v -0.00529639 -0.01346767 0.00021589
v -0.00608937 -0.01330838 0.00023857
v -0.00774766 -0.02068847 0.00315817
v -0.00529639 -0.01346767 0.00021589
v -0.00641741 -0.02090506 0.00327748
v -0.00546989 -0.02102028 0.00277949
v -0.00529639 -0.01346767 0.00021589
v -0.00454444 -0.01354473 -0.00013913
v -0.00070710 -0.00608907 -0.00121502
v -0.00378295 -0.01361270 -0.00093999
v -0.00173859 -0.00600022 -0.00096869
v -0.00285342 -0.00586656 -0.00058373
v -0.00378295 -0.01361270 -0.00093999
v -0.00454444 -0.01354473 -0.00013913
v -0.00546989 -0.02102028 0.00277949
v -0.00378295 -0.01361270 -0.00093999
v -0.00473435 -0.02110038 0.00197494
v -0.00402235 -0.02115656 0.00137677
v -0.00378295 -0.01361270 -0.00093999
v -0.00295932 -0.01364312 -0.00162081
v 0.00135444 -0.00625248 -0.00096508
v -0.00189712 -0.01371533 -0.00230176
v 0.00033412 -0.00616771 -0.00123851
v -0.00070710 -0.00608907 -0.00121502
v -0.00189712 -0.01371533 -0.00230176
v -0.00295932 -0.01364312 -0.00162081
v -0.00402235 -0.02115656 0.00137677
v -0.00189712 -0.01371533 -0.00230176
v -0.00349768 -0.02115038 0.00047561
v -0.00241153 -0.02131167 -0.00026615
v -0.00189712 -0.01371533 -0.00230176
v -0.00033185 -0.01394876 -0.00277001
v 0.00321797 -0.00645906 -0.00084743
v 0.00087454 -0.01412551 -0.00255075
v 0.00228539 -0.00634913 -0.00080471
v 0.00135444 -0.00625248 -0.00096508
v 0.00087454 -0.01412551 -0.00255075
v -0.00033185 -0.01394876 -0.00277001
v -0.00241153 -0.02131167 -0.00026615
v 0.00087454 -0.01412551 -0.00255075
v -0.00126805 -0.02144024 0.00006489
v -0.00054754 -0.02147069 0.00000004
v 0.00087454 -0.01412551 -0.00255075
v 0.00116275 -0.01404316 -0.00233214
v 0.00555556 -0.00687901 -0.00101459
v 0.00183411 -0.01401488 -0.00265225
v 0.00429547 -0.00662438 -0.00093839
v 0.00321797 -0.00645906 -0.00084743
v 0.00183411 -0.01401488 -0.00265225
v 0.00116275 -0.01404316 -0.00233214
v -0.00054754 -0.02147069 0.00000004
v 0.00183411 -0.01401488 -0.00265225
v 0.00026587 -0.02151412 -0.00074967
v 0.00178294 -0.02177347 -0.00178299
v 0.00183411 -0.01401488 -0.00265225
v 0.00361776 -0.01426955 -0.00260671
v 0.00841752 -0.00751941 -0.00161768
v 0.00532589 -0.01461514 -0.00212863
v 0.00693293 -0.00718830 -0.00142409
v 0.00555556 -0.00687901 -0.00101459
v 0.00532589 -0.01461514 -0.00212863
v 0.00361776 -0.01426955 -0.00260671
v 0.00178294 -0.02177347 -0.00178299
v 0.00532589 -0.01461514 -0.00212863
v 0.00355839 -0.02209718 -0.00140059
v 0.00495428 -0.02234642 -0.00081576
v 0.00532589 -0.01461514 -0.00212863
v 0.00675778 -0.01493019 -0.00210303
v -0.00774766 -0.02068847 0.00315817
v -0.01179664 -0.02725235 0.00236874
v -0.00907500 -0.02043285 0.00255183
v -0.01025778 -0.02021221 0.00167421
v -0.01179664 -0.02725235 0.00236874
v -0.01281955 -0.02715985 0.00105902
v -0.01557378 -0.03360179 -0.00024802
v -0.01179664 -0.02725235 0.00236874
v -0.01452556 -0.03373075 0.00091500
v -0.01373233 -0.03375368 0.00206633
v -0.01179664 -0.02725235 0.00236874
v -0.01067561 -0.02741831 0.00268761
v -0.00546989 -0.02102028 0.00277949
v -0.00967682 -0.02751265 0.00269818
v -0.00641741 -0.02090506 0.00327748
v -0.00774766 -0.02068847 0.00315817
v -0.00967682 -0.02751265 0.00269818
v -0.01067561 -0.02741831 0.00268761
v -0.01373233 -0.03375368 0.00206633
v -0.00967682 -0.02751265 0.00269818
v -0.01291993 -0.03380280 0.00215112
v -0.01208779 -0.03383003 0.00143405
v -0.00967682 -0.02751265 0.00269818
v -0.00869230 -0.02759794 0.00240166
v -0.00402235 -0.02115656 0.00137677
v -0.00749503 -0.02778143 0.00218480
v -0.00473435 -0.02110038 0.00197494
v -0.00546989 -0.02102028 0.00277949
v -0.00749503 -0.02778143 0.00218480
v -0.00869230 -0.02759794 0.00240166
v -0.01208779 -0.03383003 0.00143405
v -0.00749503 -0.02778143 0.00218480
v -0.01107060 -0.03393246 0.00054896
v -0.00985415 -0.03414213 -0.00003090
v -0.00749503 -0.02778143 0.00218480
v -0.00628330 -0.02799534 0.00207187
v -0.00241153 -0.02131167 -0.00026615
v -0.00534087 -0.02811688 0.00217045
v -0.00349768 -0.02115038 0.00047561
v -0.00402235 -0.02115656 0.00137677
v -0.00534087 -0.02811688 0.00217045
v -0.00628330 -0.02799534 0.00207187
v -0.00985415 -0.03414213 -0.00003090
v -0.00534087 -0.02811688 0.00217045
v -0.00849912 -0.03439820 -0.00001045
v -0.00730328 -0.03456727 0.00015602
v -0.00534087 -0.02811688 0.00217045
v -0.00467935 -0.02816691 0.00209298
v -0.00054754 -0.02147069 0.00000004
v -0.00370924 -0.02831142 0.00213445
v -0.00126805 -0.02144024 0.00006489
v -0.00241153 -0.02131167 -0.00026615
v -0.00370924 -0.02831142 0.00213445
v -0.00467935 -0.02816691 0.00209298
v -0.00730328 -0.03456727 0.00015602
v -0.00370924 -0.02831142 0.00213445
v -0.00602055 -0.03478341 -0.00015261
v -0.00459048 -0.03508632 -0.00022320
v -0.00370924 -0.02831142 0.00213445
v -0.00236135 -0.02856295 0.00198952
v 0.00178294 -0.02177347 -0.00178299
v -0.00107444 -0.02875543 0.00120288
v 0.00026587 -0.02151412 -0.00074967
v -0.00054754 -0.02147069 0.00000004
v -0.00107444 -0.02875543 0.00120288
v -0.00236135 -0.02856295 0.00198952
v -0.00459048 -0.03508632 -0.00022320
v -0.00107444 -0.02875543 0.00120288
v -0.00318229 -0.03542326 -0.00041903
v -0.00152288 -0.03586518 -0.00067385
v -0.00107444 -0.02875543 0.00120288
v 0.00020165 -0.02896428 0.00035076
v 0.00495428 -0.02234642 -0.00081576
v 0.00159381 -0.02918970 0.00039460
v 0.00355839 -0.02209718 -0.00140059
v 0.00178294 -0.02177347 -0.00178299
v 0.00159381 -0.02918970 0.00039460
v 0.00020165 -0.02896428 0.00035076
v -0.00152288 -0.03586518 -0.00067385
v 0.00159381 -0.02918970 0.00039460
v 0.00000433 -0.03624703 -0.00017085
v 0.00151957 -0.03665176 -0.00026209
v 0.00159381 -0.02918970 0.00039460
v 0.00290571 -0.02942041 0.00060588
v -0.00150046 0.04184788 -0.00155195
v -0.00180340 0.03720541 -0.00134499
v -0.00287638 0.03750892 -0.00101827
v -0.00341914 0.03382338 -0.00157989
v -0.00180340 0.03720541 -0.00134499
v -0.00238179 0.03354279 -0.00109292
v -0.00134930 0.03323469 -0.00056722
v -0.00180340 0.03720541 -0.00134499
v -0.00058494 0.03684971 -0.00214857
v 0.00104631 0.04124202 -0.00268017
v -0.00180340 0.03720541 -0.00134499
v -0.00027816 0.04153642 -0.00233038
v -0.00341914 0.03382338 -0.00157989
v -0.00340757 0.03004233 -0.00036663
v -0.00448618 0.03029133 -0.00085114
v -0.00505259 0.02552691 -0.00079427
v -0.00340757 0.03004233 -0.00036663
v -0.00397922 0.02522569 -0.00019554
v -0.00299641 0.02490571 0.00014515
v -0.00340757 0.03004233 -0.00036663
v -0.00239904 0.02980075 0.00007139
v -0.00134930 0.03323469 -0.00056722
v -0.00340757 0.03004233 -0.00036663
v -0.00238179 0.03354279 -0.00109292
v 0.00104631 0.04124202 -0.00268017
v 0.00079159 0.03651313 -0.00210054
v -0.00058494 0.03684971 -0.00214857
v -0.00134930 0.03323469 -0.00056722
v 0.00079159 0.03651313 -0.00210054
v -0.00022241 0.03294451 -0.00046138
v 0.00097708 0.03268366 -0.00019719
v 0.00079159 0.03651313 -0.00210054
v 0.00199482 0.03625099 -0.00202685
v 0.00333362 0.04067188 -0.00147054
v 0.00079159 0.03651313 -0.00210054
v 0.00231435 0.04092002 -0.00221466
v -0.00134930 0.03323469 -0.00056722
v -0.00133311 0.02950228 0.00010565
v -0.00239904 0.02980075 0.00007139
v -0.00299641 0.02490571 0.00014515
v -0.00133311 0.02950228 0.00010565
v -0.00184364 0.02453740 0.00006405
v -0.00057270 0.02409689 -0.00018906
v -0.00133311 0.02950228 0.00010565
v -0.00015295 0.02913182 -0.00023897
v 0.00097708 0.03268366 -0.00019719
v -0.00133311 0.02950228 0.00010565
v -0.00022241 0.03294451 -0.00046138
v 0.00333362 0.04067188 -0.00147054
v 0.00325564 0.03595558 -0.00188167
v 0.00199482 0.03625099 -0.00202685
v 0.00097708 0.03268366 -0.00019719
v 0.00325564 0.03595558 -0.00188167
v 0.00218783 0.03241916 -0.00010344
v 0.00344278 0.03211293 -0.00084123
v 0.00325564 0.03595558 -0.00188167
v 0.00461067 0.03563206 -0.00060580
v 0.00539600 0.04013083 -0.00143681
v 0.00325564 0.03595558 -0.00188167
v 0.00427102 0.04047683 -0.00127611
v 0.00097708 0.03268366 -0.00019719
v 0.00109171 0.02867725 -0.00075769
v -0.00015295 0.02913182 -0.00023897
v -0.00057270 0.02409689 -0.00018906
v 0.00109171 0.02867725 -0.00075769
v 0.00079069 0.02357332 -0.00106653
v 0.00225178 0.02301892 -0.00115231
v 0.00109171 0.02867725 -0.00075769
v 0.00251516 0.02811186 -0.00125599
v 0.00344278 0.03211293 -0.00084123
v 0.00109171 0.02867725 -0.00075769
v 0.00218783 0.03241916 -0.00010344
v 0.00539600 0.04013083 -0.00143681
v 0.00567158 0.03537261 0.00015490
v 0.00461067 0.03563206 -0.00060580
v 0.00344278 0.03211293 -0.00084123
v 0.00567158 0.03537261 0.00015490
v 0.00468564 0.03178315 -0.00109719
v 0.00590330 0.03140035 -0.00138764
v 0.00567158 0.03537261 0.00015490
v 0.00684994 0.03508187 0.00008620
v 0.00781880 0.03927186 -0.00096617
v 0.00567158 0.03537261 0.00015490
v 0.00661897 0.03968826 -0.00128680
v 0.00344278 0.03211293 -0.00084123
v 0.00393994 0.02753155 -0.00148873
v 0.00251516 0.02811186 -0.00125599
v 0.00225178 0.02301892 -0.00115231
v 0.00393994 0.02753155 -0.00148873
v 0.00364409 0.02247944 -0.00132419
v 0.00492582 0.02194262 -0.00139932
v 0.00393994 0.02753155 -0.00148873
v 0.00523081 0.02700164 -0.00160643
v 0.00590330 0.03140035 -0.00138764
v 0.00393994 0.02753155 -0.00148873
v 0.00468564 0.03178315 -0.00109719
v 0.00781880 0.03927186 -0.00096617
v 0.00803942 0.03476425 0.00055526
v 0.00684994 0.03508187 0.00008620
v 0.00590330 0.03140035 -0.00138764
v 0.00803942 0.03476425 0.00055526
v 0.00710185 0.03108921 -0.00129170
v 0.00815890 0.03076289 -0.00160115
v 0.00803942 0.03476425 0.00055526
v 0.00891033 0.03450704 0.00086643
v 0.00978446 0.03863217 -0.00001881
v 0.00803942 0.03476425 0.00055526
v 0.00889265 0.03890582 -0.00033341
v 0.00590330 0.03140035 -0.00138764
v 0.00641477 0.02640527 -0.00242604
v 0.00523081 0.02700164 -0.00160643
v 0.00492582 0.02194262 -0.00139932
v 0.00641477 0.02640527 -0.00242604
v 0.00634090 0.02135231 -0.00161657
v 0.00795850 0.02078575 -0.00106064
v 0.00641477 0.02640527 -0.00242604
v 0.00789138 0.02571393 -0.00344521
v 0.00815890 0.03076289 -0.00160115
v 0.00641477 0.02640527 -0.00242604
v 0.00710185 0.03108921 -0.00129170
v 0.00978446 0.03863217 -0.00001881
v 0.00981533 0.03428569 0.00064076
v 0.00891033 0.03450704 0.00086643
v 0.00815890 0.03076289 -0.00160115
v 0.00981533 0.03428569 0.00064076
v 0.00936476 0.03029070 -0.00248827
v 0.01067217 0.02980958 -0.00281974
v 0.00981533 0.03428569 0.00064076
v 0.01096247 0.03406541 -0.00005599
v 0.01164408 0.03829095 -0.00000722
v 0.00981533 0.03428569 0.00064076
v 0.01069455 0.03843968 0.00000144
v 0.00815890 0.03076289 -0.00160115
v 0.00943411 0.02521770 -0.00278052
v 0.00789138 0.02571393 -0.00344521
v 0.00795850 0.02078575 -0.00106064
v 0.00943411 0.02521770 -0.00278052
v 0.00921407 0.02039306 -0.00019559
v 0.01025472 0.02010866 0.00050705
v 0.00943411 0.02521770 -0.00278052
v 0.01070146 0.02484681 -0.00190460
v 0.01067217 0.02980958 -0.00281974
v 0.00943411 0.02521770 -0.00278052
v 0.00936476 0.03029070 -0.00248827
v 0.01164408 0.03829095 -0.00000722
v 0.01221641 0.03375341 -0.00034875
v 0.01096247 0.03406541 -0.00005599
v 0.01067217 0.02980958 -0.00281974
v 0.01221641 0.03375341 -0.00034875
v 0.01191351 0.02942614 -0.00256348
v 0.01298253 0.02914523 -0.00194740
v 0.01221641 0.03375341 -0.00034875
v 0.01338844 0.03344932 -0.00030433
v 0.01394236 0.03809795 -0.00083808
v 0.01221641 0.03375341 -0.00034875
v 0.01275191 0.03818510 -0.00037451
v 0.01067217 0.02980958 -0.00281974
v 0.01171923 0.02463513 -0.00101228
v 0.01070146 0.02484681 -0.00190460
v 0.01025472 0.02010866 0.00050705
v 0.01171923 0.02463513 -0.00101228
v 0.01131167 0.01982678 0.00064007
v 0.01243920 0.01954026 0.00065099
v 0.01171923 0.02463513 -0.00101228
v 0.01267252 0.02441774 -0.00061723
v 0.01298253 0.02914523 -0.00194740
v 0.01171923 0.02463513 -0.00101228
v 0.01191351 0.02942614 -0.00256348
v 0.00613529 0.05462638 0.00075264
v 0.00598714 0.05311134 0.00073192
v 0.00539951 0.05403030 0.00039760
v 0.00377049 0.05190015 0.00070311
v 0.00598714 0.05311134 0.00073192
v 0.00482934 0.05095416 0.00070027
v 0.00569686 0.05018284 0.00075864
v 0.00598714 0.05311134 0.00073192
v 0.00659864 0.05244021 0.00101144
v 0.00678089 0.05376618 0.00062648
v 0.00598714 0.05311134 0.00073192
v 0.00654232 0.05439280 0.00065574
v 0.00377049 0.05190015 0.00070311
v 0.00238017 0.04662467 0.00026755
v 0.00137228 0.04734230 -0.00028817
v -0.00150046 0.04184788 -0.00155195
v 0.00238017 0.04662467 0.00026755
v -0.00027816 0.04153642 -0.00233038
v 0.00104631 0.04124202 -0.00268017
v 0.00238017 0.04662467 0.00026755
v 0.00349630 0.04595858 0.00059351
v 0.00569686 0.05018284 0.00075864
v 0.00238017 0.04662467 0.00026755
v 0.00482934 0.05095416 0.00070027
v 0.00678089 0.05376618 0.00062648
v 0.00706158 0.05218627 0.00099356
v 0.00659864 0.05244021 0.00101144
v 0.00569686 0.05018284 0.00075864
v 0.00706158 0.05218627 0.00099356
v 0.00626823 0.04980147 0.00074708
v 0.00652507 0.04988592 0.00056222
v 0.00706158 0.05218627 0.00099356
v 0.00730617 0.05231369 0.00077530
v 0.00767473 0.05361653 0.00058188
v 0.00706158 0.05218627 0.00099356
v 0.00721464 0.05350420 0.00060393
v 0.00569686 0.05018284 0.00075864
v 0.00456074 0.04544920 0.00098454
v 0.00349630 0.04595858 0.00059351
v 0.00104631 0.04124202 -0.00268017
v 0.00456074 0.04544920 0.00098454
v 0.00231435 0.04092002 -0.00221466
v 0.00333362 0.04067188 -0.00147054
v 0.00456074 0.04544920 0.00098454
v 0.00548394 0.04528606 0.00113611
v 0.00652507 0.04988592 0.00056222
v 0.00456074 0.04544920 0.00098454
v 0.00626823 0.04980147 0.00074708
v 0.00767473 0.05361653 0.00058188
v 0.00739826 0.05283592 0.00048830
v 0.00730617 0.05231369 0.00077530
v 0.00652507 0.04988592 0.00056222
v 0.00739826 0.05283592 0.00048830
v 0.00658369 0.05044332 0.00045910
v 0.00684524 0.05086938 -0.00023399
v 0.00739826 0.05283592 0.00048830
v 0.00781383 0.05325814 -0.00014728
v 0.00896502 0.05396065 -0.00032295
v 0.00739826 0.05283592 0.00048830
v 0.00811420 0.05394938 0.00059471
v 0.00652507 0.04988592 0.00056222
v 0.00589190 0.04557518 0.00082610
v 0.00548394 0.04528606 0.00113611
v 0.00333362 0.04067188 -0.00147054
v 0.00589190 0.04557518 0.00082610
v 0.00427102 0.04047683 -0.00127611
v 0.00539600 0.04013083 -0.00143681
v 0.00589190 0.04557518 0.00082610
v 0.00602735 0.04580346 0.00026867
v 0.00684524 0.05086938 -0.00023399
v 0.00589190 0.04557518 0.00082610
v 0.00658369 0.05044332 0.00045910
v 0.00896502 0.05396065 -0.00032295
v 0.00897253 0.05283348 -0.00037697
v 0.00781383 0.05325814 -0.00014728
v 0.00684524 0.05086938 -0.00023399
v 0.00897253 0.05283348 -0.00037697
v 0.00828854 0.05037157 -0.00132904
v 0.00978828 0.04960899 -0.00138654
v 0.00897253 0.05283348 -0.00037697
v 0.00998747 0.05238081 -0.00027944
v 0.01001283 0.05389682 -0.00014156
v 0.00897253 0.05283348 -0.00037697
v 0.00955038 0.05395110 -0.00033171
v 0.00684524 0.05086938 -0.00023399
v 0.00731524 0.04532409 -0.00055642
v 0.00602735 0.04580346 0.00026867
v 0.00539600 0.04013083 -0.00143681
v 0.00731524 0.04532409 -0.00055642
v 0.00661897 0.03968826 -0.00128680
v 0.00781880 0.03927186 -0.00096617
v 0.00731524 0.04532409 -0.00055642
v 0.00873874 0.04469155 -0.00067870
v 0.00978828 0.04960899 -0.00138654
v 0.00731524 0.04532409 -0.00055642
v 0.00828854 0.05037157 -0.00132904
v 0.01001283 0.05389682 -0.00014156
v 0.01078494 0.05199952 -0.00021500
v 0.00998747 0.05238081 -0.00027944
v 0.00978828 0.04960899 -0.00138654
v 0.01078494 0.05199952 -0.00021500
v 0.01060086 0.04920094 -0.00082414
v 0.01118273 0.04899162 -0.00048020
v 0.01078494 0.05199952 -0.00021500
v 0.01133014 0.05171724 -0.00010075
v 0.01121847 0.05335593 0.00028932
v 0.01078494 0.05199952 -0.00021500
v 0.01059774 0.05365980 0.00004447
v 0.00978828 0.04960899 -0.00138654
v 0.00978383 0.04434236 -0.00087593
v 0.00873874 0.04469155 -0.00067870
v 0.00781880 0.03927186 -0.00096617
v 0.00978383 0.04434236 -0.00087593
v 0.00889265 0.03890582 -0.00033341
v 0.00978446 0.03863217 -0.00001881
v 0.00978383 0.04434236 -0.00087593
v 0.01064874 0.04414114 -0.00091616
v 0.01118273 0.04899162 -0.00048020
v 0.00978383 0.04434236 -0.00087593
v 0.01060086 0.04920094 -0.00082414
v 0.01121847 0.05335593 0.00028932
v 0.01178626 0.05153713 0.00005031
v 0.01133014 0.05171724 -0.00010075
v 0.01118273 0.04899162 -0.00048020
v 0.01178626 0.05153713 0.00005031
v 0.01175855 0.04883801 -0.00032561
v 0.01236261 0.04888952 -0.00025726
v 0.01178626 0.05153713 0.00005031
v 0.01237812 0.05154192 0.00022450
v 0.01236158 0.05300030 0.00045521
v 0.01178626 0.05153713 0.00005031
v 0.01171828 0.05313118 0.00040195
v 0.01118273 0.04899162 -0.00048020
v 0.01144752 0.04394725 -0.00061990
v 0.01064874 0.04414114 -0.00091616
v 0.00978446 0.03863217 -0.00001881
v 0.01144752 0.04394725 -0.00061990
v 0.01069455 0.03843968 0.00000144
v 0.01164408 0.03829095 -0.00000722
v 0.01144752 0.04394725 -0.00061990
v 0.01216272 0.04388672 -0.00036074
v 0.01236261 0.04888952 -0.00025726
v 0.01144752 0.04394725 -0.00061990
v 0.01175855 0.04883801 -0.00032561
v 0.01433117 0.04984095 0.00025897
v 0.01331116 0.05181706 0.00050139
v 0.01428881 0.05216519 0.00114934
v 0.01409881 0.05277475 0.00116275
v 0.01331116 0.05181706 0.00050139
v 0.01332632 0.05298279 0.00072986
v 0.01236158 0.05300030 0.00045521
v 0.01331116 0.05181706 0.00050139
v 0.01237812 0.05154192 0.00022450
v 0.01236261 0.04888952 -0.00025726
v 0.01331116 0.05181706 0.00050139
v 0.01327805 0.04928977 -0.00011827
v 0.01236261 0.04888952 -0.00025726
v 0.01312096 0.04407979 -0.00048563
v 0.01216272 0.04388672 -0.00036074
v 0.01164408 0.03829095 -0.00000722
v 0.01312096 0.04407979 -0.00048563
v 0.01275191 0.03818510 -0.00037451
v 0.01394236 0.03809795 -0.00083808
v 0.01312096 0.04407979 -0.00048563
v 0.01426147 0.04433927 -0.00040400
v 0.01433117 0.04984095 0.00025897
v 0.01312096 0.04407979 -0.00048563
v 0.01327805 0.04928977 -0.00011827
v -0.01557378 -0.03360179 -0.00024802
v -0.01670023 -0.03954030 0.00111640
v -0.01799193 -0.03933000 0.00127543
v -0.01872142 -0.04375962 -0.00033280
v -0.01670023 -0.03954030 0.00111640
v -0.01767544 -0.04401374 -0.00067341
v -0.01695412 -0.04419699 -0.00105774
v -0.01670023 -0.03954030 0.00111640
v -0.01571702 -0.03963304 0.00099714
v -0.01373233 -0.03375368 0.00206633
v -0.01670023 -0.03954030 0.00111640
v -0.01452556 -0.03373075 0.00091500
v -0.01872142 -0.04375962 -0.00033280
v -0.01815014 -0.04641346 -0.00106600
v -0.01923071 -0.04608556 -0.00090770
v -0.01918296 -0.04700700 -0.00102795
v -0.01815014 -0.04641346 -0.00106600
v -0.01834910 -0.04751929 -0.00118055
v -0.01744940 -0.04790568 -0.00098931
v -0.01815014 -0.04641346 -0.00106600
v -0.01728296 -0.04680431 -0.00085911
v -0.01695412 -0.04419699 -0.00105774
v -0.01815014 -0.04641346 -0.00106600
v -0.01767544 -0.04401374 -0.00067341
v -0.01373233 -0.03375368 0.00206633
v -0.01499098 -0.03969959 0.00051718
v -0.01571702 -0.03963304 0.00099714
v -0.01695412 -0.04419699 -0.00105774
v -0.01499098 -0.03969959 0.00051718
v -0.01626911 -0.04440625 -0.00140821
v -0.01504914 -0.04475340 -0.00148207
v -0.01499098 -0.03969959 0.00051718
v -0.01398398 -0.03992730 0.00014502
v -0.01208779 -0.03383003 0.00143405
v -0.01499098 -0.03969959 0.00051718
v -0.01291993 -0.03380280 0.00215112
v -0.01695412 -0.04419699 -0.00105774
v -0.01664368 -0.04711543 -0.00109767
v -0.01728296 -0.04680431 -0.00085911
v -0.01744940 -0.04790568 -0.00098931
v -0.01664368 -0.04711543 -0.00109767
v -0.01683642 -0.04834345 -0.00092764
v -0.01597427 -0.04867289 -0.00119190
v -0.01664368 -0.04711543 -0.00109767
v -0.01563550 -0.04738148 -0.00152193
v -0.01504914 -0.04475340 -0.00148207
v -0.01664368 -0.04711543 -0.00109767
v -0.01626911 -0.04440625 -0.00140821
v -0.01208779 -0.03383003 0.00143405
v -0.01269949 -0.04026851 -0.00000826
v -0.01398398 -0.03992730 0.00014502
v -0.01504914 -0.04475340 -0.00148207
v -0.01269949 -0.04026851 -0.00000826
v -0.01364511 -0.04513649 -0.00117834
v -0.01242383 -0.04543119 -0.00106064
v -0.01269949 -0.04026851 -0.00000826
v -0.01137843 -0.04060473 0.00034256
v -0.00985415 -0.03414213 -0.00003090
v -0.01269949 -0.04026851 -0.00000826
v -0.01107060 -0.03393246 0.00054896
v -0.01504914 -0.04475340 -0.00148207
v -0.01422846 -0.04761251 -0.00163511
v -0.01563550 -0.04738148 -0.00152193
v -0.01597427 -0.04867289 -0.00119190
v -0.01422846 -0.04761251 -0.00163511
v -0.01462068 -0.04880212 -0.00158418
v -0.01310091 -0.04893369 -0.00168893
v -0.01422846 -0.04761251 -0.00163511
v -0.01287795 -0.04787166 -0.00116391
v -0.01242383 -0.04543119 -0.00106064
v -0.01422846 -0.04761251 -0.00163511
v -0.01364511 -0.04513649 -0.00117834
v -0.00985415 -0.03414213 -0.00003090
v -0.01022257 -0.04079809 0.00010649
v -0.01137843 -0.04060473 0.00034256
v -0.01242383 -0.04543119 -0.00106064
v -0.01022257 -0.04079809 0.00010649
v -0.01116126 -0.04571672 -0.00094022
v -0.00990775 -0.04600863 -0.00032162
v -0.01022257 -0.04079809 0.00010649
v -0.00906330 -0.04101708 -0.00017489
v -0.00730328 -0.03456727 0.00015602
v -0.01022257 -0.04079809 0.00010649
v -0.00849912 -0.03439820 -0.00001045
v -0.01242383 -0.04543119 -0.00106064
v -0.01154045 -0.04820464 -0.00096379
v -0.01287795 -0.04787166 -0.00116391
v -0.01310091 -0.04893369 -0.00168893
v -0.01154045 -0.04820464 -0.00096379
v -0.01175186 -0.04933611 -0.00116724
v -0.01055950 -0.04979490 -0.00032289
v -0.01154045 -0.04820464 -0.00096379
v -0.01023839 -0.04855864 -0.00065449
v -0.00990775 -0.04600863 -0.00032162
v -0.01154045 -0.04820464 -0.00096379
v -0.01116126 -0.04571672 -0.00094022
v -0.00730328 -0.03456727 0.00015602
v -0.00773406 -0.04132943 -0.00087725
v -0.00906330 -0.04101708 -0.00017489
v -0.00990775 -0.04600863 -0.00032162
v -0.00773406 -0.04132943 -0.00087725
v -0.00859534 -0.04637145 -0.00017316
v -0.00714640 -0.04679222 -0.00018032
v -0.00773406 -0.04132943 -0.00087725
v -0.00616695 -0.04168740 -0.00071581
v -0.00459048 -0.03508632 -0.00022320
v -0.00773406 -0.04132943 -0.00087725
v -0.00602055 -0.03478341 -0.00015261
v -0.00990775 -0.04600863 -0.00032162
v -0.00891456 -0.04887918 -0.00012394
v -0.01023839 -0.04855864 -0.00065449
v -0.01055950 -0.04979490 -0.00032289
v -0.00891456 -0.04887918 -0.00012394
v -0.00915126 -0.05008658 0.00006959
v -0.00785173 -0.05029748 0.00090631
v -0.00891456 -0.04887918 -0.00012394
v -0.00763896 -0.04915826 0.00084037
v -0.00714640 -0.04679222 -0.00018032
v -0.00891456 -0.04887918 -0.00012394
v -0.00859534 -0.04637145 -0.00017316
v -0.00459048 -0.03508632 -0.00022320
v -0.00457133 -0.04210868 -0.00099203
v -0.00616695 -0.04168740 -0.00071581
v -0.00714640 -0.04679222 -0.00018032
v -0.00457133 -0.04210868 -0.00099203
v -0.00568546 -0.04712251 0.00022237
v -0.00384763 -0.04756481 0.00003814
v -0.00457133 -0.04210868 -0.00099203
v -0.00281676 -0.04248332 -0.00028629
v -0.00152288 -0.03586518 -0.00067385
v -0.00457133 -0.04210868 -0.00099203
v -0.00318229 -0.03542326 -0.00041903
v -0.00714640 -0.04679222 -0.00018032
v -0.00625113 -0.04958823 0.00082930
v -0.00763896 -0.04915826 0.00084037
v -0.00785173 -0.05029748 0.00090631
v -0.00625113 -0.04958823 0.00082930
v -0.00651291 -0.05075793 0.00123999
v -0.00485030 -0.05124916 0.00183285
v -0.00625113 -0.04958823 0.00082930
v -0.00449758 -0.05008111 0.00088472
v -0.00384763 -0.04756481 0.00003814
v -0.00625113 -0.04958823 0.00082930
v -0.00568546 -0.04712251 0.00022237
v -0.00152288 -0.03586518 -0.00067385
v -0.00127413 -0.04280016 0.00061866
v -0.00281676 -0.04248332 -0.00028629
v -0.00384763 -0.04756481 0.00003814
v -0.00127413 -0.04280016 0.00061866
v -0.00223678 -0.04780972 0.00111729
v -0.00085597 -0.04805454 0.00193605
v -0.00127413 -0.04280016 0.00061866
v 0.00000355 -0.04302253 0.00185815
v 0.00151957 -0.03665176 -0.00026209
v -0.00127413 -0.04280016 0.00061866
v 0.00000433 -0.03624703 -0.00017085
v -0.00384763 -0.04756481 0.00003814
v -0.00295220 -0.05033740 0.00188421
v -0.00449758 -0.05008111 0.00088472
v -0.00485030 -0.05124916 0.00183285
v -0.00295220 -0.05033740 0.00188421
v -0.00334102 -0.05153021 0.00249437
v -0.00221097 -0.05144258 0.00267464
v -0.00295220 -0.05033740 0.00188421
v -0.00152283 -0.05059927 0.00234644
v -0.00085597 -0.04805454 0.00193605
v -0.00295220 -0.05033740 0.00188421
v -0.00223678 -0.04780972 0.00111729
v -0.00480422 0.03044475 -0.00010293
v -0.00341914 0.03382338 -0.00157989
v -0.00448618 0.03029133 -0.00085114
v -0.01572922 -0.04858783 -0.00040547
v -0.01683642 -0.04834345 -0.00092764
v -0.01597427 -0.04867289 -0.00119190
v 0.01423955 0.04428241 0.00042191
v 0.01394236 0.03809795 -0.00083808
v 0.01426147 0.04433927 -0.00040400
v 0.01148489 0.05295477 0.00117634
v 0.01236158 0.05300030 0.00045521
v 0.01171828 0.05313118 0.00040195
v 0.00847124 -0.00757470 -0.00079295
v 0.00675778 -0.01493019 -0.00210303
v 0.00841752 -0.00751941 -0.00161768
v 0.00825549 0.05349093 0.00115681
v 0.00811420 0.05394938 0.00059471
v 0.00767473 0.05361653 0.00058188
v 0.00478871 -0.02216070 -0.00002584
v 0.00290571 -0.02942041 0.00060588
v 0.00495428 -0.02234642 -0.00081576
v -0.01082767 -0.04962862 0.00044322
v -0.01175186 -0.04933611 -0.00116724
v -0.01055950 -0.04979490 -0.00032289
v 0.01301186 0.05284152 0.00148294
v 0.01409881 0.05277475 0.00116275
v 0.01332632 0.05298279 0.00072986
v 0.00670398 -0.01489789 -0.00127735
v 0.00495428 -0.02234642 -0.00081576
v 0.00675778 -0.01493019 -0.00210303
v -0.00499808 -0.05078256 0.00250176
v -0.00651291 -0.05075793 0.00123999
v -0.00485030 -0.05124916 0.00183285
v 0.01036382 0.05352543 0.00082752
v 0.01121847 0.05335593 0.00028932
v 0.01059774 0.05365980 0.00004447
v -0.01340637 -0.02700109 0.00161972
v -0.01025778 -0.02021221 0.00167421
v -0.01281955 -0.02715985 0.00105902
v -0.01459371 -0.04882914 -0.00075696
v -0.01597427 -0.04867289 -0.00119190
v -0.01462068 -0.04880212 -0.00158418
v -0.01841677 -0.04758814 -0.00035810
v -0.01918296 -0.04700700 -0.00102795
v -0.01834910 -0.04751929 -0.00118055
v -0.00517443 0.00191334 -0.00213597
v -0.00392801 0.00945454 -0.00005696
v -0.00474611 0.00175551 -0.00282639
v 0.00123004 0.04721043 0.00051703
v 0.00377049 0.05190015 0.00070311
v 0.00137228 0.04734230 -0.00028817
v -0.00236090 -0.05103311 0.00337839
v -0.00334102 -0.05153021 0.00249437
v -0.00221097 -0.05144258 0.00267464
v 0.00881161 0.05351800 0.00071510
v 0.00896502 0.05396065 -0.00032295
v 0.00811420 0.05394938 0.00059471
v 0.01217698 0.05285321 0.00124878
v 0.01332632 0.05298279 0.00072986
v 0.01236158 0.05300030 0.00045521
v -0.01203901 -0.04939000 -0.00039366
v -0.01310091 -0.04893369 -0.00168893
v -0.01175186 -0.04933611 -0.00116724
v 0.01162439 0.01363700 0.00113717
v 0.01097305 0.00715366 -0.00179955
v 0.01186075 0.01376271 0.00035414
v 0.00642659 0.05445628 0.00147334
v 0.00678089 0.05376618 0.00062648
v 0.00654232 0.05439280 0.00065574
v 0.00527212 0.05407264 0.00121472
v 0.00613529 0.05462638 0.00075264
v 0.00539951 0.05403030 0.00039760
v -0.01602825 -0.03341232 0.00041960
v -0.01281955 -0.02715985 0.00105902
v -0.01557378 -0.03360179 -0.00024802
v -0.00272664 0.03750331 -0.00020351
v -0.00150046 0.04184788 -0.00155195
v -0.00287638 0.03750892 -0.00101827
v -0.00354254 -0.05107594 0.00315591
v -0.00485030 -0.05124916 0.00183285
v -0.00334102 -0.05153021 0.00249437
v -0.00411622 0.00939944 0.00074799
v -0.00430427 0.01784841 -0.00073069
v -0.00392801 0.00945454 -0.00005696
v 0.01409702 0.04966028 0.00103291
v 0.01426147 0.04433927 -0.00040400
v 0.01433117 0.04984095 0.00025897
v 0.01227033 0.01961732 0.00145848
v 0.01186075 0.01376271 0.00035414
v 0.01243920 0.01954026 0.00065099
v 0.00941082 0.05392441 0.00048452
v 0.01001283 0.05389682 -0.00014156
v 0.00955038 0.05395110 -0.00033171
v 0.01391943 0.05198242 0.00186811
v 0.01433117 0.04984095 0.00025897
v 0.01428881 0.05216519 0.00114934
v -0.00456896 0.01783195 0.00005394
v -0.00505259 0.02552691 -0.00079427
v -0.00430427 0.01784841 -0.00073069
v 0.00278162 -0.02933682 0.00142038
v 0.00151957 -0.03665176 -0.00026209
v 0.00290571 -0.02942041 0.00060588
v 0.00135912 -0.03657194 0.00054655
v 0.00000355 -0.04302253 0.00185815
v 0.00151957 -0.03665176 -0.00026209
v 0.00363999 0.05194735 0.00151927
v 0.00539951 0.05403030 0.00039760
v 0.00377049 0.05190015 0.00070311
v -0.00175499 -0.05027374 0.00307273
v -0.00221097 -0.05144258 0.00267464
v -0.00152283 -0.05059927 0.00234644
v 0.00595317 0.05462827 0.00156069
v 0.00654232 0.05439280 0.00065574
v 0.00613529 0.05462638 0.00075264
v -0.01860317 -0.04401126 0.00044731
v -0.01799193 -0.03933000 0.00127543
v -0.01872142 -0.04375962 -0.00033280
v 0.01408859 0.03809496 -0.00002279
v 0.01338844 0.03344932 -0.00030433
v 0.01394236 0.03809795 -0.00083808
v -0.00359692 0.03393989 -0.00077961
v -0.00287638 0.03750892 -0.00101827
v -0.00341914 0.03382338 -0.00157989
v -0.01808784 -0.03937905 0.00209648
v -0.01557378 -0.03360179 -0.00024802
v -0.01799193 -0.03933000 0.00127543
v -0.00654280 -0.05045503 0.00201012
v -0.00785173 -0.05029748 0.00090631
v -0.00651291 -0.05075793 0.00123999
v -0.01073786 -0.01998799 0.00230824
v -0.00842844 -0.01267189 -0.00020826
v -0.01025778 -0.02021221 0.00167421
v -0.00947779 -0.04989135 0.00080532
v -0.01055950 -0.04979490 -0.00032289
v -0.00915126 -0.05008658 0.00006959
v -0.00542196 0.02554669 -0.00005325
v -0.00448618 0.03029133 -0.00085114
v -0.00505259 0.02552691 -0.00079427
v -0.00800362 -0.00470629 0.00071228
v -0.00474611 0.00175551 -0.00282639
v -0.00750572 -0.00494194 0.00009331
v -0.00132832 0.04172184 -0.00075160
v 0.00137228 0.04734230 -0.00028817
v -0.00150046 0.04184788 -0.00155195
v 0.01266287 0.02913197 -0.00118225
v 0.01267252 0.02441774 -0.00061723
v 0.01298253 0.02914523 -0.00194740
v -0.00809857 -0.05012269 0.00167611
v -0.00915126 -0.05008658 0.00006959
v -0.00785173 -0.05029748 0.00090631
v -0.01908680 -0.04711399 -0.00021197
v -0.01923071 -0.04608556 -0.00090770
v -0.01918296 -0.04700700 -0.00102795
v -0.00889131 -0.01253004 0.00046387
v -0.00750572 -0.00494194 0.00009331
v -0.00842844 -0.01267189 -0.00020826
v 0.00976037 -0.00015116 -0.00054321
v 0.00841752 -0.00751941 -0.00161768
v 0.00972234 -0.00016443 -0.00137047
v -0.00038174 -0.04284559 0.00257103
v -0.00085597 -0.04805454 0.00193605
v 0.00000355 -0.04302253 0.00185815
v 0.01090914 0.05317630 0.00103710
v 0.01171828 0.05313118 0.00040195
v 0.01121847 0.05335593 0.00028932
v -0.01660986 -0.04829581 -0.00013295
v -0.01744940 -0.04790568 -0.00098931
v -0.01683642 -0.04834345 -0.00092764
v 0.00747759 0.05364574 0.00137581
v 0.00767473 0.05361653 0.00058188
v 0.00721464 0.05350420 0.00060393
v 0.01248569 0.02466289 0.00015125
v 0.01243920 0.01954026 0.00065099
v 0.01267252 0.02441774 -0.00061723
v -0.01747716 -0.04792814 -0.00016188
v -0.01834910 -0.04751929 -0.00118055
v -0.01744940 -0.04790568 -0.00098931
v 0.01366896 0.05263148 0.00185571
v 0.01428881 0.05216519 0.00114934
v 0.01409881 0.05277475 0.00116275
v -0.01911141 -0.04624126 -0.00010291
v -0.01872142 -0.04375962 -0.00033280
v -0.01923071 -0.04608556 -0.00090770
v 0.01330621 0.03329791 0.00050565
v 0.01298253 0.02914523 -0.00194740
v 0.01338844 0.03344932 -0.00030433
v 0.00906184 0.05381240 0.00048615
v 0.00955038 0.05395110 -0.00033171
v 0.00896502 0.05396065 -0.00032295
v -0.01328942 -0.04910299 -0.00090082
v -0.01462068 -0.04880212 -0.00158418
v -0.01310091 -0.04893369 -0.00168893
v 0.01084413 0.00709740 -0.00098324
v 0.00972234 -0.00016443 -0.00137047
v 0.01097305 0.00715366 -0.00179955
v 0.00983533 0.05383497 0.00066517
v 0.01059774 0.05365980 0.00004447
v 0.01001283 0.05389682 -0.00014156
v -0.00124654 -0.04786257 0.00264062
v -0.00152283 -0.05059927 0.00234644
v -0.00085597 -0.04805454 0.00193605
v 0.00683037 0.05393438 0.00143593
v 0.00721464 0.05350420 0.00060393
v 0.00678089 0.05376618 0.00062648
v -0.00326541 0.01748639 0.00067362
v -0.00192557 0.01718919 0.00039687
v -0.00303367 0.02489686 0.00097238
v -0.00326541 0.01748639 0.00067362
v -0.00426684 0.02523662 0.00058135
v -0.00542196 0.02554669 -0.00005325
v -0.00326541 0.01748639 0.00067362
v -0.00456896 0.01783195 0.00005394
v -0.00411622 0.00939944 0.00074799
v -0.00326541 0.01748639 0.00067362
v -0.00255807 0.00905806 0.00038165
v -0.00111626 0.00875429 -0.00000760
v -0.00069994 0.01691915 -0.00014377
v 0.00043589 0.01663466 -0.00022668
v -0.00036691 0.02404921 0.00061170
v -0.00069994 0.01691915 -0.00014377
v -0.00171167 0.02449850 0.00088071
v -0.00303367 0.02489686 0.00097238
v -0.00069994 0.01691915 -0.00014377
v -0.00192557 0.01718919 0.00039687
v -0.00111626 0.00875429 -0.00000760
v -0.00069994 0.01691915 -0.00014377
v 0.00003130 0.00855890 -0.00016320
v 0.00090796 0.00844675 -0.00084852
v 0.00153856 0.01631964 0.00016479
v 0.00260778 0.01603985 -0.00001591
v 0.00236698 0.02304241 -0.00033247
v 0.00153856 0.01631964 0.00016479
v 0.00098317 0.02356267 -0.00026112
v -0.00036691 0.02404921 0.00061170
v 0.00153856 0.01631964 0.00016479
v 0.00043589 0.01663466 -0.00022668
v 0.00090796 0.00844675 -0.00084852
v 0.00153856 0.01631964 0.00016479
v 0.00172938 0.00838127 -0.00128693
v 0.00252325 0.00833948 -0.00165893
v 0.00366377 0.01575247 -0.00004906
v 0.00473104 0.01548413 -0.00032185
v 0.00510771 0.02198441 -0.00059246
v 0.00366377 0.01575247 -0.00004906
v 0.00374506 0.02251217 -0.00050270
v 0.00236698 0.02304241 -0.00033247
v 0.00366377 0.01575247 -0.00004906
v 0.00260778 0.01603985 -0.00001591
v 0.00252325 0.00833948 -0.00165893
v 0.00366377 0.01575247 -0.00004906
v 0.00332240 0.00830515 -0.00202751
v 0.00411074 0.00825453 -0.00190737
v 0.00580521 0.01520993 -0.00046491
v 0.00683092 0.01488581 0.00022816
v 0.00771902 0.02100225 -0.00029757
v 0.00580521 0.01520993 -0.00046491
v 0.00644898 0.02147038 -0.00080402
v 0.00510771 0.02198441 -0.00059246
v 0.00580521 0.01520993 -0.00046491
v 0.00473104 0.01548413 -0.00032185
v 0.00411074 0.00825453 -0.00190737
v 0.00580521 0.01520993 -0.00046491
v 0.00488641 0.00817704 -0.00133696
v 0.00575605 0.00807010 -0.00098655
v 0.00792723 0.01457971 0.00055249
v 0.00914706 0.01429922 0.00032354
v 0.01000914 0.02024559 0.00128617
v 0.00792723 0.01457971 0.00055249
v 0.00890087 0.02059635 0.00054454
v 0.00771902 0.02100225 -0.00029757
v 0.00792723 0.01457971 0.00055249
v 0.00683092 0.01488581 0.00022816
v 0.00575605 0.00807010 -0.00098655
v 0.00792723 0.01457971 0.00055249
v 0.00677983 0.00791500 -0.00086267
v 0.00797555 0.00770026 -0.00084685
v 0.01039234 0.01398315 0.00055983
v 0.01162439 0.01363700 0.00113717
v 0.01227033 0.01961732 0.00145848
v 0.01039234 0.01398315 0.00055983
v 0.01113073 0.01992538 0.00144136
v 0.01000914 0.02024559 0.00128617
v 0.01039234 0.01398315 0.00055983
v 0.00914706 0.01429922 0.00032354
v 0.00797555 0.00770026 -0.00084685
v 0.01039234 0.01398315 0.00055983
v 0.00938419 0.00743333 -0.00114857
v 0.01084413 0.00709740 -0.00098324
v -0.00386014 0.00167367 -0.00061527
v -0.00249988 0.00149227 0.00077957
v -0.00111626 0.00875429 -0.00000760
v -0.00386014 0.00167367 -0.00061527
v -0.00255807 0.00905806 0.00038165
v -0.00411622 0.00939944 0.00074799
v -0.00386014 0.00167367 -0.00061527
v -0.00517443 0.00191334 -0.00213597
v -0.00800362 -0.00470629 0.00071228
v -0.00386014 0.00167367 -0.00061527
v -0.00647361 -0.00502729 0.00204266
v -0.00463093 -0.00548711 0.00202394
v -0.00113092 0.00127025 0.00085975
v -0.00019138 0.00113230 0.00028119
v 0.00090796 0.00844675 -0.00084852
v -0.00113092 0.00127025 0.00085975
v 0.00003130 0.00855890 -0.00016320
v -0.00111626 0.00875429 -0.00000760
v -0.00113092 0.00127025 0.00085975
v -0.00249988 0.00149227 0.00077957
v -0.00463093 -0.00548711 0.00202394
v -0.00113092 0.00127025 0.00085975
v -0.00335454 -0.00580672 0.00101513
v -0.00242810 -0.00597394 0.00011701
v 0.00059814 0.00106589 -0.00007288
v 0.00135797 0.00103354 -0.00013653
v 0.00252325 0.00833948 -0.00165893
v 0.00059814 0.00106589 -0.00007288
v 0.00172938 0.00838127 -0.00128693
v 0.00090796 0.00844675 -0.00084852
v 0.00059814 0.00106589 -0.00007288
v -0.00019138 0.00113230 0.00028119
v -0.00242810 -0.00597394 0.00011701
v 0.00059814 0.00106589 -0.00007288
v -0.00142998 -0.00609459 -0.00020603
v -0.00051351 -0.00618343 -0.00041545
v 0.00208387 0.00101120 -0.00019021
v 0.00282433 0.00098143 -0.00036806
v 0.00411074 0.00825453 -0.00190737
v 0.00208387 0.00101120 -0.00019021
v 0.00332240 0.00830515 -0.00202751
v 0.00252325 0.00833948 -0.00165893
v 0.00208387 0.00101120 -0.00019021
v 0.00135797 0.00103354 -0.00013653
v -0.00051351 -0.00618343 -0.00041545
v 0.00208387 0.00101120 -0.00019021
v 0.00039393 -0.00625593 -0.00041723
v 0.00129528 -0.00631803 -0.00014172
v 0.00362933 0.00093530 -0.00045106
v 0.00453495 0.00085242 -0.00030534
v 0.00575605 0.00807010 -0.00098655
v 0.00362933 0.00093530 -0.00045106
v 0.00488641 0.00817704 -0.00133696
v 0.00411074 0.00825453 -0.00190737
v 0.00362933 0.00093530 -0.00045106
v 0.00282433 0.00098143 -0.00036806
v 0.00129528 -0.00631803 -0.00014172
v 0.00362933 0.00093530 -0.00045106
v 0.00219728 -0.00639890 0.00001754
v 0.00322071 -0.00653347 -0.00002264
v 0.00559150 0.00070325 -0.00016176
v 0.00681482 0.00048756 -0.00053658
v 0.00797555 0.00770026 -0.00084685
v 0.00559150 0.00070325 -0.00016176
v 0.00677983 0.00791500 -0.00086267
v 0.00575605 0.00807010 -0.00098655
v 0.00559150 0.00070325 -0.00016176
v 0.00453495 0.00085242 -0.00030534
v 0.00322071 -0.00653347 -0.00002264
v 0.00559150 0.00070325 -0.00016176
v 0.00435847 -0.00671703 -0.00011782
v 0.00559799 -0.00695331 -0.00019092
v 0.00823332 0.00018654 -0.00044111
v 0.00976037 -0.00015116 -0.00054321
v 0.01084413 0.00709740 -0.00098324
v 0.00823332 0.00018654 -0.00044111
v 0.00938419 0.00743333 -0.00114857
v 0.00797555 0.00770026 -0.00084685
v 0.00823332 0.00018654 -0.00044111
v 0.00681482 0.00048756 -0.00053658
v 0.00559799 -0.00695331 -0.00019092
v 0.00823332 0.00018654 -0.00044111
v 0.00697412 -0.00724715 -0.00059887
v 0.00847124 -0.00757470 -0.00079295
v -0.00744024 -0.01284883 0.00141726
v -0.00597315 -0.01321167 0.00105323
v -0.00463093 -0.00548711 0.00202394
v -0.00744024 -0.01284883 0.00141726
v -0.00647361 -0.00502729 0.00204266
v -0.00800362 -0.00470629 0.00071228
v -0.00744024 -0.01284883 0.00141726
v -0.00889131 -0.01253004 0.00046387
v -0.01073786 -0.01998799 0.00230824
v -0.00744024 -0.01284883 0.00141726
v -0.00938858 -0.02023165 0.00329074
v -0.00781700 -0.02054183 0.00397024
v -0.00497105 -0.01337723 0.00097251
v -0.00405187 -0.01349568 0.00052549
v -0.00242810 -0.00597394 0.00011701
v -0.00497105 -0.01337723 0.00097251
v -0.00335454 -0.00580672 0.00101513
v -0.00463093 -0.00548711 0.00202394
v -0.00497105 -0.01337723 0.00097251
v -0.00597315 -0.01321167 0.00105323
v -0.00781700 -0.02054183 0.00397024
v -0.00497105 -0.01337723 0.00097251
v -0.00623114 -0.02083849 0.00408233
v -0.00505323 -0.02101928 0.00349627
v -0.00329379 -0.01358295 -0.00027298
v -0.00250689 -0.01364172 -0.00092617
v -0.00051351 -0.00618343 -0.00041545
v -0.00329379 -0.01358295 -0.00027298
v -0.00142998 -0.00609459 -0.00020603
v -0.00242810 -0.00597394 0.00011701
v -0.00329379 -0.01358295 -0.00027298
v -0.00405187 -0.01349568 0.00052549
v -0.00505323 -0.02101928 0.00349627
v -0.00329379 -0.01358295 -0.00027298
v -0.00427773 -0.02107522 0.00266562
v -0.00356626 -0.02108941 0.00206356
v -0.00157374 -0.01372596 -0.00153922
v -0.00032001 -0.01390412 -0.00194313
v 0.00129528 -0.00631803 -0.00014172
v -0.00157374 -0.01372596 -0.00153922
v 0.00039393 -0.00625593 -0.00041723
v -0.00051351 -0.00618343 -0.00041545
v -0.00157374 -0.01372596 -0.00153922
v -0.00250689 -0.01364172 -0.00092617
v -0.00356626 -0.02108941 0.00206356
v -0.00157374 -0.01372596 -0.00153922
v -0.00303979 -0.02105055 0.00115856
v -0.00228740 -0.02108008 0.00051901
v 0.00074996 -0.01404472 -0.00173602
v 0.00129358 -0.01404351 -0.00151426
v 0.00322071 -0.00653347 -0.00002264
v 0.00074996 -0.01404472 -0.00173602
v 0.00219728 -0.00639890 0.00001754
v 0.00129528 -0.00631803 -0.00014172
v 0.00074996 -0.01404472 -0.00173602
v -0.00032001 -0.01390412 -0.00194313
v -0.00228740 -0.02108008 0.00051901
v 0.00074996 -0.01404472 -0.00173602
v -0.00131635 -0.02117430 0.00084751
v -0.00028750 -0.02130065 0.00076776
v 0.00204983 -0.01407371 -0.00185474
v 0.00361373 -0.01429243 -0.00177887
v 0.00559799 -0.00695331 -0.00019092
v 0.00204983 -0.01407371 -0.00185474
v 0.00435847 -0.00671703 -0.00011782
v 0.00322071 -0.00653347 -0.00002264
v 0.00204983 -0.01407371 -0.00185474
v 0.00129358 -0.01404351 -0.00151426
v -0.00028750 -0.02130065 0.00076776
v 0.00204983 -0.01407371 -0.00185474
v 0.00069777 -0.02142666 -0.00004860
v 0.00190307 -0.02163206 -0.00097585
v 0.00523811 -0.01459559 -0.00130534
v 0.00670398 -0.01489789 -0.00127735
v 0.00847124 -0.00757470 -0.00079295
v 0.00523811 -0.01459559 -0.00130534
v 0.00697412 -0.00724715 -0.00059887
v 0.00559799 -0.00695331 -0.00019092
v 0.00523811 -0.01459559 -0.00130534
v 0.00361373 -0.01429243 -0.00177887
v 0.00190307 -0.02163206 -0.00097585
v 0.00523811 -0.01459559 -0.00130534
v 0.00340443 -0.02191307 -0.00060763
v 0.00478871 -0.02216070 -0.00002584
v -0.01228168 -0.02712377 0.00302709
v -0.01087501 -0.02740190 0.00349069
v -0.00781700 -0.02054183 0.00397024
v -0.01228168 -0.02712377 0.00302709
v -0.00938858 -0.02023165 0.00329074
v -0.01073786 -0.01998799 0.00230824
v -0.01228168 -0.02712377 0.00302709
v -0.01340637 -0.02700109 0.00161972
v -0.01602825 -0.03341232 0.00041960
v -0.01228168 -0.02712377 0.00302709
v -0.01497765 -0.03359527 0.00159674
v -0.01393236 -0.03378582 0.00286920
v -0.00953239 -0.02766084 0.00349968
v -0.00837016 -0.02784056 0.00312503
v -0.00505323 -0.02101928 0.00349627
v -0.00953239 -0.02766084 0.00349968
v -0.00623114 -0.02083849 0.00408233
v -0.00781700 -0.02054183 0.00397024
v -0.00953239 -0.02766084 0.00349968
v -0.01087501 -0.02740190 0.00349069
v -0.01393236 -0.03378582 0.00286920
v -0.00953239 -0.02766084 0.00349968
v -0.01272631 -0.03400947 0.00292881
v -0.01175422 -0.03409777 0.00214273
v -0.00721750 -0.02800707 0.00293112
v -0.00611185 -0.02814777 0.00286719
v -0.00356626 -0.02108941 0.00206356
v -0.00721750 -0.02800707 0.00293112
v -0.00427773 -0.02107522 0.00266562
v -0.00505323 -0.02101928 0.00349627
v -0.00721750 -0.02800707 0.00293112
v -0.00837016 -0.02784056 0.00312503
v -0.01175422 -0.03409777 0.00214273
v -0.00721750 -0.02800707 0.00293112
v -0.01085521 -0.03415062 0.00131802
v -0.00978847 -0.03428703 0.00078173
v -0.00518028 -0.02821841 0.00297629
v -0.00458133 -0.02819589 0.00291492
v -0.00228740 -0.02108008 0.00051901
v -0.00518028 -0.02821841 0.00297629
v -0.00303979 -0.02105055 0.00115856
v -0.00356626 -0.02108941 0.00206356
v -0.00518028 -0.02821841 0.00297629
v -0.00611185 -0.02814777 0.00286719
v -0.00978847 -0.03428703 0.00078173
v -0.00518028 -0.02821841 0.00297629
v -0.00850780 -0.03451490 0.00080941
v -0.00722992 -0.03473608 0.00096339
v -0.00370289 -0.02832040 0.00296257
v -0.00215622 -0.02863687 0.00278800
v -0.00028750 -0.02130065 0.00076776
v -0.00370289 -0.02832040 0.00296257
v -0.00131635 -0.02117430 0.00084751
v -0.00228740 -0.02108008 0.00051901
v -0.00370289 -0.02832040 0.00296257
v -0.00458133 -0.02819589 0.00291492
v -0.00722992 -0.03473608 0.00096339
v -0.00370289 -0.02832040 0.00296257
v -0.00594654 -0.03497106 0.00065092
v -0.00451929 -0.03526746 0.00058170
v -0.00069800 -0.02884755 0.00193534
v 0.00034701 -0.02894974 0.00116555
v 0.00190307 -0.02163206 -0.00097585
v -0.00069800 -0.02884755 0.00193534
v 0.00069777 -0.02142666 -0.00004860
v -0.00028750 -0.02130065 0.00076776
v -0.00069800 -0.02884755 0.00193534
v -0.00215622 -0.02863687 0.00278800
v -0.00451929 -0.03526746 0.00058170
v -0.00069800 -0.02884755 0.00193534
v -0.00306238 -0.03557556 0.00038582
v -0.00161203 -0.03589840 0.00014891
v 0.00146697 -0.02909924 0.00120839
v 0.00278162 -0.02933682 0.00142038
v 0.00478871 -0.02216070 -0.00002584
v 0.00146697 -0.02909924 0.00120839
v 0.00340443 -0.02191307 -0.00060763
v 0.00190307 -0.02163206 -0.00097585
v 0.00146697 -0.02909924 0.00120839
v 0.00034701 -0.02894974 0.00116555
v -0.00161203 -0.03589840 0.00014891
v 0.00146697 -0.02909924 0.00120839
v -0.00020317 -0.03618659 0.00062887
v 0.00135912 -0.03657194 0.00054655
v -0.00159323 0.03725013 -0.00054484
v -0.00012793 0.04137615 -0.00153160
v -0.00132832 0.04172184 -0.00075160
v -0.00159323 0.03725013 -0.00054484
v -0.00272664 0.03750331 -0.00020351
v -0.00359692 0.03393989 -0.00077961
v -0.00159323 0.03725013 -0.00054484
v -0.00250818 0.03370330 -0.00028985
v -0.00138082 0.03346080 0.00022879
v -0.00159323 0.03725013 -0.00054484
v -0.00046608 0.03700641 -0.00134387
v 0.00097782 0.04110103 -0.00186701
v -0.00371071 0.03019025 0.00039100
v -0.00250818 0.03370330 -0.00028985
v -0.00359692 0.03393989 -0.00077961
v -0.00371071 0.03019025 0.00039100
v -0.00480422 0.03044475 -0.00010293
v -0.00542196 0.02554669 -0.00005325
v -0.00371071 0.03019025 0.00039100
v -0.00426684 0.02523662 0.00058135
v -0.00303367 0.02489686 0.00097238
v -0.00371071 0.03019025 0.00039100
v -0.00254590 0.02991265 0.00087840
v -0.00138082 0.03346080 0.00022879
v 0.00069160 0.03673343 -0.00130849
v 0.00202224 0.04081556 -0.00144664
v 0.00097782 0.04110103 -0.00186701
v 0.00069160 0.03673343 -0.00130849
v -0.00046608 0.03700641 -0.00134387
v -0.00138082 0.03346080 0.00022879
v 0.00069160 0.03673343 -0.00130849
v -0.00020980 0.03317346 0.00033436
v 0.00101620 0.03286052 0.00061091
v 0.00069160 0.03673343 -0.00130849
v 0.00188847 0.03643523 -0.00122665
v 0.00314014 0.04049694 -0.00068449
v -0.00128121 0.02954919 0.00093090
v -0.00020980 0.03317346 0.00033436
v -0.00138082 0.03346080 0.00022879
v -0.00128121 0.02954919 0.00093090
v -0.00254590 0.02991265 0.00087840
v -0.00303367 0.02489686 0.00097238
v -0.00128121 0.02954919 0.00093090
v -0.00171167 0.02449850 0.00088071
v -0.00036691 0.02404921 0.00061170
v -0.00128121 0.02954919 0.00093090
v 0.00002018 0.02910138 0.00057080
v 0.00101620 0.03286052 0.00061091
v 0.00311618 0.03610942 -0.00107987
v 0.00426868 0.04028363 -0.00047088
v 0.00314014 0.04049694 -0.00068449
v 0.00311618 0.03610942 -0.00107987
v 0.00188847 0.03643523 -0.00122665
v 0.00101620 0.03286052 0.00061091
v 0.00311618 0.03610942 -0.00107987
v 0.00227275 0.03249587 0.00071708
v 0.00347274 0.03205787 -0.00001540
v 0.00311618 0.03610942 -0.00107987
v 0.00439307 0.03574770 0.00018394
v 0.00538695 0.04007954 -0.00061030
v 0.00134155 0.02858696 0.00002658
v 0.00227275 0.03249587 0.00071708
v 0.00101620 0.03286052 0.00061091
v 0.00134155 0.02858696 0.00002658
v 0.00002018 0.02910138 0.00057080
v -0.00036691 0.02404921 0.00061170
v 0.00134155 0.02858696 0.00002658
v 0.00098317 0.02356267 -0.00026112
v 0.00236698 0.02304241 -0.00033247
v 0.00134155 0.02858696 0.00002658
v 0.00268512 0.02804101 -0.00044807
v 0.00347274 0.03205787 -0.00001540
v 0.00556455 0.03539547 0.00097621
v 0.00655832 0.03974919 -0.00046336
v 0.00538695 0.04007954 -0.00061030
v 0.00556455 0.03539547 0.00097621
v 0.00439307 0.03574770 0.00018394
v 0.00347274 0.03205787 -0.00001540
v 0.00556455 0.03539547 0.00097621
v 0.00470277 0.03163282 -0.00028302
v 0.00591657 0.03120571 -0.00058276
v 0.00556455 0.03539547 0.00097621
v 0.00670239 0.03505493 0.00090118
v 0.00768432 0.03938647 -0.00015693
v 0.00404909 0.02749823 -0.00066828
v 0.00470277 0.03163282 -0.00028302
v 0.00347274 0.03205787 -0.00001540
v 0.00404909 0.02749823 -0.00066828
v 0.00268512 0.02804101 -0.00044807
v 0.00236698 0.02304241 -0.00033247
v 0.00404909 0.02749823 -0.00066828
v 0.00374506 0.02251217 -0.00050270
v 0.00510771 0.02198441 -0.00059246
v 0.00404909 0.02749823 -0.00066828
v 0.00540258 0.02696346 -0.00079678
v 0.00591657 0.03120571 -0.00058276
v 0.00781421 0.03470179 0.00134967
v 0.00870541 0.03905869 0.00045866
v 0.00768432 0.03938647 -0.00015693
v 0.00781421 0.03470179 0.00134967
v 0.00670239 0.03505493 0.00090118
v 0.00591657 0.03120571 -0.00058276
v 0.00781421 0.03470179 0.00134967
v 0.00712427 0.03081141 -0.00051154
v 0.00828324 0.03041079 -0.00086209
v 0.00781421 0.03470179 0.00134967
v 0.00890416 0.03435962 0.00168132
v 0.00970669 0.03877602 0.00079333
v 0.00669721 0.02636489 -0.00164816
v 0.00712427 0.03081141 -0.00051154
v 0.00591657 0.03120571 -0.00058276
v 0.00669721 0.02636489 -0.00164816
v 0.00540258 0.02696346 -0.00079678
v 0.00510771 0.02198441 -0.00059246
v 0.00669721 0.02636489 -0.00164816
v 0.00644898 0.02147038 -0.00080402
v 0.00771902 0.02100225 -0.00029757
v 0.00669721 0.02636489 -0.00164816
v 0.00796756 0.02576357 -0.00262203
v 0.00828324 0.03041079 -0.00086209
v 0.01000559 0.03406001 0.00141441
v 0.01073694 0.03852266 0.00082430
v 0.00970669 0.03877602 0.00079333
v 0.01000559 0.03406001 0.00141441
v 0.00890416 0.03435962 0.00168132
v 0.00828324 0.03041079 -0.00086209
v 0.01000559 0.03406001 0.00141441
v 0.00941644 0.02999894 -0.00171481
v 0.01054760 0.02964301 -0.00201822
v 0.01000559 0.03406001 0.00141441
v 0.01111573 0.03380983 0.00071688
v 0.01179345 0.03830572 0.00080692
v 0.00922203 0.02538712 -0.00199787
v 0.00941644 0.02999894 -0.00171481
v 0.00828324 0.03041079 -0.00086209
v 0.00922203 0.02538712 -0.00199787
v 0.00796756 0.02576357 -0.00262203
v 0.00771902 0.02100225 -0.00029757
v 0.00922203 0.02538712 -0.00199787
v 0.00890087 0.02059635 0.00054454
v 0.01000914 0.02024559 0.00128617
v 0.00922203 0.02538712 -0.00199787
v 0.01040446 0.02509701 -0.00117339
v 0.01054760 0.02964301 -0.00201822
v 0.01221358 0.03355742 0.00045589
v 0.01292544 0.03817947 0.00043527
v 0.01179345 0.03830572 0.00080692
v 0.01221358 0.03355742 0.00045589
v 0.01111573 0.03380983 0.00071688
v 0.01054760 0.02964301 -0.00201822
v 0.01221358 0.03355742 0.00045589
v 0.01163598 0.02935940 -0.00178601
v 0.01266287 0.02913197 -0.00118225
v 0.01221358 0.03355742 0.00045589
v 0.01330621 0.03329791 0.00050565
v 0.01408859 0.03809496 -0.00002279
v 0.01145977 0.02489580 -0.00027105
v 0.01163598 0.02935940 -0.00178601
v 0.01054760 0.02964301 -0.00201822
v 0.01145977 0.02489580 -0.00027105
v 0.01040446 0.02509701 -0.00117339
v 0.01000914 0.02024559 0.00128617
v 0.01145977 0.02489580 -0.00027105
v 0.01113073 0.01992538 0.00144136
v 0.01227033 0.01961732 0.00145848
v 0.01145977 0.02489580 -0.00027105
v 0.01248569 0.02466289 0.00015125
v 0.01266287 0.02913197 -0.00118225
v 0.00589837 0.05319277 0.00155135
v 0.00642659 0.05445628 0.00147334
v 0.00595317 0.05462827 0.00156069
v 0.00589837 0.05319277 0.00155135
v 0.00527212 0.05407264 0.00121472
v 0.00363999 0.05194735 0.00151927
v 0.00589837 0.05319277 0.00155135
v 0.00467548 0.05098141 0.00151378
v 0.00559066 0.05018793 0.00157959
v 0.00589837 0.05319277 0.00155135
v 0.00659117 0.05251029 0.00183666
v 0.00683037 0.05393438 0.00143593
v 0.00223713 0.04646582 0.00106768
v 0.00467548 0.05098141 0.00151378
v 0.00363999 0.05194735 0.00151927
v 0.00223713 0.04646582 0.00106768
v 0.00123004 0.04721043 0.00051703
v -0.00132832 0.04172184 -0.00075160
v 0.00223713 0.04646582 0.00106768
v -0.00012793 0.04137615 -0.00153160
v 0.00097782 0.04110103 -0.00186701
v 0.00223713 0.04646582 0.00106768
v 0.00328237 0.04580261 0.00137789
v 0.00559066 0.05018793 0.00157959
v 0.00732216 0.05215693 0.00177944
v 0.00747759 0.05364574 0.00137581
v 0.00683037 0.05393438 0.00143593
v 0.00732216 0.05215693 0.00177944
v 0.00659117 0.05251029 0.00183666
v 0.00559066 0.05018793 0.00157959
v 0.00732216 0.05215693 0.00177944
v 0.00635026 0.04977185 0.00157052
v 0.00702414 0.04976942 0.00121279
v 0.00732216 0.05215693 0.00177944
v 0.00793307 0.05213480 0.00128475
v 0.00825549 0.05349093 0.00115681
v 0.00435197 0.04532248 0.00177530
v 0.00635026 0.04977185 0.00157052
v 0.00559066 0.05018793 0.00157959
v 0.00435197 0.04532248 0.00177530
v 0.00328237 0.04580261 0.00137789
v 0.00097782 0.04110103 -0.00186701
v 0.00435197 0.04532248 0.00177530
v 0.00202224 0.04081556 -0.00144664
v 0.00314014 0.04049694 -0.00068449
v 0.00435197 0.04532248 0.00177530
v 0.00557554 0.04508573 0.00193407
v 0.00702414 0.04976942 0.00121279
v 0.00814116 0.05252758 0.00067329
v 0.00881161 0.05351800 0.00071510
v 0.00825549 0.05349093 0.00115681
v 0.00814116 0.05252758 0.00067329
v 0.00793307 0.05213480 0.00128475
v 0.00702414 0.04976942 0.00121279
v 0.00814116 0.05252758 0.00067329
v 0.00736161 0.05024359 0.00066196
v 0.00749362 0.05065484 0.00023316
v 0.00814116 0.05252758 0.00067329
v 0.00835244 0.05287104 0.00035239
v 0.00906184 0.05381240 0.00048615
v 0.00639064 0.04534431 0.00144675
v 0.00736161 0.05024359 0.00066196
v 0.00702414 0.04976942 0.00121279
v 0.00639064 0.04534431 0.00144675
v 0.00557554 0.04508573 0.00193407
v 0.00314014 0.04049694 -0.00068449
v 0.00639064 0.04534431 0.00144675
v 0.00426868 0.04028363 -0.00047088
v 0.00538695 0.04007954 -0.00061030
v 0.00639064 0.04534431 0.00144675
v 0.00658941 0.04563926 0.00085668
v 0.00749362 0.05065484 0.00023316
v 0.00893201 0.05269363 0.00043829
v 0.00941082 0.05392441 0.00048452
v 0.00906184 0.05381240 0.00048615
v 0.00893201 0.05269363 0.00043829
v 0.00835244 0.05287104 0.00035239
v 0.00749362 0.05065484 0.00023316
v 0.00893201 0.05269363 0.00043829
v 0.00845280 0.05024586 -0.00052676
v 0.00964231 0.04954602 -0.00057341
v 0.00893201 0.05269363 0.00043829
v 0.00976716 0.05221113 0.00050065
v 0.00983533 0.05383497 0.00066517
v 0.00747968 0.04528943 0.00025402
v 0.00845280 0.05024586 -0.00052676
v 0.00749362 0.05065484 0.00023316
v 0.00747968 0.04528943 0.00025402
v 0.00658941 0.04563926 0.00085668
v 0.00538695 0.04007954 -0.00061030
v 0.00747968 0.04528943 0.00025402
v 0.00655832 0.03974919 -0.00046336
v 0.00768432 0.03938647 -0.00015693
v 0.00747968 0.04528943 0.00025402
v 0.00866583 0.04472795 0.00014548
v 0.00964231 0.04954602 -0.00057341
v 0.01045520 0.05183910 0.00052752
v 0.01036382 0.05352543 0.00082752
v 0.00983533 0.05383497 0.00066517
v 0.01045520 0.05183910 0.00052752
v 0.00976716 0.05221113 0.00050065
v 0.00964231 0.04954602 -0.00057341
v 0.01045520 0.05183910 0.00052752
v 0.01034169 0.04914830 -0.00003925
v 0.01092142 0.04892690 0.00030375
v 0.01045520 0.05183910 0.00052752
v 0.01102307 0.05157293 0.00065465
v 0.01090914 0.05317630 0.00103710
v 0.00964676 0.04439736 -0.00006130
v 0.01034169 0.04914830 -0.00003925
v 0.00964231 0.04954602 -0.00057341
v 0.00964676 0.04439736 -0.00006130
v 0.00866583 0.04472795 0.00014548
v 0.00768432 0.03938647 -0.00015693
v 0.00964676 0.04439736 -0.00006130
v 0.00870541 0.03905869 0.00045866
v 0.00970669 0.03877602 0.00079333
v 0.00964676 0.04439736 -0.00006130
v 0.01048284 0.04419004 -0.00010618
v 0.01092142 0.04892690 0.00030375
v 0.01157113 0.05139681 0.00083722
v 0.01148489 0.05295477 0.00117634
v 0.01090914 0.05317630 0.00103710
v 0.01157113 0.05139681 0.00083722
v 0.01102307 0.05157293 0.00065465
v 0.01092142 0.04892690 0.00030375
v 0.01157113 0.05139681 0.00083722
v 0.01153624 0.04876949 0.00046992
v 0.01225678 0.04880673 0.00055993
v 0.01157113 0.05139681 0.00083722
v 0.01221708 0.05139347 0.00102374
v 0.01217698 0.05285321 0.00124878
v 0.01128416 0.04398806 0.00019087
v 0.01153624 0.04876949 0.00046992
v 0.01092142 0.04892690 0.00030375
v 0.01128416 0.04398806 0.00019087
v 0.01048284 0.04419004 -0.00010618
v 0.00970669 0.03877602 0.00079333
v 0.01128416 0.04398806 0.00019087
v 0.01073694 0.03852266 0.00082430
v 0.01179345 0.03830572 0.00080692
v 0.01128416 0.04398806 0.00019087
v 0.01214521 0.04389988 0.00046717
v 0.01225678 0.04880673 0.00055993
v 0.01305391 0.05164032 0.00126900
v 0.01314869 0.04916352 0.00068978
v 0.01409702 0.04966028 0.00103291
v 0.01305391 0.05164032 0.00126900
v 0.01391943 0.05198242 0.00186811
v 0.01366896 0.05263148 0.00185571
v 0.01305391 0.05164032 0.00126900
v 0.01301186 0.05284152 0.00148294
v 0.01217698 0.05285321 0.00124878
v 0.01305391 0.05164032 0.00126900
v 0.01221708 0.05139347 0.00102374
v 0.01225678 0.04880673 0.00055993
v 0.01317507 0.04404924 0.00034025
v 0.01314869 0.04916352 0.00068978
v 0.01225678 0.04880673 0.00055993
v 0.01317507 0.04404924 0.00034025
v 0.01214521 0.04389988 0.00046717
v 0.01179345 0.03830572 0.00080692
v 0.01317507 0.04404924 0.00034025
v 0.01292544 0.03817947 0.00043527
v 0.01408859 0.03809496 -0.00002279
v 0.01317507 0.04404924 0.00034025
v 0.01423955 0.04428241 0.00042191
v 0.01409702 0.04966028 0.00103291
v -0.01681229 -0.03963595 0.00193138
v -0.01497765 -0.03359527 0.00159674
v -0.01602825 -0.03341232 0.00041960
v -0.01681229 -0.03963595 0.00193138
v -0.01808784 -0.03937905 0.00209648
v -0.01860317 -0.04401126 0.00044731
v -0.01681229 -0.03963595 0.00193138
v -0.01755614 -0.04423693 0.00011571
v -0.01673375 -0.04438692 -0.00028347
v -0.01681229 -0.03963595 0.00193138
v -0.01567404 -0.03986172 0.00179178
v -0.01393236 -0.03378582 0.00286920
v -0.01811916 -0.04650769 -0.00024382
v -0.01755614 -0.04423693 0.00011571
v -0.01860317 -0.04401126 0.00044731
v -0.01811916 -0.04650769 -0.00024382
v -0.01911141 -0.04624126 -0.00010291
v -0.01908680 -0.04711399 -0.00021197
v -0.01811916 -0.04650769 -0.00024382
v -0.01841677 -0.04758814 -0.00035810
v -0.01747716 -0.04792814 -0.00016188
v -0.01811916 -0.04650769 -0.00024382
v -0.01719389 -0.04681656 -0.00003565
v -0.01673375 -0.04438692 -0.00028347
v -0.01477049 -0.04000128 0.00125577
v -0.01272631 -0.03400947 0.00292881
v -0.01393236 -0.03378582 0.00286920
v -0.01477049 -0.04000128 0.00125577
v -0.01567404 -0.03986172 0.00179178
v -0.01673375 -0.04438692 -0.00028347
v -0.01477049 -0.04000128 0.00125577
v -0.01604372 -0.04456769 -0.00062836
v -0.01502987 -0.04489158 -0.00066587
v -0.01477049 -0.04000128 0.00125577
v -0.01382335 -0.04018608 0.00091523
v -0.01175422 -0.03409777 0.00214273
v -0.01641207 -0.04708412 -0.00030334
v -0.01604372 -0.04456769 -0.00062836
v -0.01673375 -0.04438692 -0.00028347
v -0.01641207 -0.04708412 -0.00030334
v -0.01719389 -0.04681656 -0.00003565
v -0.01747716 -0.04792814 -0.00016188
v -0.01641207 -0.04708412 -0.00030334
v -0.01660986 -0.04829581 -0.00013295
v -0.01572922 -0.04858783 -0.00040547
v -0.01641207 -0.04708412 -0.00030334
v -0.01548757 -0.04735232 -0.00070760
v -0.01502987 -0.04489158 -0.00066587
v -0.01267960 -0.04042564 0.00080474
v -0.01085521 -0.03415062 0.00131802
v -0.01175422 -0.03409777 0.00214273
v -0.01267960 -0.04042564 0.00080474
v -0.01382335 -0.04018608 0.00091523
v -0.01502987 -0.04489158 -0.00066587
v -0.01267960 -0.04042564 0.00080474
v -0.01378949 -0.04525793 -0.00037209
v -0.01254589 -0.04553855 -0.00024888
v -0.01267960 -0.04042564 0.00080474
v -0.01139174 -0.04070267 0.00116481
v -0.00978847 -0.03428703 0.00078173
v -0.01428792 -0.04765727 -0.00081027
v -0.01378949 -0.04525793 -0.00037209
v -0.01502987 -0.04489158 -0.00066587
v -0.01428792 -0.04765727 -0.00081027
v -0.01548757 -0.04735232 -0.00070760
v -0.01572922 -0.04858783 -0.00040547
v -0.01428792 -0.04765727 -0.00081027
v -0.01459371 -0.04882914 -0.00075696
v -0.01328942 -0.04910299 -0.00090082
v -0.01428792 -0.04765727 -0.00081027
v -0.01305033 -0.04797200 -0.00036036
v -0.01254589 -0.04553855 -0.00024888
v -0.01022318 -0.04086901 0.00093161
v -0.00850780 -0.03451490 0.00080941
v -0.00978847 -0.03428703 0.00078173
v -0.01022318 -0.04086901 0.00093161
v -0.01139174 -0.04070267 0.00116481
v -0.01254589 -0.04553855 -0.00024888
v -0.01022318 -0.04086901 0.00093161
v -0.01128945 -0.04579136 -0.00012549
v -0.01001914 -0.04603299 0.00049854
v -0.01022318 -0.04086901 0.00093161
v -0.00897390 -0.04107246 0.00064650
v -0.00722992 -0.03473608 0.00096339
v -0.01178261 -0.04822832 -0.00017283
v -0.01128945 -0.04579136 -0.00012549
v -0.01254589 -0.04553855 -0.00024888
v -0.01178261 -0.04822832 -0.00017283
v -0.01305033 -0.04797200 -0.00036036
v -0.01328942 -0.04910299 -0.00090082
v -0.01178261 -0.04822832 -0.00017283
v -0.01203901 -0.04939000 -0.00039366
v -0.01082767 -0.04962862 0.00044322
v -0.01178261 -0.04822832 -0.00017283
v -0.01049483 -0.04848331 0.00012879
v -0.01001914 -0.04603299 0.00049854
v -0.00763486 -0.04135167 -0.00005515
v -0.00594654 -0.03497106 0.00065092
v -0.00722992 -0.03473608 0.00096339
v -0.00763486 -0.04135167 -0.00005515
v -0.00897390 -0.04107246 0.00064650
v -0.01001914 -0.04603299 0.00049854
v -0.00763486 -0.04135167 -0.00005515
v -0.00866473 -0.04629255 0.00064827
v -0.00721723 -0.04660905 0.00062445
v -0.00763486 -0.04135167 -0.00005515
v -0.00615517 -0.04166558 0.00011198
v -0.00451929 -0.03526746 0.00058170
v -0.00918638 -0.04873361 0.00064459
v -0.00866473 -0.04629255 0.00064827
v -0.01001914 -0.04603299 0.00049854
v -0.00918638 -0.04873361 0.00064459
v -0.01049483 -0.04848331 0.00012879
v -0.01082767 -0.04962862 0.00044322
v -0.00918638 -0.04873361 0.00064459
v -0.00947779 -0.04989135 0.00080532
v -0.00809857 -0.05012269 0.00167611
v -0.00918638 -0.04873361 0.00064459
v -0.00782796 -0.04894792 0.00161914
v -0.00721723 -0.04660905 0.00062445
v -0.00459391 -0.04205675 -0.00016577
v -0.00306238 -0.03557556 0.00038582
v -0.00451929 -0.03526746 0.00058170
v -0.00459391 -0.04205675 -0.00016577
v -0.00615517 -0.04166558 0.00011198
v -0.00721723 -0.04660905 0.00062445
v -0.00459391 -0.04205675 -0.00016577
v -0.00569121 -0.04693016 0.00102793
v -0.00405683 -0.04735653 0.00081216
v -0.00459391 -0.04205675 -0.00016577
v -0.00305532 -0.04237405 0.00049854
v -0.00161203 -0.03589840 0.00014891
v -0.00625101 -0.04931763 0.00161210
v -0.00569121 -0.04693016 0.00102793
v -0.00721723 -0.04660905 0.00062445
v -0.00625101 -0.04931763 0.00161210
v -0.00782796 -0.04894792 0.00161914
v -0.00809857 -0.05012269 0.00167611
v -0.00625101 -0.04931763 0.00161210
v -0.00654280 -0.05045503 0.00201012
v -0.00499808 -0.05078256 0.00250176
v -0.00625101 -0.04931763 0.00161210
v -0.00464311 -0.04971420 0.00161223
v -0.00405683 -0.04735653 0.00081216
v -0.00165075 -0.04264159 0.00133880
v -0.00020317 -0.03618659 0.00062887
v -0.00161203 -0.03589840 0.00014891
v -0.00165075 -0.04264159 0.00133880
v -0.00305532 -0.04237405 0.00049854
v -0.00405683 -0.04735653 0.00081216
v -0.00165075 -0.04264159 0.00133880
v -0.00264382 -0.04759871 0.00180733
v -0.00124654 -0.04786257 0.00264062
v -0.00165075 -0.04264159 0.00133880
v -0.00038174 -0.04284559 0.00257103
v 0.00135912 -0.03657194 0.00054655
v -0.00322724 -0.04996268 0.00256930
v -0.00264382 -0.04759871 0.00180733
v -0.00405683 -0.04735653 0.00081216
v -0.00322724 -0.04996268 0.00256930
v -0.00464311 -0.04971420 0.00161223
v -0.00499808 -0.05078256 0.00250176
v -0.00322724 -0.04996268 0.00256930
v -0.00354254 -0.05107594 0.00315591
v -0.00236090 -0.05103311 0.00337839
v -0.00322724 -0.04996268 0.00256930
v -0.00175499 -0.05027374 0.00307273
v -0.00124654 -0.04786257 0.00264062
v -0.00299641 0.02490571 0.00014515
v -0.00207912 0.01721818 -0.00041649
v -0.00319508 0.01750285 -0.00015122
v -0.00505259 0.02552691 -0.00079427
v -0.00397922 0.02522569 -0.00019554
v -0.00319508 0.01750285 -0.00015122
v -0.00392801 0.00945454 -0.00005696
v -0.00430427 0.01784841 -0.00073069
v -0.00319508 0.01750285 -0.00015122
v -0.00116944 0.00872264 -0.00083361
v -0.00244165 0.00908848 -0.00043811
v -0.00319508 0.01750285 -0.00015122
v -0.00057270 0.02409689 -0.00018906
v 0.00028117 0.01667951 -0.00103912
v -0.00089487 0.01696089 -0.00094832
v -0.00299641 0.02490571 0.00014515
v -0.00184364 0.02453740 0.00006405
v -0.00089487 0.01696089 -0.00094832
v -0.00116944 0.00872264 -0.00083361
v -0.00207912 0.01721818 -0.00041649
v -0.00089487 0.01696089 -0.00094832
v 0.00062383 0.00845503 -0.00162652
v -0.00023965 0.00852941 -0.00094464
v -0.00089487 0.01696089 -0.00094832
v 0.00225178 0.02301892 -0.00115231
v 0.00247197 0.01610196 -0.00083049
v 0.00143235 0.01636965 -0.00065520
v -0.00057270 0.02409689 -0.00018906
v 0.00079069 0.02357332 -0.00106653
v 0.00143235 0.01636965 -0.00065520
v 0.00062383 0.00845503 -0.00162652
v 0.00028117 0.01667951 -0.00103912
v 0.00143235 0.01636965 -0.00065520
v 0.00232104 0.00836246 -0.00246206
v 0.00151900 0.00840289 -0.00208845
v 0.00143235 0.01636965 -0.00065520
v 0.00492582 0.02194262 -0.00139932
v 0.00470278 0.01554881 -0.00114687
v 0.00355841 0.01582981 -0.00086694
v 0.00225178 0.02301892 -0.00115231
v 0.00364409 0.02247944 -0.00132419
v 0.00355841 0.01582981 -0.00086694
v 0.00232104 0.00836246 -0.00246206
v 0.00247197 0.01610196 -0.00083049
v 0.00355841 0.01582981 -0.00086694
v 0.00420082 0.00824799 -0.00273061
v 0.00321439 0.00832251 -0.00284865
v 0.00355841 0.01582981 -0.00086694
v 0.00795850 0.02078575 -0.00106064
v 0.00716361 0.01488301 -0.00053006
v 0.00603297 0.01521936 -0.00126125
v 0.00492582 0.02194262 -0.00139932
v 0.00634090 0.02135231 -0.00161657
v 0.00603297 0.01521936 -0.00126125
v 0.00420082 0.00824799 -0.00273061
v 0.00470278 0.01554881 -0.00114687
v 0.00603297 0.01521936 -0.00126125
v 0.00598825 0.00805975 -0.00178124
v 0.00515066 0.00814600 -0.00212121
v 0.00603297 0.01521936 -0.00126125
v 0.01025472 0.02010866 0.00050705
v 0.00922806 0.01442119 -0.00049160
v 0.00810470 0.01464136 -0.00025388
v 0.00795850 0.02078575 -0.00106064
v 0.00921407 0.02039306 -0.00019559
v 0.00810470 0.01464136 -0.00025388
v 0.00598825 0.00805975 -0.00178124
v 0.00716361 0.01488301 -0.00053006
v 0.00810470 0.01464136 -0.00025388
v 0.00791969 0.00776589 -0.00167067
v 0.00681091 0.00795631 -0.00168919
v 0.00810470 0.01464136 -0.00025388
v 0.01243920 0.01954026 0.00065099
v 0.01186075 0.01376271 0.00035414
v 0.01055822 0.01411407 -0.00024121
v 0.01025472 0.02010866 0.00050705
v 0.01131167 0.01982678 0.00064007
v 0.01055822 0.01411407 -0.00024121
v 0.00791969 0.00776589 -0.00167067
v 0.00922806 0.01442119 -0.00049160
v 0.01055822 0.01411407 -0.00024121
v 0.01097305 0.00715366 -0.00179955
v 0.00944311 0.00749755 -0.00197229
v 0.01055822 0.01411407 -0.00024121
v -0.00116944 0.00872264 -0.00083361
v -0.00244795 0.00138186 -0.00003981
v -0.00350783 0.00151220 -0.00134697
v -0.00392801 0.00945454 -0.00005696
v -0.00244165 0.00908848 -0.00043811
v -0.00350783 0.00151220 -0.00134697
v -0.00750572 -0.00494194 0.00009331
v -0.00474611 0.00175551 -0.00282639
v -0.00350783 0.00151220 -0.00134697
v -0.00473078 -0.00551348 0.00120227
v -0.00615857 -0.00519766 0.00129686
v -0.00350783 0.00151220 -0.00134697
v 0.00062383 0.00845503 -0.00162652
v -0.00059637 0.00117502 -0.00043981
v -0.00146552 0.00128471 0.00010240
v -0.00116944 0.00872264 -0.00083361
v -0.00023965 0.00852941 -0.00094464
v -0.00146552 0.00128471 0.00010240
v -0.00473078 -0.00551348 0.00120227
v -0.00244795 0.00138186 -0.00003981
v -0.00146552 0.00128471 0.00010240
v -0.00285342 -0.00586656 -0.00058373
v -0.00374736 -0.00571749 0.00029239
v -0.00146552 0.00128471 0.00010240
v 0.00232104 0.00836246 -0.00246206
v 0.00120801 0.00099286 -0.00095017
v 0.00034758 0.00106209 -0.00086176
v 0.00062383 0.00845503 -0.00162652
v 0.00151900 0.00840289 -0.00208845
v 0.00034758 0.00106209 -0.00086176
v -0.00285342 -0.00586656 -0.00058373
v -0.00059637 0.00117502 -0.00043981
v 0.00034758 0.00106209 -0.00086176
v -0.00070710 -0.00608907 -0.00121502
v -0.00173859 -0.00600022 -0.00096869
v 0.00034758 0.00106209 -0.00086176
v 0.00420082 0.00824799 -0.00273061
v 0.00288907 0.00087619 -0.00118728
v 0.00202277 0.00093458 -0.00101240
v 0.00232104 0.00836246 -0.00246206
v 0.00321439 0.00832251 -0.00284865
v 0.00202277 0.00093458 -0.00101240
v -0.00070710 -0.00608907 -0.00121502
v 0.00120801 0.00099286 -0.00095017
v 0.00202277 0.00093458 -0.00101240
v 0.00135444 -0.00625248 -0.00096508
v 0.00033412 -0.00616771 -0.00123851
v 0.00202277 0.00093458 -0.00101240
v 0.00598825 0.00805975 -0.00178124
v 0.00462534 0.00078020 -0.00112536
v 0.00375862 0.00083620 -0.00126285
v 0.00420082 0.00824799 -0.00273061
v 0.00515066 0.00814600 -0.00212121
v 0.00375862 0.00083620 -0.00126285
v 0.00135444 -0.00625248 -0.00096508
v 0.00288907 0.00087619 -0.00118728
v 0.00375862 0.00083620 -0.00126285
v 0.00321797 -0.00645906 -0.00084743
v 0.00228539 -0.00634913 -0.00080471
v 0.00375862 0.00083620 -0.00126285
v 0.00791969 0.00776589 -0.00167067
v 0.00670436 0.00046850 -0.00135734
v 0.00554919 0.00066576 -0.00098797
v 0.00598825 0.00805975 -0.00178124
v 0.00681091 0.00795631 -0.00168919
v 0.00554919 0.00066576 -0.00098797
v 0.00321797 -0.00645906 -0.00084743
v 0.00462534 0.00078020 -0.00112536
v 0.00554919 0.00066576 -0.00098797
v 0.00555556 -0.00687901 -0.00101459
v 0.00429547 -0.00662438 -0.00093839
v 0.00554919 0.00066576 -0.00098797
v 0.01097305 0.00715366 -0.00179955
v 0.00972234 -0.00016443 -0.00137047
v 0.00817455 0.00016817 -0.00126709
v 0.00791969 0.00776589 -0.00167067
v 0.00944311 0.00749755 -0.00197229
v 0.00817455 0.00016817 -0.00126709
v 0.00555556 -0.00687901 -0.00101459
v 0.00670436 0.00046850 -0.00135734
v 0.00817455 0.00016817 -0.00126709
v 0.00841752 -0.00751941 -0.00161768
v 0.00693293 -0.00718830 -0.00142409
v 0.00817455 0.00016817 -0.00126709
v -0.00473078 -0.00551348 0.00120227
v -0.00608937 -0.01330838 0.00023857
v -0.00721998 -0.01297186 0.00062943
v -0.00750572 -0.00494194 0.00009331
v -0.00615857 -0.00519766 0.00129686
v -0.00721998 -0.01297186 0.00062943
v -0.01025778 -0.02021221 0.00167421
v -0.00842844 -0.01267189 -0.00020826
v -0.00721998 -0.01297186 0.00062943
v -0.00774766 -0.02068847 0.00315817
v -0.00907500 -0.02043285 0.00255183
v -0.00721998 -0.01297186 0.00062943
v -0.00285342 -0.00586656 -0.00058373
v -0.00454444 -0.01354473 -0.00013913
v -0.00529639 -0.01346767 0.00021589
v -0.00473078 -0.00551348 0.00120227
v -0.00374736 -0.00571749 0.00029239
v -0.00529639 -0.01346767 0.00021589
v -0.00774766 -0.02068847 0.00315817
v -0.00608937 -0.01330838 0.00023857
v -0.00529639 -0.01346767 0.00021589
v -0.00546989 -0.02102028 0.00277949
v -0.00641741 -0.02090506 0.00327748
v -0.00529639 -0.01346767 0.00021589
v -0.00070710 -0.00608907 -0.00121502
v -0.00295932 -0.01364312 -0.00162081
v -0.00378295 -0.01361270 -0.00093999
v -0.00285342 -0.00586656 -0.00058373
v -0.00173859 -0.00600022 -0.00096869
v -0.00378295 -0.01361270 -0.00093999
v -0.00546989 -0.02102028 0.00277949
v -0.00454444 -0.01354473 -0.00013913
v -0.00378295 -0.01361270 -0.00093999
v -0.00402235 -0.02115656 0.00137677
v -0.00473435 -0.02110038 0.00197494
v -0.00378295 -0.01361270 -0.00093999
v 0.00135444 -0.00625248 -0.00096508
v -0.00033185 -0.01394876 -0.00277001
v -0.00189712 -0.01371533 -0.00230176
v -0.00070710 -0.00608907 -0.00121502
v 0.00033412 -0.00616771 -0.00123851
v -0.00189712 -0.01371533 -0.00230176
v -0.00402235 -0.02115656 0.00137677
v -0.00295932 -0.01364312 -0.00162081
v -0.00189712 -0.01371533 -0.00230176
v -0.00241153 -0.02131167 -0.00026615
v -0.00349768 -0.02115038 0.00047561
v -0.00189712 -0.01371533 -0.00230176
v 0.00321797 -0.00645906 -0.00084743
v 0.00116275 -0.01404316 -0.00233214
v 0.00087454 -0.01412551 -0.00255075
v 0.00135444 -0.00625248 -0.00096508
v 0.00228539 -0.00634913 -0.00080471
v 0.00087454 -0.01412551 -0.00255075
v -0.00241153 -0.02131167 -0.00026615
v -0.00033185 -0.01394876 -0.00277001
v 0.00087454 -0.01412551 -0.00255075
v -0.00054754 -0.02147069 0.00000004
v -0.00126805 -0.02144024 0.00006489
v 0.00087454 -0.01412551 -0.00255075
v 0.00555556 -0.00687901 -0.00101459
v 0.00361776 -0.01426955 -0.00260671
v 0.00183411 -0.01401488 -0.00265225
v 0.00321797 -0.00645906 -0.00084743
v 0.00429547 -0.00662438 -0.00093839
v 0.00183411 -0.01401488 -0.00265225
v -0.00054754 -0.02147069 0.00000004
v 0.00116275 -0.01404316 -0.00233214
v 0.00183411 -0.01401488 -0.00265225
v 0.00178294 -0.02177347 -0.00178299
v 0.00026587 -0.02151412 -0.00074967
v 0.00183411 -0.01401488 -0.00265225
v 0.00841752 -0.00751941 -0.00161768
v 0.00675778 -0.01493019 -0.00210303
v 0.00532589 -0.01461514 -0.00212863
v 0.00555556 -0.00687901 -0.00101459
v 0.00693293 -0.00718830 -0.00142409
v 0.00532589 -0.01461514 -0.00212863
v 0.00178294 -0.02177347 -0.00178299
v 0.00361776 -0.01426955 -0.00260671
v 0.00532589 -0.01461514 -0.00212863
v 0.00495428 -0.02234642 -0.00081576
v 0.00355839 -0.02209718 -0.00140059
v 0.00532589 -0.01461514 -0.00212863
v -0.00774766 -0.02068847 0.00315817
v -0.01067561 -0.02741831 0.00268761
v -0.01179664 -0.02725235 0.00236874
v -0.01025778 -0.02021221 0.00167421
v -0.00907500 -0.02043285 0.00255183
v -0.01179664 -0.02725235 0.00236874
v -0.01557378 -0.03360179 -0.00024802
v -0.01281955 -0.02715985 0.00105902
v -0.01179664 -0.02725235 0.00236874
v -0.01373233 -0.03375368 0.00206633
v -0.01452556 -0.03373075 0.00091500
v -0.01179664 -0.02725235 0.00236874
v -0.00546989 -0.02102028 0.00277949
v -0.00869230 -0.02759794 0.00240166
v -0.00967682 -0.02751265 0.00269818
v -0.00774766 -0.02068847 0.00315817
v -0.00641741 -0.02090506 0.00327748
v -0.00967682 -0.02751265 0.00269818
v -0.01373233 -0.03375368 0.00206633
v -0.01067561 -0.02741831 0.00268761
v -0.00967682 -0.02751265 0.00269818
v -0.01208779 -0.03383003 0.00143405
v -0.01291993 -0.03380280 0.00215112
v -0.00967682 -0.02751265 0.00269818
v -0.00402235 -0.02115656 0.00137677
v -0.00628330 -0.02799534 0.00207187
v -0.00749503 -0.02778143 0.00218480
v -0.00546989 -0.02102028 0.00277949
v -0.00473435 -0.02110038 0.00197494
v -0.00749503 -0.02778143 0.00218480
v -0.01208779 -0.03383003 0.00143405
v -0.00869230 -0.02759794 0.00240166
v -0.00749503 -0.02778143 0.00218480
v -0.00985415 -0.03414213 -0.00003090
v -0.01107060 -0.03393246 0.00054896
v -0.00749503 -0.02778143 0.00218480
v -0.00241153 -0.02131167 -0.00026615
v -0.00467935 -0.02816691 0.00209298
v -0.00534087 -0.02811688 0.00217045
v -0.00402235 -0.02115656 0.00137677
v -0.00349768 -0.02115038 0.00047561
v -0.00534087 -0.02811688 0.00217045
v -0.00985415 -0.03414213 -0.00003090
v -0.00628330 -0.02799534 0.00207187
v -0.00534087 -0.02811688 0.00217045
v -0.00730328 -0.03456727 0.00015602
v -0.00849912 -0.03439820 -0.00001045
v -0.00534087 -0.02811688 0.00217045
v -0.00054754 -0.02147069 0.00000004
v -0.00236135 -0.02856295 0.00198952
v -0.00370924 -0.02831142 0.00213445
v -0.00241153 -0.02131167 -0.00026615
v -0.00126805 -0.02144024 0.00006489
v -0.00370924 -0.02831142 0.00213445
v -0.00730328 -0.03456727 0.00015602
v -0.00467935 -0.02816691 0.00209298
v -0.00370924 -0.02831142 0.00213445
v -0.00459048 -0.03508632 -0.00022320
v -0.00602055 -0.03478341 -0.00015261
v -0.00370924 -0.02831142 0.00213445
v 0.00178294 -0.02177347 -0.00178299
v 0.00020165 -0.02896428 0.00035076
v -0.00107444 -0.02875543 0.00120288
v -0.00054754 -0.02147069 0.00000004
v 0.00026587 -0.02151412 -0.00074967
v -0.00107444 -0.02875543 0.00120288
v -0.00459048 -0.03508632 -0.00022320
v -0.00236135 -0.02856295 0.00198952
v -0.00107444 -0.02875543 0.00120288
v -0.00152288 -0.03586518 -0.00067385
v -0.00318229 -0.03542326 -0.00041903
v -0.00107444 -0.02875543 0.00120288
v 0.00495428 -0.02234642 -0.00081576
v 0.00290571 -0.02942041 0.00060588
v 0.00159381 -0.02918970 0.00039460
v 0.00178294 -0.02177347 -0.00178299
v 0.00355839 -0.02209718 -0.00140059
v 0.00159381 -0.02918970 0.00039460
v -0.00152288 -0.03586518 -0.00067385
v 0.00020165 -0.02896428 0.00035076
v 0.00159381 -0.02918970 0.00039460
v 0.00151957 -0.03665176 -0.00026209
v 0.00000433 -0.03624703 -0.00017085
v 0.00159381 -0.02918970 0.00039460
v -0.00150046 0.04184788 -0.00155195
v -0.00027816 0.04153642 -0.00233038
v -0.00180340 0.03720541 -0.00134499
v -0.00341914 0.03382338 -0.00157989
v -0.00287638 0.03750892 -0.00101827
v -0.00180340 0.03720541 -0.00134499
v -0.00134930 0.03323469 -0.00056722
v -0.00238179 0.03354279 -0.00109292
v -0.00180340 0.03720541 -0.00134499
v 0.00104631 0.04124202 -0.00268017
v -0.00058494 0.03684971 -0.00214857
v -0.00180340 0.03720541 -0.00134499
v -0.00341914 0.03382338 -0.00157989
v -0.00238179 0.03354279 -0.00109292
v -0.00340757 0.03004233 -0.00036663
v -0.00505259 0.02552691 -0.00079427
v -0.00448618 0.03029133 -0.00085114
v -0.00340757 0.03004233 -0.00036663
v -0.00299641 0.02490571 0.00014515
v -0.00397922 0.02522569 -0.00019554
v -0.00340757 0.03004233 -0.00036663
v -0.00134930 0.03323469 -0.00056722
v -0.00239904 0.02980075 0.00007139
v -0.00340757 0.03004233 -0.00036663
v 0.00104631 0.04124202 -0.00268017
v 0.00231435 0.04092002 -0.00221466
v 0.00079159 0.03651313 -0.00210054
v -0.00134930 0.03323469 -0.00056722
v -0.00058494 0.03684971 -0.00214857
v 0.00079159 0.03651313 -0.00210054
v 0.00097708 0.03268366 -0.00019719
v -0.00022241 0.03294451 -0.00046138
v 0.00079159 0.03651313 -0.00210054
v 0.00333362 0.04067188 -0.00147054
v 0.00199482 0.03625099 -0.00202685
v 0.00079159 0.03651313 -0.00210054
v -0.00134930 0.03323469 -0.00056722
v -0.00022241 0.03294451 -0.00046138
v -0.00133311 0.02950228 0.00010565
v -0.00299641 0.02490571 0.00014515
v -0.00239904 0.02980075 0.00007139
v -0.00133311 0.02950228 0.00010565
v -0.00057270 0.02409689 -0.00018906
v -0.00184364 0.02453740 0.00006405
v -0.00133311 0.02950228 0.00010565
v 0.00097708 0.03268366 -0.00019719
v -0.00015295 0.02913182 -0.00023897
v -0.00133311 0.02950228 0.00010565
v 0.00333362 0.04067188 -0.00147054
v 0.00427102 0.04047683 -0.00127611
v 0.00325564 0.03595558 -0.00188167
v 0.00097708 0.03268366 -0.00019719
v 0.00199482 0.03625099 -0.00202685
v 0.00325564 0.03595558 -0.00188167
v 0.00344278 0.03211293 -0.00084123
v 0.00218783 0.03241916 -0.00010344
v 0.00325564 0.03595558 -0.00188167
v 0.00539600 0.04013083 -0.00143681
v 0.00461067 0.03563206 -0.00060580
v 0.00325564 0.03595558 -0.00188167
v 0.00097708 0.03268366 -0.00019719
v 0.00218783 0.03241916 -0.00010344
v 0.00109171 0.02867725 -0.00075769
v -0.00057270 0.02409689 -0.00018906
v -0.00015295 0.02913182 -0.00023897
v 0.00109171 0.02867725 -0.00075769
v 0.00225178 0.02301892 -0.00115231
v 0.00079069 0.02357332 -0.00106653
v 0.00109171 0.02867725 -0.00075769
v 0.00344278 0.03211293 -0.00084123
v 0.00251516 0.02811186 -0.00125599
v 0.00109171 0.02867725 -0.00075769
v 0.00539600 0.04013083 -0.00143681
v 0.00661897 0.03968826 -0.00128680
v 0.00567158 0.03537261 0.00015490
v 0.00344278 0.03211293 -0.00084123
v 0.00461067 0.03563206 -0.00060580
v 0.00567158 0.03537261 0.00015490
v 0.00590330 0.03140035 -0.00138764
v 0.00468564 0.03178315 -0.00109719
v 0.00567158 0.03537261 0.00015490
v 0.00781880 0.03927186 -0.00096617
v 0.00684994 0.03508187 0.00008620
v 0.00567158 0.03537261 0.00015490
v 0.00344278 0.03211293 -0.00084123
v 0.00468564 0.03178315 -0.00109719
v 0.00393994 0.02753155 -0.00148873
v 0.00225178 0.02301892 -0.00115231
v 0.00251516 0.02811186 -0.00125599
v 0.00393994 0.02753155 -0.00148873
v 0.00492582 0.02194262 -0.00139932
v 0.00364409 0.02247944 -0.00132419
v 0.00393994 0.02753155 -0.00148873
v 0.00590330 0.03140035 -0.00138764
v 0.00523081 0.02700164 -0.00160643
v 0.00393994 0.02753155 -0.00148873
v 0.00781880 0.03927186 -0.00096617
v 0.00889265 0.03890582 -0.00033341
v 0.00803942 0.03476425 0.00055526
v 0.00590330 0.03140035 -0.00138764
v 0.00684994 0.03508187 0.00008620
v 0.00803942 0.03476425 0.00055526
v 0.00815890 0.03076289 -0.00160115
v 0.00710185 0.03108921 -0.00129170
v 0.00803942 0.03476425 0.00055526
v 0.00978446 0.03863217 -0.00001881
v 0.00891033 0.03450704 0.00086643
v 0.00803942 0.03476425 0.00055526
v 0.00590330 0.03140035 -0.00138764
v 0.00710185 0.03108921 -0.00129170
v 0.00641477 0.02640527 -0.00242604
v 0.00492582 0.02194262 -0.00139932
v 0.00523081 0.02700164 -0.00160643
v 0.00641477 0.02640527 -0.00242604
v 0.00795850 0.02078575 -0.00106064
v 0.00634090 0.02135231 -0.00161657
v 0.00641477 0.02640527 -0.00242604
v 0.00815890 0.03076289 -0.00160115
v 0.00789138 0.02571393 -0.00344521
v 0.00641477 0.02640527 -0.00242604
v 0.00978446 0.03863217 -0.00001881
v 0.01069455 0.03843968 0.00000144
v 0.00981533 0.03428569 0.00064076
v 0.00815890 0.03076289 -0.00160115
v 0.00891033 0.03450704 0.00086643
v 0.00981533 0.03428569 0.00064076
v 0.01067217 0.02980958 -0.00281974
v 0.00936476 0.03029070 -0.00248827
v 0.00981533 0.03428569 0.00064076
v 0.01164408 0.03829095 -0.00000722
v 0.01096247 0.03406541 -0.00005599
v 0.00981533 0.03428569 0.00064076
v 0.00815890 0.03076289 -0.00160115
v 0.00936476 0.03029070 -0.00248827
v 0.00943411 0.02521770 -0.00278052
v 0.00795850 0.02078575 -0.00106064
v 0.00789138 0.02571393 -0.00344521
v 0.00943411 0.02521770 -0.00278052
v 0.01025472 0.02010866 0.00050705
v 0.00921407 0.02039306 -0.00019559
v 0.00943411 0.02521770 -0.00278052
v 0.01067217 0.02980958 -0.00281974
v 0.01070146 0.02484681 -0.00190460
v 0.00943411 0.02521770 -0.00278052
v 0.01164408 0.03829095 -0.00000722
v 0.01275191 0.03818510 -0.00037451
v 0.01221641 0.03375341 -0.00034875
v 0.01067217 0.02980958 -0.00281974
v 0.01096247 0.03406541 -0.00005599
v 0.01221641 0.03375341 -0.00034875
v 0.01298253 0.02914523 -0.00194740
v 0.01191351 0.02942614 -0.00256348
v 0.01221641 0.03375341 -0.00034875
v 0.01394236 0.03809795 -0.00083808
v 0.01338844 0.03344932 -0.00030433
v 0.01221641 0.03375341 -0.00034875
v 0.01067217 0.02980958 -0.00281974
v 0.01191351 0.02942614 -0.00256348
v 0.01171923 0.02463513 -0.00101228
v 0.01025472 0.02010866 0.00050705
v 0.01070146 0.02484681 -0.00190460
v 0.01171923 0.02463513 -0.00101228
v 0.01243920 0.01954026 0.00065099
v 0.01131167 0.01982678 0.00064007
v 0.01171923 0.02463513 -0.00101228
v 0.01298253 0.02914523 -0.00194740
v 0.01267252 0.02441774 -0.00061723
v 0.01171923 0.02463513 -0.00101228
v 0.00613529 0.05462638 0.00075264
v 0.00654232 0.05439280 0.00065574
v 0.00598714 0.05311134 0.00073192
v 0.00377049 0.05190015 0.00070311
v 0.00539951 0.05403030 0.00039760
v 0.00598714 0.05311134 0.00073192
v 0.00569686 0.05018284 0.00075864
v 0.00482934 0.05095416 0.00070027
v 0.00598714 0.05311134 0.00073192
v 0.00678089 0.05376618 0.00062648
v 0.00659864 0.05244021 0.00101144
v 0.00598714 0.05311134 0.00073192
v 0.00377049 0.05190015 0.00070311
v 0.00482934 0.05095416 0.00070027
v 0.00238017 0.04662467 0.00026755
v -0.00150046 0.04184788 -0.00155195
v 0.00137228 0.04734230 -0.00028817
v 0.00238017 0.04662467 0.00026755
v 0.00104631 0.04124202 -0.00268017
v -0.00027816 0.04153642 -0.00233038
v 0.00238017 0.04662467 0.00026755
v 0.00569686 0.05018284 0.00075864
v 0.00349630 0.04595858 0.00059351
v 0.00238017 0.04662467 0.00026755
v 0.00678089 0.05376618 0.00062648
v 0.00721464 0.05350420 0.00060393
v 0.00706158 0.05218627 0.00099356
v 0.00569686 0.05018284 0.00075864
v 0.00659864 0.05244021 0.00101144
v 0.00706158 0.05218627 0.00099356
v 0.00652507 0.04988592 0.00056222
v 0.00626823 0.04980147 0.00074708
v 0.00706158 0.05218627 0.00099356
v 0.00767473 0.05361653 0.00058188
v 0.00730617 0.05231369 0.00077530
v 0.00706158 0.05218627 0.00099356
v 0.00569686 0.05018284 0.00075864
v 0.00626823 0.04980147 0.00074708
v 0.00456074 0.04544920 0.00098454
v 0.00104631 0.04124202 -0.00268017
v 0.00349630 0.04595858 0.00059351
v 0.00456074 0.04544920 0.00098454
v 0.00333362 0.04067188 -0.00147054
v 0.00231435 0.04092002 -0.00221466
v 0.00456074 0.04544920 0.00098454
v 0.00652507 0.04988592 0.00056222
v 0.00548394 0.04528606 0.00113611
v 0.00456074 0.04544920 0.00098454
v 0.00767473 0.05361653 0.00058188
v 0.00811420 0.05394938 0.00059471
v 0.00739826 0.05283592 0.00048830
v 0.00652507 0.04988592 0.00056222
v 0.00730617 0.05231369 0.00077530
v 0.00739826 0.05283592 0.00048830
v 0.00684524 0.05086938 -0.00023399
v 0.00658369 0.05044332 0.00045910
v 0.00739826 0.05283592 0.00048830
v 0.00896502 0.05396065 -0.00032295
v 0.00781383 0.05325814 -0.00014728
v 0.00739826 0.05283592 0.00048830
v 0.00652507 0.04988592 0.00056222
v 0.00658369 0.05044332 0.00045910
v 0.00589190 0.04557518 0.00082610
v 0.00333362 0.04067188 -0.00147054
v 0.00548394 0.04528606 0.00113611
v 0.00589190 0.04557518 0.00082610
v 0.00539600 0.04013083 -0.00143681
v 0.00427102 0.04047683 -0.00127611
v 0.00589190 0.04557518 0.00082610
v 0.00684524 0.05086938 -0.00023399
v 0.00602735 0.04580346 0.00026867
v 0.00589190 0.04557518 0.00082610
v 0.00896502 0.05396065 -0.00032295
v 0.00955038 0.05395110 -0.00033171
v 0.00897253 0.05283348 -0.00037697
v 0.00684524 0.05086938 -0.00023399
v 0.00781383 0.05325814 -0.00014728
v 0.00897253 0.05283348 -0.00037697
v 0.00978828 0.04960899 -0.00138654
v 0.00828854 0.05037157 -0.00132904
v 0.00897253 0.05283348 -0.00037697
v 0.01001283 0.05389682 -0.00014156
v 0.00998747 0.05238081 -0.00027944
v 0.00897253 0.05283348 -0.00037697
v 0.00684524 0.05086938 -0.00023399
v 0.00828854 0.05037157 -0.00132904
v 0.00731524 0.04532409 -0.00055642
v 0.00539600 0.04013083 -0.00143681
v 0.00602735 0.04580346 0.00026867
v 0.00731524 0.04532409 -0.00055642
v 0.00781880 0.03927186 -0.00096617
v 0.00661897 0.03968826 -0.00128680
v 0.00731524 0.04532409 -0.00055642
v 0.00978828 0.04960899 -0.00138654
v 0.00873874 0.04469155 -0.00067870
v 0.00731524 0.04532409 -0.00055642
v 0.01001283 0.05389682 -0.00014156
v 0.01059774 0.05365980 0.00004447
v 0.01078494 0.05199952 -0.00021500
v 0.00978828 0.04960899 -0.00138654
v 0.00998747 0.05238081 -0.00027944
v 0.01078494 0.05199952 -0.00021500
v 0.01118273 0.04899162 -0.00048020
v 0.01060086 0.04920094 -0.00082414
v 0.01078494 0.05199952 -0.00021500
v 0.01121847 0.05335593 0.00028932
v 0.01133014 0.05171724 -0.00010075
v 0.01078494 0.05199952 -0.00021500
v 0.00978828 0.04960899 -0.00138654
v 0.01060086 0.04920094 -0.00082414
v 0.00978383 0.04434236 -0.00087593
v 0.00781880 0.03927186 -0.00096617
v 0.00873874 0.04469155 -0.00067870
v 0.00978383 0.04434236 -0.00087593
v 0.00978446 0.03863217 -0.00001881
v 0.00889265 0.03890582 -0.00033341
v 0.00978383 0.04434236 -0.00087593
v 0.01118273 0.04899162 -0.00048020
v 0.01064874 0.04414114 -0.00091616
v 0.00978383 0.04434236 -0.00087593
v 0.01121847 0.05335593 0.00028932
v 0.01171828 0.05313118 0.00040195
v 0.01178626 0.05153713 0.00005031
v 0.01118273 0.04899162 -0.00048020
v 0.01133014 0.05171724 -0.00010075
v 0.01178626 0.05153713 0.00005031
v 0.01236261 0.04888952 -0.00025726
v 0.01175855 0.04883801 -0.00032561
v 0.01178626 0.05153713 0.00005031
v 0.01236158 0.05300030 0.00045521
v 0.01237812 0.05154192 0.00022450
v 0.01178626 0.05153713 0.00005031
v 0.01118273 0.04899162 -0.00048020
v 0.01175855 0.04883801 -0.00032561
v 0.01144752 0.04394725 -0.00061990
v 0.00978446 0.03863217 -0.00001881
v 0.01064874 0.04414114 -0.00091616
v 0.01144752 0.04394725 -0.00061990
v 0.01164408 0.03829095 -0.00000722
v 0.01069455 0.03843968 0.00000144
v 0.01144752 0.04394725 -0.00061990
v 0.01236261 0.04888952 -0.00025726
v 0.01216272 0.04388672 -0.00036074
v 0.01144752 0.04394725 -0.00061990
v 0.01433117 0.04984095 0.00025897
v 0.01327805 0.04928977 -0.00011827
v 0.01331116 0.05181706 0.00050139
v 0.01409881 0.05277475 0.00116275
v 0.01428881 0.05216519 0.00114934
v 0.01331116 0.05181706 0.00050139
v 0.01236158 0.05300030 0.00045521
v 0.01332632 0.05298279 0.00072986
v 0.01331116 0.05181706 0.00050139
v 0.01236261 0.04888952 -0.00025726
v 0.01237812 0.05154192 0.00022450
v 0.01331116 0.05181706 0.00050139
v 0.01236261 0.04888952 -0.00025726
v 0.01327805 0.04928977 -0.00011827
v 0.01312096 0.04407979 -0.00048563
v 0.01164408 0.03829095 -0.00000722
v 0.01216272 0.04388672 -0.00036074
v 0.01312096 0.04407979 -0.00048563
v 0.01394236 0.03809795 -0.00083808
v 0.01275191 0.03818510 -0.00037451
v 0.01312096 0.04407979 -0.00048563
v 0.01433117 0.04984095 0.00025897
v 0.01426147 0.04433927 -0.00040400
v 0.01312096 0.04407979 -0.00048563
v -0.01557378 -0.03360179 -0.00024802
v -0.01452556 -0.03373075 0.00091500
v -0.01670023 -0.03954030 0.00111640
v -0.01872142 -0.04375962 -0.00033280
v -0.01799193 -0.03933000 0.00127543
v -0.01670023 -0.03954030 0.00111640
v -0.01695412 -0.04419699 -0.00105774
v -0.01767544 -0.04401374 -0.00067341
v -0.01670023 -0.03954030 0.00111640
v -0.01373233 -0.03375368 0.00206633
v -0.01571702 -0.03963304 0.00099714
v -0.01670023 -0.03954030 0.00111640
v -0.01872142 -0.04375962 -0.00033280
v -0.01767544 -0.04401374 -0.00067341
v -0.01815014 -0.04641346 -0.00106600
v -0.01918296 -0.04700700 -0.00102795
v -0.01923071 -0.04608556 -0.00090770
v -0.01815014 -0.04641346 -0.00106600
v -0.01744940 -0.04790568 -0.00098931
v -0.01834910 -0.04751929 -0.00118055
v -0.01815014 -0.04641346 -0.00106600
v -0.01695412 -0.04419699 -0.00105774
v -0.01728296 -0.04680431 -0.00085911
v -0.01815014 -0.04641346 -0.00106600
v -0.01373233 -0.03375368 0.00206633
v -0.01291993 -0.03380280 0.00215112
v -0.01499098 -0.03969959 0.00051718
v -0.01695412 -0.04419699 -0.00105774
v -0.01571702 -0.03963304 0.00099714
v -0.01499098 -0.03969959 0.00051718
v -0.01504914 -0.04475340 -0.00148207
v -0.01626911 -0.04440625 -0.00140821
v -0.01499098 -0.03969959 0.00051718
v -0.01208779 -0.03383003 0.00143405
v -0.01398398 -0.03992730 0.00014502
v -0.01499098 -0.03969959 0.00051718
v -0.01695412 -0.04419699 -0.00105774
v -0.01626911 -0.04440625 -0.00140821
v -0.01664368 -0.04711543 -0.00109767
v -0.01744940 -0.04790568 -0.00098931
v -0.01728296 -0.04680431 -0.00085911
v -0.01664368 -0.04711543 -0.00109767
v -0.01597427 -0.04867289 -0.00119190
v -0.01683642 -0.04834345 -0.00092764
v -0.01664368 -0.04711543 -0.00109767
v -0.01504914 -0.04475340 -0.00148207
v -0.01563550 -0.04738148 -0.00152193
v -0.01664368 -0.04711543 -0.00109767
v -0.01208779 -0.03383003 0.00143405
v -0.01107060 -0.03393246 0.00054896
v -0.01269949 -0.04026851 -0.00000826
v -0.01504914 -0.04475340 -0.00148207
v -0.01398398 -0.03992730 0.00014502
v -0.01269949 -0.04026851 -0.00000826
v -0.01242383 -0.04543119 -0.00106064
v -0.01364511 -0.04513649 -0.00117834
v -0.01269949 -0.04026851 -0.00000826
v -0.00985415 -0.03414213 -0.00003090
v -0.01137843 -0.04060473 0.00034256
v -0.01269949 -0.04026851 -0.00000826
v -0.01504914 -0.04475340 -0.00148207
v -0.01364511 -0.04513649 -0.00117834
v -0.01422846 -0.04761251 -0.00163511
v -0.01597427 -0.04867289 -0.00119190
v -0.01563550 -0.04738148 -0.00152193
v -0.01422846 -0.04761251 -0.00163511
v -0.01310091 -0.04893369 -0.00168893
v -0.01462068 -0.04880212 -0.00158418
v -0.01422846 -0.04761251 -0.00163511
v -0.01242383 -0.04543119 -0.00106064
v -0.01287795 -0.04787166 -0.00116391
v -0.01422846 -0.04761251 -0.00163511
v -0.00985415 -0.03414213 -0.00003090
v -0.00849912 -0.03439820 -0.00001045
v -0.01022257 -0.04079809 0.00010649
v -0.01242383 -0.04543119 -0.00106064
v -0.01137843 -0.04060473 0.00034256
v -0.01022257 -0.04079809 0.00010649
v -0.00990775 -0.04600863 -0.00032162
v -0.01116126 -0.04571672 -0.00094022
v -0.01022257 -0.04079809 0.00010649
v -0.00730328 -0.03456727 0.00015602
v -0.00906330 -0.04101708 -0.00017489
v -0.01022257 -0.04079809 0.00010649
v -0.01242383 -0.04543119 -0.00106064
v -0.01116126 -0.04571672 -0.00094022
v -0.01154045 -0.04820464 -0.00096379
v -0.01310091 -0.04893369 -0.00168893
v -0.01287795 -0.04787166 -0.00116391
v -0.01154045 -0.04820464 -0.00096379
v -0.01055950 -0.04979490 -0.00032289
v -0.01175186 -0.04933611 -0.00116724
v -0.01154045 -0.04820464 -0.00096379
v -0.00990775 -0.04600863 -0.00032162
v -0.01023839 -0.04855864 -0.00065449
v -0.01154045 -0.04820464 -0.00096379
v -0.00730328 -0.03456727 0.00015602
v -0.00602055 -0.03478341 -0.00015261
v -0.00773406 -0.04132943 -0.00087725
v -0.00990775 -0.04600863 -0.00032162
v -0.00906330 -0.04101708 -0.00017489
v -0.00773406 -0.04132943 -0.00087725
v -0.00714640 -0.04679222 -0.00018032
v -0.00859534 -0.04637145 -0.00017316
v -0.00773406 -0.04132943 -0.00087725
v -0.00459048 -0.03508632 -0.00022320
v -0.00616695 -0.04168740 -0.00071581
v -0.00773406 -0.04132943 -0.00087725
v -0.00990775 -0.04600863 -0.00032162
v -0.00859534 -0.04637145 -0.00017316
v -0.00891456 -0.04887918 -0.00012394
v -0.01055950 -0.04979490 -0.00032289
v -0.01023839 -0.04855864 -0.00065449
v -0.00891456 -0.04887918 -0.00012394
v -0.00785173 -0.05029748 0.00090631
v -0.00915126 -0.05008658 0.00006959
v -0.00891456 -0.04887918 -0.00012394
v -0.00714640 -0.04679222 -0.00018032
v -0.00763896 -0.04915826 0.00084037
v -0.00891456 -0.04887918 -0.00012394
v -0.00459048 -0.03508632 -0.00022320
v -0.00318229 -0.03542326 -0.00041903
v -0.00457133 -0.04210868 -0.00099203
v -0.00714640 -0.04679222 -0.00018032
v -0.00616695 -0.04168740 -0.00071581
v -0.00457133 -0.04210868 -0.00099203
v -0.00384763 -0.04756481 0.00003814
v -0.00568546 -0.04712251 0.00022237
v -0.00457133 -0.04210868 -0.00099203
v -0.00152288 -0.03586518 -0.00067385
v -0.00281676 -0.04248332 -0.00028629
v -0.00457133 -0.04210868 -0.00099203
v -0.00714640 -0.04679222 -0.00018032
v -0.00568546 -0.04712251 0.00022237
v -0.00625113 -0.04958823 0.00082930
v -0.00785173 -0.05029748 0.00090631
v -0.00763896 -0.04915826 0.00084037
v -0.00625113 -0.04958823 0.00082930
v -0.00485030 -0.05124916 0.00183285
v -0.00651291 -0.05075793 0.00123999
v -0.00625113 -0.04958823 0.00082930
v -0.00384763 -0.04756481 0.00003814
v -0.00449758 -0.05008111 0.00088472
v -0.00625113 -0.04958823 0.00082930
v -0.00152288 -0.03586518 -0.00067385
v 0.00000433 -0.03624703 -0.00017085
v -0.00127413 -0.04280016 0.00061866
v -0.00384763 -0.04756481 0.00003814
v -0.00281676 -0.04248332 -0.00028629
v -0.00127413 -0.04280016 0.00061866
v -0.00085597 -0.04805454 0.00193605
v -0.00223678 -0.04780972 0.00111729
v -0.00127413 -0.04280016 0.00061866
v 0.00151957 -0.03665176 -0.00026209
v 0.00000355 -0.04302253 0.00185815
v -0.00127413 -0.04280016 0.00061866
v -0.00384763 -0.04756481 0.00003814
v -0.00223678 -0.04780972 0.00111729
v -0.00295220 -0.05033740 0.00188421
v -0.00485030 -0.05124916 0.00183285
v -0.00449758 -0.05008111 0.00088472
v -0.00295220 -0.05033740 0.00188421
v -0.00221097 -0.05144258 0.00267464
v -0.00334102 -0.05153021 0.00249437
v -0.00295220 -0.05033740 0.00188421
v -0.00085597 -0.04805454 0.00193605
v -0.00152283 -0.05059927 0.00234644
v -0.00295220 -0.05033740 0.00188421
v -0.00480422 0.03044475 -0.00010293
v -0.00359692 0.03393989 -0.00077961
v -0.00341914 0.03382338 -0.00157989
v -0.01572922 -0.04858783 -0.00040547
v -0.01660986 -0.04829581 -0.00013295
v -0.01683642 -0.04834345 -0.00092764
v 0.01423955 0.04428241 0.00042191
v 0.01408859 0.03809496 -0.00002279
v 0.01394236 0.03809795 -0.00083808
v 0.01148489 0.05295477 0.00117634
v 0.01217698 0.05285321 0.00124878
v 0.01236158 0.05300030 0.00045521
v 0.00847124 -0.00757470 -0.00079295
v 0.00670398 -0.01489789 -0.00127735
v 0.00675778 -0.01493019 -0.00210303
v 0.00825549 0.05349093 0.00115681
v 0.00881161 0.05351800 0.00071510
v 0.00811420 0.05394938 0.00059471
v 0.00478871 -0.02216070 -0.00002584
v 0.00278162 -0.02933682 0.00142038
v 0.00290571 -0.02942041 0.00060588
v -0.01082767 -0.04962862 0.00044322
v -0.01203901 -0.04939000 -0.00039366
v -0.01175186 -0.04933611 -0.00116724
v 0.01301186 0.05284152 0.00148294
v 0.01366896 0.05263148 0.00185571
v 0.01409881 0.05277475 0.00116275
v 0.00670398 -0.01489789 -0.00127735
v 0.00478871 -0.02216070 -0.00002584
v 0.00495428 -0.02234642 -0.00081576
v -0.00499808 -0.05078256 0.00250176
v -0.00654280 -0.05045503 0.00201012
v -0.00651291 -0.05075793 0.00123999
v 0.01036382 0.05352543 0.00082752
v 0.01090914 0.05317630 0.00103710
v 0.01121847 0.05335593 0.00028932
v -0.01340637 -0.02700109 0.00161972
v -0.01073786 -0.01998799 0.00230824
v -0.01025778 -0.02021221 0.00167421
v -0.01459371 -0.04882914 -0.00075696
v -0.01572922 -0.04858783 -0.00040547
v -0.01597427 -0.04867289 -0.00119190
v -0.01841677 -0.04758814 -0.00035810
v -0.01908680 -0.04711399 -0.00021197
v -0.01918296 -0.04700700 -0.00102795
v -0.00517443 0.00191334 -0.00213597
v -0.00411622 0.00939944 0.00074799
v -0.00392801 0.00945454 -0.00005696
v 0.00123004 0.04721043 0.00051703
v 0.00363999 0.05194735 0.00151927
v 0.00377049 0.05190015 0.00070311
v -0.00236090 -0.05103311 0.00337839
v -0.00354254 -0.05107594 0.00315591
v -0.00334102 -0.05153021 0.00249437
v 0.00881161 0.05351800 0.00071510
v 0.00906184 0.05381240 0.00048615
v 0.00896502 0.05396065 -0.00032295
v 0.01217698 0.05285321 0.00124878
v 0.01301186 0.05284152 0.00148294
v 0.01332632 0.05298279 0.00072986
v -0.01203901 -0.04939000 -0.00039366
v -0.01328942 -0.04910299 -0.00090082
v -0.01310091 -0.04893369 -0.00168893
v 0.01162439 0.01363700 0.00113717
v 0.01084413 0.00709740 -0.00098324
v 0.01097305 0.00715366 -0.00179955
v 0.00642659 0.05445628 0.00147334
v 0.00683037 0.05393438 0.00143593
v 0.00678089 0.05376618 0.00062648
v 0.00527212 0.05407264 0.00121472
v 0.00595317 0.05462827 0.00156069
v 0.00613529 0.05462638 0.00075264
v -0.01602825 -0.03341232 0.00041960
v -0.01340637 -0.02700109 0.00161972
v -0.01281955 -0.02715985 0.00105902
v -0.00272664 0.03750331 -0.00020351
v -0.00132832 0.04172184 -0.00075160
v -0.00150046 0.04184788 -0.00155195
v -0.00354254 -0.05107594 0.00315591
v -0.00499808 -0.05078256 0.00250176
v -0.00485030 -0.05124916 0.00183285
v -0.00411622 0.00939944 0.00074799
v -0.00456896 0.01783195 0.00005394
v -0.00430427 0.01784841 -0.00073069
v 0.01409702 0.04966028 0.00103291
v 0.01423955 0.04428241 0.00042191
v 0.01426147 0.04433927 -0.00040400
v 0.01227033 0.01961732 0.00145848
v 0.01162439 0.01363700 0.00113717
v 0.01186075 0.01376271 0.00035414
v 0.00941082 0.05392441 0.00048452
v 0.00983533 0.05383497 0.00066517
v 0.01001283 0.05389682 -0.00014156
v 0.01391943 0.05198242 0.00186811
v 0.01409702 0.04966028 0.00103291
v 0.01433117 0.04984095 0.00025897
v -0.00456896 0.01783195 0.00005394
v -0.00542196 0.02554669 -0.00005325
v -0.00505259 0.02552691 -0.00079427
v 0.00278162 -0.02933682 0.00142038
v 0.00135912 -0.03657194 0.00054655
v 0.00151957 -0.03665176 -0.00026209
v 0.00135912 -0.03657194 0.00054655
v -0.00038174 -0.04284559 0.00257103
v 0.00000355 -0.04302253 0.00185815
v 0.00363999 0.05194735 0.00151927
v 0.00527212 0.05407264 0.00121472
v 0.00539951 0.05403030 0.00039760
v -0.00175499 -0.05027374 0.00307273
v -0.00236090 -0.05103311 0.00337839
v -0.00221097 -0.05144258 0.00267464
v 0.00595317 0.05462827 0.00156069
v 0.00642659 0.05445628 0.00147334
v 0.00654232 0.05439280 0.00065574
v -0.01860317 -0.04401126 0.00044731
v -0.01808784 -0.03937905 0.00209648
v -0.01799193 -0.03933000 0.00127543
v 0.01408859 0.03809496 -0.00002279
v 0.01330621 0.03329791 0.00050565
v 0.01338844 0.03344932 -0.00030433
v -0.00359692 0.03393989 -0.00077961
v -0.00272664 0.03750331 -0.00020351
v -0.00287638 0.03750892 -0.00101827
v -0.01808784 -0.03937905 0.00209648
v -0.01602825 -0.03341232 0.00041960
v -0.01557378 -0.03360179 -0.00024802
v -0.00654280 -0.05045503 0.00201012
v -0.00809857 -0.05012269 0.00167611
v -0.00785173 -0.05029748 0.00090631
v -0.01073786 -0.01998799 0.00230824
v -0.00889131 -0.01253004 0.00046387
v -0.00842844 -0.01267189 -0.00020826
v -0.00947779 -0.04989135 0.00080532
v -0.01082767 -0.04962862 0.00044322
v -0.01055950 -0.04979490 -0.00032289
v -0.00542196 0.02554669 -0.00005325
v -0.00480422 0.03044475 -0.00010293
v -0.00448618 0.03029133 -0.00085114
v -0.00800362 -0.00470629 0.00071228
v -0.00517443 0.00191334 -0.00213597
v -0.00474611 0.00175551 -0.00282639
v -0.00132832 0.04172184 -0.00075160
v 0.00123004 0.04721043 0.00051703
v 0.00137228 0.04734230 -0.00028817
v 0.01266287 0.02913197 -0.00118225
v 0.01248569 0.02466289 0.00015125
v 0.01267252 0.02441774 -0.00061723
v -0.00809857 -0.05012269 0.00167611
v -0.00947779 -0.04989135 0.00080532
v -0.00915126 -0.05008658 0.00006959
v -0.01908680 -0.04711399 -0.00021197
v -0.01911141 -0.04624126 -0.00010291
v -0.01923071 -0.04608556 -0.00090770
v -0.00889131 -0.01253004 0.00046387
v -0.00800362 -0.00470629 0.00071228
v -0.00750572 -0.00494194 0.00009331
v 0.00976037 -0.00015116 -0.00054321
v 0.00847124 -0.00757470 -0.00079295
v 0.00841752 -0.00751941 -0.00161768
v -0.00038174 -0.04284559 0.00257103
v -0.00124654 -0.04786257 0.00264062
v -0.00085597 -0.04805454 0.00193605
v 0.01090914 0.05317630 0.00103710
v 0.01148489 0.05295477 0.00117634
v 0.01171828 0.05313118 0.00040195
v -0.01660986 -0.04829581 -0.00013295
v -0.01747716 -0.04792814 -0.00016188
v -0.01744940 -0.04790568 -0.00098931
v 0.00747759 0.05364574 0.00137581
v 0.00825549 0.05349093 0.00115681
v 0.00767473 0.05361653 0.00058188
v 0.01248569 0.02466289 0.00015125
v 0.01227033 0.01961732 0.00145848
v 0.01243920 0.01954026 0.00065099
v -0.01747716 -0.04792814 -0.00016188
v -0.01841677 -0.04758814 -0.00035810
v -0.01834910 -0.04751929 -0.00118055
v 0.01366896 0.05263148 0.00185571
v 0.01391943 0.05198242 0.00186811
v 0.01428881 0.05216519 0.00114934
v -0.01911141 -0.04624126 -0.00010291
v -0.01860317 -0.04401126 0.00044731
v -0.01872142 -0.04375962 -0.00033280
v 0.01330621 0.03329791 0.00050565
v 0.01266287 0.02913197 -0.00118225
v 0.01298253 0.02914523 -0.00194740
v 0.00906184 0.05381240 0.00048615
v 0.00941082 0.05392441 0.00048452
v 0.00955038 0.05395110 -0.00033171
v -0.01328942 -0.04910299 -0.00090082
v -0.01459371 -0.04882914 -0.00075696
v -0.01462068 -0.04880212 -0.00158418
v 0.01084413 0.00709740 -0.00098324
v 0.00976037 -0.00015116 -0.00054321
v 0.00972234 -0.00016443 -0.00137047
v 0.00983533 0.05383497 0.00066517
v 0.01036382 0.05352543 0.00082752
v 0.01059774 0.05365980 0.00004447
v -0.00124654 -0.04786257 0.00264062
v -0.00175499 -0.05027374 0.00307273
v -0.00152283 -0.05059927 0.00234644
v 0.00683037 0.05393438 0.00143593
v 0.00747759 0.05364574 0.00137581
v 0.00721464 0.05350420 0.00060393
v -0.01808742 -0.03937669 0.00209648
v -0.00236032 -0.05102982 0.00337839
v -0.01145118 -0.02868994 0.00338966
v 0.01395888 0.05252107 0.00186459
v -0.00623062 -0.02083556 0.00408233
v -0.00785351 -0.02054642 0.00396665
v 0.00364040 0.05194969 0.00151927
v 0.00361833 -0.01426632 -0.00260671
v 0.00675833 -0.01492708 -0.00210303
v -0.01312178 -0.04898454 -0.00168699
v -0.00033533 -0.01394600 -0.00277001
v 0.00788793 0.02571689 -0.00344521
v 0.01096944 0.00715567 -0.00179955
v 0.00976080 -0.00014875 -0.00054321
v 0.00847174 -0.00757186 -0.00079295
v 0.01298284 0.02914698 -0.00194740
v 0.01191797 0.02942895 -0.00256348
v -0.00457071 -0.04210514 -0.00099203
v -0.00385093 -0.04756106 0.00003814
v -0.00480771 0.03044744 -0.00010293
v -0.00272621 0.03750572 -0.00020351
v 0.00829305 0.05037467 -0.00132904
v 0.00939697 0.05404836 -0.00035059
v 0.00978883 0.04961213 -0.00138654
v 0.00659184 0.05251411 0.00183666
v 0.01227081 0.01962002 0.00145848
v 0.01332664 0.05298458 0.00072986
v 0.00841816 -0.00751580 -0.00161768
v 0.01067279 0.02981311 -0.00281974
v -0.00449702 -0.05007792 0.00088472
v 0.00152019 -0.03664827 -0.00026209
v -0.01916510 -0.04706316 -0.00022236
v -0.01759100 -0.04803387 -0.00030733
v -0.00354609 -0.05107361 0.00315591
v 0.00584272 0.05465424 0.00154839
v 0.00613581 0.05462933 0.00075264
v 0.01162464 0.01363843 0.00113717
v 0.01414076 0.03866075 -0.00002037
v 0.01394301 0.03810164 -0.00083808
v 0.01433160 0.04984340 0.00025897
v -0.00352074 -0.05153720 0.00235727
v -0.00221052 -0.05144000 0.00267464
v -0.01611125 -0.04863987 -0.00118970
v -0.00140731 -0.05034903 0.00229759
v -0.00474556 0.00175861 -0.00282639
v -0.01923023 -0.04608286 -0.00090770
v 0.00123035 0.04721223 0.00051703
v 0.00540002 0.05403320 0.00039760
v -0.00027783 0.04153831 -0.00233038
v 0.01203162 0.01515922 0.00062657
v 0.01425585 0.05272058 0.00123652
v 0.01426601 0.04434251 -0.00040400
v -0.00175450 -0.05027096 0.00307273
v 0.00104688 0.04124523 -0.00268017
v -0.00350005 0.03352196 -0.00156847
v -0.01910320 -0.04713952 -0.00106290
v 0.00376526 0.05189296 0.00070447
v -0.00151649 0.04184696 -0.00153876
v -0.01540727 -0.04869657 -0.00154027
v -0.00287579 0.03751226 -0.00101827
f 1 2 3
f 4 5 6
f 7 8 9
f 10 11 12
f 13 14 15
f 16 17 18
f 19 20 21
f 22 23 24
f 25 26 27
f 28 29 30
f 31 32 33
f 34 35 36
f 37 38 39
f 40 41 42
f 43 44 45
f 46 47 48
f 49 50 51
f 52 53 54
f 55 56 57
f 58 59 60
f 61 62 63
f 64 65 66
f 67 68 69
f 70 71 72
f 73 74 75
f 76 77 78
f 79 80 81
f 82 83 84
f 85 86 87
f 88 89 90
f 91 92 93
f 94 95 96
f 97 98 99
f 100 101 102
f 103 104 105
f 106 107 108
f 109 110 111
f 112 113 114
f 115 116 117
f 118 119 120
f 121 122 123
f 124 125 126
f 127 128 129
f 130 131 132
f 133 134 135
f 136 137 138
f 139 140 141
f 142 143 144
f 145 146 147
f 148 149 150
f 151 152 153
f 154 155 156
f 157 158 159
f 160 161 162
f 163 164 165
f 166 167 168
f 169 170 171
f 172 173 174
f 175 176 177
f 178 179 180
f 181 182 183
f 184 185 186
f 187 188 189
f 190 191 192
f 193 194 195
f 196 197 198
f 199 200 201
f 202 203 204
f 205 206 207
f 208 209 210
f 211 212 213
f 214 215 216
f 217 218 219
f 220 221 222
f 223 224 225
f 226 227 228
f 229 230 231
f 232 233 234
f 235 236 237
f 238 239 240
f 241 242 243
f 244 245 246
f 247 248 249
f 250 251 252
f 253 254 255
f 256 257 258
f 259 260 261
f 262 263 264
f 265 266 267
f 268 269 270
f 271 272 273
f 274 275 276
f 277 278 279
f 280 281 282
f 283 284 285
f 286 287 288
f 289 290 291
f 292 293 294
f 295 296 297
f 298 299 300
f 301 302 303
f 304 305 306
f 307 308 309
f 310 311 312
f 313 314 315
f 316 317 318
f 319 320 321
f 322 323 324
f 325 326 327
f 328 329 330
f 331 332 333
f 334 335 336
f 337 338 339
f 340 341 342
f 343 344 345
f 346 347 348
f 349 350 351
f 352 353 354
f 355 356 357
f 358 359 360
f 361 362 363
f 364 365 366
f 367 368 369
f 370 371 372
f 373 374 375
f 376 377 378
f 379 380 381
f 382 383 384
f 385 386 387
f 388 389 390
f 391 392 393
f 394 395 396
f 397 398 399
f 400 401 402
f 403 404 405
f 406 407 408
f 409 410 411
f 412 413 414
f 415 416 417
f 418 419 420
f 421 422 423
f 424 425 426
f 427 428 429
f 430 431 432
f 433 434 435
f 436 437 438
f 439 440 441
f 442 443 444
f 445 446 447
f 448 449 450
f 451 452 453
f 454 455 456
f 457 458 459
f 460 461 462
f 463 464 465
f 466 467 468
f 469 470 471
f 472 473 474
f 475 476 477
f 478 479 480
f 481 482 483
f 484 485 486
f 487 488 489
f 490 491 492
f 493 494 495
f 496 497 498
f 499 500 501
f 502 503 504
f 505 506 507
f 508 509 510
f 511 512 513
f 514 515 516
f 517 518 519
f 520 521 522
f 523 524 525
f 526 527 528
f 529 530 531
f 532 533 534
f 535 536 537
f 538 539 540
f 541 542 543
f 544 545 546
f 547 548 549
f 550 551 552
f 553 554 555
f 556 557 558
f 559 560 561
f 562 563 564
f 565 566 567
f 568 569 570
f 571 572 573
f 574 575 576
f 577 578 579
f 580 581 582
f 583 584 585
f 586 587 588
f 589 590 591
f 592 593 594
f 595 596 597
f 598 599 600
f 601 602 603
f 604 605 606
f 607 608 609
f 610 611 612
f 613 614 615
f 616 617 618
f 619 620 621
f 622 623 624
f 625 626 627
f 628 629 630
f 631 632 633
f 634 635 636
f 637 638 639
f 640 641 642
f 643 644 645
f 646 647 648
f 649 650 651
f 652 653 654
f 655 656 657
f 658 659 660
f 661 662 663
f 664 665 666
f 667 668 669
f 670 671 672
f 673 674 675
f 676 677 678
f 679 680 681
f 682 683 684
f 685 686 687
f 688 689 690
f 691 692 693
f 694 695 696
f 697 698 699
f 700 701 702
f 703 704 705
f 706 707 708
f 709 710 711
f 712 713 714
f 715 716 717
f 718 719 720
f 721 722 723
f 724 725 726
f 727 728 729
f 730 731 732
f 733 734 735
f 736 737 738
f 739 740 741
f 742 743 744
f 745 746 747
f 748 749 750
f 751 752 753
f 754 755 756
f 757 758 759
f 760 761 762
f 763 764 765
f 766 767 768
f 769 770 771
f 772 773 774
f 775 776 777
f 778 779 780
f 781 782 783
f 784 785 786
f 787 788 789
f 790 791 792
f 793 794 795
f 796 797 798
f 799 800 801
f 802 803 804
f 805 806 807
f 808 809 810
f 811 812 813
f 814 815 816
f 817 818 819
f 820 821 822
f 823 824 825
f 826 827 828
f 829 830 831
f 832 833 834
f 835 836 837
f 838 839 840
f 841 842 843
f 844 845 846
f 847 848 849
f 850 851 852
f 853 854 855
f 856 857 858
f 859 860 861
f 862 863 864
f 865 866 867
f 868 869 870
f 871 872 873
f 874 875 876
f 877 878 879
f 880 881 882
f 883 884 885
f 886 887 888
f 889 890 891
f 892 893 894
f 895 896 897
f 898 899 900
f 901 902 903
f 904 905 906
f 907 908 909
f 910 911 912
f 913 914 915
f 916 917 918
f 919 920 921
f 922 923 924
f 925 926 927
f 928 929 930
f 931 932 933
f 934 935 936
f 937 938 939
f 940 941 942
f 943 944 945
f 946 947 948
f 949 950 951
f 952 953 954
f 955 956 957
f 958 959 960
f 961 962 963
f 964 965 966
f 967 968 969
f 970 971 972
f 973 974 975
f 976 977 978
f 979 980 981
f 982 983 984
f 985 986 987
f 988 989 990
f 991 992 993
f 994 995 996
f 997 998 999
f 1000 1001 1002
f 1003 1004 1005
f 1006 1007 1008
f 1009 1010 1011
f 1012 1013 1014
f 1015 1016 1017
f 1018 1019 1020
f 1021 1022 1023
f 1024 1025 1026
f 1027 1028 1029
f 1030 1031 1032
f 1033 1034 1035
f 1036 1037 1038
f 1039 1040 1041
f 1042 1043 1044
f 1045 1046 1047
f 1048 1049 1050
f 1051 1052 1053
f 1054 1055 1056
f 1057 1058 1059
f 1060 1061 1062
f 1063 1064 1065
f 1066 1067 1068
f 1069 1070 1071
f 1072 1073 1074
f 1075 1076 1077
f 1078 1079 1080
f 1081 1082 1083
f 1084 1085 1086
f 1087 1088 1089
f 1090 1091 1092
f 1093 1094 1095
f 1096 1097 1098
f 1099 1100 1101
f 1102 1103 1104
f 1105 1106 1107
f 1108 1109 1110
f 1111 1112 1113
f 1114 1115 1116
f 1117 1118 1119
f 1120 1121 1122
f 1123 1124 1125
f 1126 1127 1128
f 1129 1130 1131
f 1132 1133 1134
f 1135 1136 1137
f 1138 1139 1140
f 1141 1142 1143
f 1144 1145 1146
f 1147 1148 1149
f 1150 1151 1152
f 1153 1154 1155
f 1156 1157 1158
f 1159 1160 1161
f 1162 1163 1164
f 1165 1166 1167
f 1168 1169 1170
f 1171 1172 1173
f 1174 1175 1176
f 1177 1178 1179
f 1180 1181 1182
f 1183 1184 1185
f 1186 1187 1188
f 1189 1190 1191
f 1192 1193 1194
f 1195 1196 1197
f 1198 1199 1200
f 1201 1202 1203
f 1204 1205 1206
f 1207 1208 1209
f 1210 1211 1212
f 1213 1214 1215
f 1216 1217 1218
f 1219 1220 1221
f 1222 1223 1224
f 1225 1226 1227
f 1228 1229 1230
f 1231 1232 1233
f 1234 1235 1236
f 1237 1238 1239
f 1240 1241 1242
f 1243 1244 1245
f 1246 1247 1248
f 1249 1250 1251
f 1252 1253 1254
f 1255 1256 1257
f 1258 1259 1260
f 1261 1262 1263
f 1264 1265 1266
f 1267 1268 1269
f 1270 1271 1272
f 1273 1274 1275
f 1276 1277 1278
f 1279 1280 1281
f 1282 1283 1284
f 1285 1286 1287
f 1288 1289 1290
f 1291 1292 1293
f 1294 1295 1296
f 1297 1298 1299
f 1300 1301 1302
f 1303 1304 1305
f 1306 1307 1308
f 1309 1310 1311
f 1312 1313 1314
f 1315 1316 1317
f 1318 1319 1320
f 1321 1322 1323
f 1324 1325 1326
f 1327 1328 1329
f 1330 1331 1332
f 1333 1334 1335
f 1336 1337 1338
f 1339 1340 1341
f 1342 1343 1344
f 1345 1346 1347
f 1348 1349 1350
f 1351 1352 1353
f 1354 1355 1356
f 1357 1358 1359
f 1360 1361 1362
f 1363 1364 1365
f 1366 1367 1368
f 1369 1370 1371
f 1372 1373 1374
f 1375 1376 1377
f 1378 1379 1380
f 1381 1382 1383
f 1384 1385 1386
f 1387 1388 1389
f 1390 1391 1392
f 1393 1394 1395
f 1396 1397 1398
f 1399 1400 1401
f 1402 1403 1404
f 1405 1406 1407
f 1408 1409 1410
f 1411 1412 1413
f 1414 1415 1416
f 1417 1418 1419
f 1420 1421 1422
f 1423 1424 1425
f 1426 1427 1428
f 1429 1430 1431
f 1432 1433 1434
f 1435 1436 1437
f 1438 1439 1440
f 1441 1442 1443
f 1444 1445 1446
f 1447 1448 1449
f 1450 1451 1452
f 1453 1454 1455
f 1456 1457 1458
f 1459 1460 1461
f 1462 1463 1464
f 1465 1466 1467
f 1468 1469 1470
f 1471 1472 1473
f 1474 1475 1476
f 1477 1478 1479
f 1480 1481 1482
f 1483 1484 1485
f 1486 1487 1488
f 1489 1490 1491
f 1492 1493 1494
f 1495 1496 1497
f 1498 1499 1500
f 1501 1502 1503
f 1504 1505 1506
f 1507 1508 1509
f 1510 1511 1512
f 1513 1514 1515
f 1516 1517 1518
f 1519 1520 1521
f 1522 1523 1524
f 1525 1526 1527
f 1528 1529 1530
f 1531 1532 1533
f 1534 1535 1536
f 1537 1538 1539
f 1540 1541 1542
f 1543 1544 1545
f 1546 1547 1548
f 1549 1550 1551
f 1552 1553 1554
f 1555 1556 1557
f 1558 1559 1560
f 1561 1562 1563
f 1564 1565 1566
f 1567 1568 1569
f 1570 1571 1572
f 1573 1574 1575
f 1576 1577 1578
f 1579 1580 1581
f 1582 1583 1584
f 1585 1586 1587
f 1588 1589 1590
f 1591 1592 1593
f 1594 1595 1596
f 1597 1598 1599
f 1600 1601 1602
f 1603 1604 1605
f 1606 1607 1608
f 1609 1610 1611
f 1612 1613 1614
f 1615 1616 1617
f 1618 1619 1620
f 1621 1622 1623
f 1624 1625 1626
f 1627 1628 1629
f 1630 1631 1632
f 1633 1634 1635
f 1636 1637 1638
f 1639 1640 1641
f 1642 1643 1644
f 1645 1646 1647
f 1648 1649 1650
f 1651 1652 1653
f 1654 1655 1656
f 1657 1658 1659
f 1660 1661 1662
f 1663 1664 1665
f 1666 1667 1668
f 1669 1670 1671
f 1672 1673 1674
f 1675 1676 1677
f 1678 1679 1680
f 1681 1682 1683
f 1684 1685 1686
f 1687 1688 1689
f 1690 1691 1692
f 1693 1694 1695
f 1696 1697 1698
f 1699 1700 1701
f 1702 1703 1704
f 1705 1706 1707
f 1708 1709 1710
f 1711 1712 1713
f 1714 1715 1716
f 1717 1718 1719
f 1720 1721 1722
f 1723 1724 1725
f 1726 1727 1728
f 1729 1730 1731
f 1732 1733 1734
f 1735 1736 1737
f 1738 1739 1740
f 1741 1742 1743
f 1744 1745 1746
f 1747 1748 1749
f 1750 1751 1752
f 1753 1754 1755
f 1756 1757 1758
f 1759 1760 1761
f 1762 1763 1764
f 1765 1766 1767
f 1768 1769 1770
f 1771 1772 1773
f 1774 1775 1776
f 1777 1778 1779
f 1780 1781 1782
f 1783 1784 1785
f 1786 1787 1788
f 1789 1790 1791
f 1792 1793 1794
f 1795 1796 1797
f 1798 1799 1800
f 1801 1802 1803
f 1804 1805 1806
f 1807 1808 1809
f 1810 1811 1812
f 1813 1814 1815
f 1816 1817 1818
f 1819 1820 1821
f 1822 1823 1824
f 1825 1826 1827
f 1828 1829 1830
f 1831 1832 1833
f 1834 1835 1836
f 1837 1838 1839
f 1840 1841 1842
f 1843 1844 1845
f 1846 1847 1848
f 1849 1850 1851
f 1852 1853 1854
f 1855 1856 1857
f 1858 1859 1860
f 1861 1862 1863
f 1864 1865 1866
f 1867 1868 1869
f 1870 1871 1872
f 1873 1874 1875
f 1876 1877 1878
f 1879 1880 1881
f 1882 1883 1884
f 1885 1886 1887
f 1888 1889 1890
f 1891 1892 1893
f 1894 1895 1896
f 1897 1898 1899
f 1900 1901 1902
f 1903 1904 1905
f 1906 1907 1908
f 1909 1910 1911
f 1912 1913 1914
f 1915 1916 1917
f 1918 1919 1920
f 1921 1922 1923
f 1924 1925 1926
f 1927 1928 1929
f 1930 1931 1932
f 1933 1934 1935
f 1936 1937 1938
f 1939 1940 1941
f 1942 1943 1944
f 1945 1946 1947
f 1948 1949 1950
f 1951 1952 1953
f 1954 1955 1956
f 1957 1958 1959
f 1960 1961 1962
f 1963 1964 1965
f 1966 1967 1968
f 1969 1970 1971
f 1972 1973 1974
f 1975 1976 1977
f 1978 1979 1980
f 1981 1982 1983
f 1984 1985 1986
f 1987 1988 1989
f 1990 1991 1992
f 1993 1994 1995
f 1996 1997 1998
f 1999 2000 2001
f 2002 2003 2004
f 2005 2006 2007
f 2008 2009 2010
f 2011 2012 2013
f 2014 2015 2016
f 2017 2018 2019
f 2020 2021 2022
f 2023 2024 2025
f 2026 2027 2028
f 2029 2030 2031
f 2032 2033 2034
f 2035 2036 2037
f 2038 2039 2040
f 2041 2042 2043
f 2044 2045 2046
f 2047 2048 2049
f 2050 2051 2052
f 2053 2054 2055
f 2056 2057 2058
f 2059 2060 2061
f 2062 2063 2064
f 2065 2066 2067
f 2068 2069 2070
f 2071 2072 2073
f 2074 2075 2076
f 2077 2078 2079
f 2080 2081 2082
f 2083 2084 2085
f 2086 2087 2088
f 2089 2090 2091
f 2092 2093 2094
f 2095 2096 2097
f 2098 2099 2100
f 2101 2102 2103
f 2104 2105 2106
f 2107 2108 2109
f 2110 2111 2112
f 2113 2114 2115
f 2116 2117 2118
f 2119 2120 2121
f 2122 2123 2124
f 2125 2126 2127
f 2128 2129 2130
f 2131 2132 2133
f 2134 2135 2136
f 2137 2138 2139
f 2140 2141 2142
f 2143 2144 2145
f 2146 2147 2148
f 2149 2150 2151
f 2152 2153 2154
f 2155 2156 2157
f 2158 2159 2160
f 2161 2162 2163
f 2164 2165 2166
f 2167 2168 2169
f 2170 2171 2172
f 2173 2174 2175
f 2176 2177 2178
f 2179 2180 2181
f 2182 2183 2184
f 2185 2186 2187
f 2188 2189 2190
f 2191 2192 2193
f 2194 2195 2196
f 2197 2198 2199
f 2200 2201 2202
f 2203 2204 2205
f 2206 2207 2208
f 2209 2210 2211
f 2212 2213 2214
f 2215 2216 2217
f 2218 2219 2220
f 2221 2222 2223
f 2224 2225 2226
f 2227 2228 2229
f 2230 2231 2232
f 2233 2234 2235
f 2236 2237 2238
f 2239 2240 2241
f 2242 2243 2244
f 2245 2246 2247
f 2248 2249 2250
f 2251 2252 2253
f 2254 2255 2256
f 2257 2258 2259
f 2260 2261 2262
f 2263 2264 2265
f 2266 2267 2268
f 2269 2270 2271
f 2272 2273 2274
f 2275 2276 2277
f 2278 2279 2280
f 2281 2282 2283
f 2284 2285 2286
f 2287 2288 2289
f 2290 2291 2292
f 2293 2294 2295
f 2296 2297 2298
f 2299 2300 2301
f 2302 2303 2304
f 2305 2306 2307
f 2308 2309 2310
f 2311 2312 2313
f 2314 2315 2316
f 2317 2318 2319
f 2320 2321 2322
f 2323 2324 2325
f 2326 2327 2328
f 2329 2330 2331
f 2332 2333 2334
f 2335 2336 2337
f 2338 2339 2340
f 2341 2342 2343
f 2344 2345 2346
f 2347 2348 2349
f 2350 2351 2352
f 2353 2354 2355
f 2356 2357 2358
f 2359 2360 2361
f 2362 2363 2364
f 2365 2366 2367
f 2368 2369 2370
f 2371 2372 2373
f 2374 2375 2376
f 2377 2378 2379
f 2380 2381 2382
f 2383 2384 2385
f 2386 2387 2388
f 2389 2390 2391
f 2392 2393 2394
f 2395 2396 2397
f 2398 2399 2400
f 2401 2402 2403
f 2404 2405 2406
f 2407 2408 2409
f 2410 2411 2412
f 2413 2414 2415
f 2416 2417 2418
f 2419 2420 2421
f 2422 2423 2424
f 2425 2426 2427
f 2428 2429 2430
f 2431 2432 2433
f 2434 2435 2436
f 2437 2438 2439
f 2440 2441 2442
f 2443 2444 2445
f 2446 2447 2448
f 2449 2450 2451
f 2452 2453 2454
f 2455 2456 2457
f 2458 2459 2460
f 2461 2462 2463
f 2464 2465 2466
f 2467 2468 2469
f 2470 2471 2472
f 2473 2474 2475
f 2476 2477 2478
f 2479 2480 2481
f 2482 2483 2484
f 2485 2486 2487
f 2488 2489 2490
f 2491 2492 2493
f 2494 2495 2496
f 2497 2498 2499
f 2500 2501 2502
f 2503 2504 2505
f 2506 2507 2508
f 2509 2510 2511
f 2512 2513 2514
f 2515 2516 2517
f 2518 2519 2520
f 2521 2522 2523
f 2524 2525 2526
f 2527 2528 2529
f 2530 2531 2532
f 2533 2534 2535
f 2536 2537 2538
f 2539 2540 2541
f 2542 2543 2544
f 2545 2546 2547
f 2548 2549 2550
f 2551 2552 2553
f 2554 2555 2556
f 2557 2558 2559
f 2560 2561 2562
f 2563 2564 2565
f 2566 2567 2568
f 2569 2570 2571
f 2572 2573 2574
f 2575 2576 2577
f 2578 2579 2580
f 2581 2582 2583
f 2584 2585 2586
f 2587 2588 2589
f 2590 2591 2592
f 2593 2594 2595
f 2596 2597 2598
f 2599 2600 2601
f 2602 2603 2604
f 2605 2606 2607
f 2608 2609 2610
f 2611 2612 2613
f 2614 2615 2616
f 2617 2618 2619
f 2620 2621 2622
f 2623 2624 2625
f 2626 2627 2628
f 2629 2630 2631
f 2632 2633 2634
f 2635 2636 2637
f 2638 2639 2640
f 2641 2642 2643
f 2644 2645 2646
f 2647 2648 2649
f 2650 2651 2652
f 2653 2654 2655
f 2656 2657 2658
f 2659 2660 2661
f 2662 2663 2664
f 2665 2666 2667
f 2668 2669 2670
f 2671 2672 2673
f 2674 2675 2676
f 2677 2678 2679
f 2680 2681 2682
f 2683 2684 2685
f 2686 2687 2688
f 2689 2690 2691
f 2692 2693 2694
f 2695 2696 2697
f 2698 2699 2700
f 2701 2702 2703
f 2704 2705 2706
f 2707 2708 2709
f 2710 2711 2712
f 2713 2714 2715
f 2716 2717 2718
f 2719 2720 2721
f 2722 2723 2724
f 2725 2726 2727
f 2728 2729 2730
f 2731 2732 2733
f 2734 2735 2736
f 2737 2738 2739
f 2740 2741 2742
f 2743 2744 2745
f 2746 2747 2748
f 2749 2750 2751
f 2752 2753 2754
f 2755 2756 2757
f 2758 2759 2760
f 2761 2762 2763
f 2764 2765 2766
f 2767 2768 2769
f 2770 2771 2772
f 2773 2774 2775
f 2776 2777 2778
f 2779 2780 2781
f 2782 2783 2784
f 2785 2786 2787
f 2788 2789 2790
f 2791 2792 2793
f 2794 2795 2796
f 2797 2798 2799
f 2800 2801 2802
f 2803 2804 2805
f 2806 2807 2808
f 2809 2810 2811
f 2812 2813 2814
f 2815 2816 2817
f 2818 2819 2820
f 2821 2822 2823
f 2824 2825 2826
f 2827 2828 2829
f 2830 2831 2832
f 2833 2834 2835
f 2836 2837 2838
f 2839 2840 2841
f 2842 2843 2844
f 2845 2846 2847
f 2848 2849 2850
f 2851 2852 2853
f 2854 2855 2856
f 2857 2858 2859
f 2860 2861 2862
f 2863 2864 2865
f 2866 2867 2868
f 2869 2870 2871
f 2872 2873 2874
f 2875 2876 2877
f 2878 2879 2880
f 2881 2882 2883
f 2884 2885 2886
f 2887 2888 2889
f 2890 2891 2892
f 2893 2894 2895
f 2896 2897 2898
f 2899 2900 2901
f 2902 2903 2904
f 2905 2906 2907
f 2908 2909 2910
f 2911 2912 2913
f 2914 2915 2916
f 2917 2918 2919
f 2920 2921 2922
f 2923 2924 2925
f 2926 2927 2928
f 2929 2930 2931
f 2932 2933 2934
f 2935 2936 2937
f 2938 2939 2940
f 2941 2942 2943
f 2944 2945 2946
f 2947 2948 2949
f 2950 2951 2952
f 2953 2954 2955
f 2956 2957 2958
f 2959 2960 2961
f 2962 2963 2964
f 2965 2966 2967
f 2968 2969 2970
f 2971 2972 2973
f 2974 2975 2976
f 2977 2978 2979
f 2980 2981 2982
f 2983 2984 2985
f 2986 2987 2988
f 2989 2990 2991
f 2992 2993 2994
f 2995 2996 2997
f 2998 2999 3000
f 3001 3002 3003
f 3004 3005 3006
f 3007 3008 3009
f 3010 3011 3012
f 3013 3014 3015
f 3016 3017 3018
f 3019 3020 3021
f 3022 3023 3024
f 3025 3026 3027
f 3028 3029 3030
f 3031 3032 3033
f 3034 3035 3036
f 3037 3038 3039
f 3040 3041 3042
f 3043 3044 3045
f 3046 3047 3048
f 3049 3050 3051
f 3052 3053 3054
f 3055 3056 3057
f 3058 3059 3060
f 3061 3062 3063
f 3064 3065 3066
f 3067 3068 3069
f 3070 3071 3072
f 3073 3074 3075
f 3076 3077 3078
f 3079 3080 3081
f 3082 3083 3084
f 3085 3086 3087
f 3088 3089 3090
f 3091 3092 3093
f 3094 3095 3096
f 3097 3098 3099
f 3100 3101 3102
f 3103 3104 3105
f 3106 3107 3108
f 3109 3110 3111
f 3112 3113 3114
f 3115 3116 3117
f 3118 3119 3120
f 3121 3122 3123
f 3124 3125 3126
f 3127 3128 3129
f 3130 3131 3132
f 3133 3134 3135
f 3136 3137 3138
f 3139 3140 3141
f 3142 3143 3144
f 3145 3146 3147
f 3148 3149 3150
f 3151 3152 3153
f 3154 3155 3156
f 3157 3158 3159
f 3160 3161 3162
f 3163 3164 3165
f 3166 3167 3168
f 3169 3170 3171
f 3172 3173 3174
f 3175 3176 3177
f 3178 3179 3180
f 3181 3182 3183
f 3184 3185 3186
f 3187 3188 3189
f 3190 3191 3192
f 3193 3194 3195
f 3196 3197 3198
f 3199 3200 3201
f 3202 3203 3204
f 3205 3206 3207
f 3208 3209 3210
f 3211 3212 3213
f 3214 3215 3216
f 3217 3218 3219
f 3220 3221 3222
f 3223 3224 3225
f 3226 3227 3228
f 3229 3230 3231
f 3232 3233 3234
f 3235 3236 3237
f 3238 3239 3240
f 3241 3242 3243
f 3244 3245 3246
f 3247 3248 3249
f 3250 3251 3252
f 3253 3254 3255
f 3256 3257 3258
f 3259 3260 3261
f 3262 3263 3264
f 3265 3266 3267
f 3268 3269 3270
f 3271 3272 3273
f 3274 3275 3276
f 3277 3278 3279
f 3280 3281 3282
f 3283 3284 3285
f 3286 3287 3288
f 3289 3290 3291
f 3292 3293 3294
f 3295 3296 3297
f 3298 3299 3300
f 3301 3302 3303
f 3304 3305 3306
f 3307 3308 3309
f 3310 3311 3312
f 3313 3314 3315
f 3316 3317 3318
f 3319 3320 3321
f 3322 3323 3324
f 3325 3326 3327
f 3328 3329 3330
f 3331 3332 3333
f 3334 3335 3336
f 3337 3338 3339
f 3340 3341 3342
f 3343 3344 3345
f 3346 3347 3348
f 3349 3350 3351
f 3352 3353 3354
f 3355 3356 3357
f 3358 3359 3360
f 3361 3362 3363
f 3364 3365 3366
f 3367 3368 3369
f 3370 3371 3372
f 3373 3374 3375
f 3376 3377 3378
f 3379 3380 3381
f 3382 3383 3384
f 3385 3386 3387
f 3388 3389 3390
f 3391 3392 3393
f 3394 3395 3396
f 3397 3398 3399
f 3400 3401 3402
f 3403 3404 3405
f 3406 3407 3408
f 3409 3410 3411
f 3412 3413 3414
f 3415 3416 3417
f 3418 3419 3420
f 3421 3422 3423
f 3424 3425 3426
f 3427 3428 3429
f 3430 3431 3432
f 3433 3434 3435
f 3436 3437 3438
f 3439 3440 3441
f 3442 3443 3444
f 3445 3446 3447
f 3448 3449 3450
f 3451 3452 3453
f 3454 3455 3456
f 3457 3458 3459
f 3460 3461 3462
f 3463 3464 3465
f 3466 3467 3468
f 3469 3470 3471
f 3472 3473 3474
f 3475 3476 3477
f 3478 3479 3480
f 3481 3482 3483
f 3484 3485 3486
f 3487 3488 3489
f 3490 3491 3492
f 3493 3494 3495
f 3496 3497 3498
f 3499 3500 3501
f 3502 3503 3504
f 3505 3506 3507
f 3508 3509 3510
f 3511 3512 3513
f 3514 3515 3516
f 3517 3518 3519
f 3520 3521 3522
f 3523 3524 3525
f 3526 3527 3528
f 3529 3530 3531
f 3532 3533 3534
f 3535 3536 3537
f 3538 3539 3540
f 3541 3542 3543
f 3544 3545 3546
f 3547 3548 3549
f 3550 3551 3552
f 3553 3554 3555
f 3556 3557 3558
f 3559 3560 3561
f 3562 3563 3564
f 3565 3566 3567
f 3568 3569 3570
f 3571 3572 3573
f 3574 3575 3576
f 3577 3578 3579
f 3580 3581 3582
f 3583 3584 3585
f 3586 3587 3588
f 3589 3590 3591
f 3592 3593 3594
f 3595 3596 3597
f 3598 3599 3600
f 3601 3602 3603
f 3604 3605 3606
f 3607 3608 3609
f 3610 3611 3612
f 3613 3614 3615
f 3616 3617 3618
f 3619 3620 3621
f 3622 3623 3624
f 3625 3626 3627
f 3628 3629 3630
f 3631 3632 3633
f 3634 3635 3636
f 3637 3638 3639
f 3640 3641 3642
f 3643 3644 3645
f 3646 3647 3648
f 3649 3650 3651
f 3652 3653 3654
f 3655 3656 3657
f 3658 3659 3660
f 3661 3662 3663
f 3664 3665 3666
f 3667 3668 3669
f 3670 3671 3672
f 3673 3674 3675
f 3676 3677 3678
f 3679 3680 3681
f 3682 3683 3684
f 3685 3686 3687
f 3688 3689 3690
f 3691 3692 3693
f 3694 3695 3696
f 3697 3698 3699
f 3700 3701 3702
f 3703 3704 3705
f 3706 3707 3708
f 3709 3710 3711
f 3712 3713 3714
f 3715 3716 3717
f 3718 3719 3720
f 3721 3722 3723
f 3724 3725 3726
f 3727 3728 3729
f 3730 3731 3732
f 3733 3734 3735
f 3736 3737 3738
f 3739 3740 3741
f 3742 3743 3744
f 3745 3746 3747
f 3748 3749 3750
f 3751 3752 3753
f 3754 3755 3756
f 3757 3758 3759
f 3760 3761 3762
f 3763 3764 3765
f 3766 3767 3768
f 3769 3770 3771
f 3772 3773 3770
f 3770 3773 3774
f 3774 3771 3770
f 3774 3775 3769
f 3769 3771 3774
f 3776 3777 3778
f 3778 3779 3776
f 3780 3777 3776
f 3776 3779 3780
f 3781 3782 3783
f 3784 3781 3785
f 3785 3777 3780
f 3785 3781 3777
f 3778 3777 3786
f 3786 3787 3778
f 3769 3775 3788
f 3775 3789 3788
f 3790 3791 3792
f 3773 3772 3793
f 3793 3774 3773
f 3775 3774 3793
f 3794 3772 3770
f 3792 3791 3795
f 3783 3777 3796
f 3796 3781 3783
f 3777 3781 3796
f 3780 3792 3797
f 3797 3785 3780
f 3792 3785 3797
f 3778 3787 3798
f 3799 3786 3777
f 3787 3786 3799
f 3800 3801 3802
f 3802 3770 3769
f 3769 3800 3802
f 3775 3793 3803
f 3803 3793 3772
f 3803 3791 3804
f 3783 3782 3805
f 3772 3794 3806
f 3806 3784 3807
f 3806 3781 3784
f 3792 3795 3808
f 3778 3798 3809
f 3809 3798 3810
f 3809 3801 3811
f 3809 3802 3801
f 3809 3810 3770
f 3770 3802 3809
f 3787 3799 3812
f 3812 3798 3787
f 3810 3798 3812
f 3812 3777 3783
f 3812 3799 3777
f 3780 3779 3813
f 3813 3779 3778
f 3814 3800 3769
f 3769 3788 3814
f 3815 3789 3775
f 3791 3790 3816
f 3790 3817 3816
f 3804 3791 3816
f 3816 3803 3804
f 3775 3803 3816
f 3782 3781 3818
f 3818 3805 3782
f 3794 3805 3818
f 3781 3806 3818
f 3818 3806 3794
f 3819 3808 3795
f 3819 3803 3772
f 3772 3806 3819
f 3806 3808 3819
f 3819 3795 3791
f 3791 3803 3819
f 3820 3806 3807
f 3820 3808 3806
f 3807 3784 3820
f 3784 3785 3820
f 3820 3785 3792
f 3792 3808 3820
f 3770 3810 3821
f 3810 3812 3821
f 3821 3794 3770
f 3821 3805 3794
f 3783 3805 3821
f 3821 3812 3783
f 3780 3813 3822
f 3822 3813 3817
f 3822 3792 3780
f 3822 3790 3792
f 3822 3817 3790
f 3823 3814 3788
f 3817 3813 3824
f 3824 3823 3817
f 3814 3823 3824
f 3800 3814 3824
f 3824 3801 3800
f 3811 3801 3824
f 3775 3816 3825
f 3817 3823 3826
f 3789 3815 3826
f 3826 3816 3817
f 3826 3825 3816
f 3826 3815 3775
f 3775 3825 3826
f 3811 3824 3827
f 3778 3809 3827
f 3827 3809 3811
f 3827 3813 3778
f 3827 3824 3813
f 3828 3823 3788
f 3828 3826 3823
f 3828 3788 3789
f 3789 3826 3828

