# https://github.com/mikedh/trimesh
v -0.11904307 -0.21124966 0.02283711 0.40000000 0.40000000 0.40000000
v -0.12225498 -0.21689321 0.02147761 0.40000000 0.40000000 0.40000000
v -0.08904698 -0.21686782 0.02148006 0.40000000 0.40000000 0.40000000
v -0.08904698 -0.21686782 0.02148006 0.40000000 0.40000000 0.40000000
v -0.08669541 -0.21124966 0.02283711 0.40000000 0.40000000 0.40000000
v -0.11904307 -0.21124966 0.02283711 0.40000000 0.40000000 0.40000000
v -0.11580430 -0.20549868 0.02373018 0.40000000 0.40000000 0.40000000
v -0.11904307 -0.21124966 0.02283711 0.40000000 0.40000000 0.40000000
v -0.08669541 -0.21124966 0.02283711 0.40000000 0.40000000 0.40000000
v -0.08669541 -0.21124966 0.02283711 0.40000000 0.40000000 0.40000000
v -0.08433653 -0.20549868 0.02373012 0.40000000 0.40000000 0.40000000
v -0.11580430 -0.20549868 0.02373018 0.40000000 0.40000000 0.40000000
v -0.11904307 -0.21124966 0.02283711 0.40000000 0.40000000 0.40000000
v -0.11580430 -0.20549868 0.02373018 0.40000000 0.40000000 0.40000000
v -0.13695909 -0.19750552 0.02373012 0.40000000 0.40000000 0.40000000
v -0.13695909 -0.19750552 0.02373012 0.40000000 0.40000000 0.40000000
v -0.14078867 -0.20303383 0.02283711 0.40000000 0.40000000 0.40000000
v -0.11904307 -0.21124966 0.02283711 0.40000000 0.40000000 0.40000000
v -0.12225498 -0.21689321 0.02147761 0.40000000 0.40000000 0.40000000
v -0.11904307 -0.21124966 0.02283711 0.40000000 0.40000000 0.40000000
v -0.14078867 -0.20303383 0.02283711 0.40000000 0.40000000 0.40000000
v -0.14078867 -0.20303383 0.02283711 0.40000000 0.40000000 0.40000000
v -0.14456700 -0.20848696 0.02147590 0.40000000 0.40000000 0.40000000
v -0.12225498 -0.21689321 0.02147761 0.40000000 0.40000000 0.40000000
v 0.14805849 -0.17838345 0.02283711 0.40000000 0.40000000 0.40000000
v 0.15200967 -0.18320376 0.02147761 0.40000000 0.40000000 0.40000000
v 0.15199161 -0.14062954 0.02148006 0.40000000 0.40000000 0.40000000
v 0.15199161 -0.14062954 0.02148006 0.40000000 0.40000000 0.40000000
v 0.14805849 -0.13690981 0.02283711 0.40000000 0.40000000 0.40000000
v 0.14805849 -0.17838345 0.02283711 0.40000000 0.40000000 0.40000000
v 0.14403115 -0.17352603 0.02373018 0.40000000 0.40000000 0.40000000
v 0.14805849 -0.17838345 0.02283711 0.40000000 0.40000000 0.40000000
v 0.14805849 -0.13690981 0.02283711 0.40000000 0.40000000 0.40000000
v 0.14805849 -0.13690981 0.02283711 0.40000000 0.40000000 0.40000000
v 0.14403115 -0.13318032 0.02373012 0.40000000 0.40000000 0.40000000
v 0.14403115 -0.17352603 0.02373018 0.40000000 0.40000000 0.40000000
v 0.14805849 -0.17838345 0.02283711 0.40000000 0.40000000 0.40000000
v 0.14403115 -0.17352603 0.02373018 0.40000000 0.40000000 0.40000000
v 0.13688172 -0.19750552 0.02373012 0.40000000 0.40000000 0.40000000
v 0.13688172 -0.19750552 0.02373012 0.40000000 0.40000000 0.40000000
v 0.14070937 -0.20303383 0.02283711 0.40000000 0.40000000 0.40000000
v 0.14805849 -0.17838345 0.02283711 0.40000000 0.40000000 0.40000000
v 0.15200967 -0.18320376 0.02147761 0.40000000 0.40000000 0.40000000
v 0.14805849 -0.17838345 0.02283711 0.40000000 0.40000000 0.40000000
v 0.14070937 -0.20303383 0.02283711 0.40000000 0.40000000 0.40000000
v 0.14070937 -0.20303383 0.02283711 0.40000000 0.40000000 0.40000000
v 0.14448476 -0.20848696 0.02147590 0.40000000 0.40000000 0.40000000
v 0.15200967 -0.18320376 0.02147761 0.40000000 0.40000000 0.40000000
v 0.11866152 0.21161753 0.02283711 0.40000000 0.40000000 0.40000000
v 0.12186269 0.21726011 0.02147761 0.40000000 0.40000000 0.40000000
v 0.08710195 0.21723472 0.02148006 0.40000000 0.40000000 0.40000000
v 0.08710195 0.21723472 0.02148006 0.40000000 0.40000000 0.40000000
v 0.08480166 0.21161753 0.02283711 0.40000000 0.40000000 0.40000000
v 0.11866152 0.21161753 0.02283711 0.40000000 0.40000000 0.40000000
v 0.11543398 0.20586655 0.02373018 0.40000000 0.40000000 0.40000000
v 0.11866152 0.21161753 0.02283711 0.40000000 0.40000000 0.40000000
v 0.08480166 0.21161753 0.02283711 0.40000000 0.40000000 0.40000000
v 0.08480166 0.21161753 0.02283711 0.40000000 0.40000000 0.40000000
v 0.08249550 0.20586655 0.02373012 0.40000000 0.40000000 0.40000000
v 0.11543398 0.20586655 0.02373018 0.40000000 0.40000000 0.40000000
v 0.11866152 0.21161753 0.02283711 0.40000000 0.40000000 0.40000000
v 0.11543398 0.20586655 0.02373018 0.40000000 0.40000000 0.40000000
v 0.13688222 0.19639584 0.02373012 0.40000000 0.40000000 0.40000000
v 0.13688222 0.19639584 0.02373012 0.40000000 0.40000000 0.40000000
v 0.14070937 0.20188218 0.02283711 0.40000000 0.40000000 0.40000000
v 0.11866152 0.21161753 0.02283711 0.40000000 0.40000000 0.40000000
v 0.12186269 0.21726011 0.02147761 0.40000000 0.40000000 0.40000000
v 0.11866152 0.21161753 0.02283711 0.40000000 0.40000000 0.40000000
v 0.14070937 0.20188218 0.02283711 0.40000000 0.40000000 0.40000000
v 0.14070937 0.20188218 0.02283711 0.40000000 0.40000000 0.40000000
v 0.14448476 0.20729429 0.02147590 0.40000000 0.40000000 0.40000000
v 0.12186269 0.21726011 0.02147761 0.40000000 0.40000000 0.40000000
v -0.14803721 0.17267515 0.02283711 0.40000000 0.40000000 0.40000000
v -0.15198839 0.17732944 0.02147761 0.40000000 0.40000000 0.40000000
v -0.15196984 0.12878159 0.02148006 0.40000000 0.40000000 0.40000000
v -0.15196984 0.12878159 0.02148006 0.40000000 0.40000000 0.40000000
v -0.14803721 0.12538607 0.02283711 0.40000000 0.40000000 0.40000000
v -0.14803721 0.17267515 0.02283711 0.40000000 0.40000000 0.40000000
v -0.14400987 0.16798179 0.02373018 0.40000000 0.40000000 0.40000000
v -0.14803721 0.17267515 0.02283711 0.40000000 0.40000000 0.40000000
v -0.14803721 0.12538607 0.02283711 0.40000000 0.40000000 0.40000000
v -0.14803721 0.12538607 0.02283711 0.40000000 0.40000000 0.40000000
v -0.14401037 0.12197983 0.02373012 0.40000000 0.40000000 0.40000000
v -0.14400987 0.16798179 0.02373018 0.40000000 0.40000000 0.40000000
v -0.14803721 0.17267515 0.02283711 0.40000000 0.40000000 0.40000000
v -0.14400987 0.16798179 0.02373018 0.40000000 0.40000000 0.40000000
v -0.13695909 0.19639584 0.02373012 0.40000000 0.40000000 0.40000000
v -0.13695909 0.19639584 0.02373012 0.40000000 0.40000000 0.40000000
v -0.14078867 0.20188218 0.02283711 0.40000000 0.40000000 0.40000000
v -0.14803721 0.17267515 0.02283711 0.40000000 0.40000000 0.40000000
v -0.15198839 0.17732944 0.02147761 0.40000000 0.40000000 0.40000000
v -0.14803721 0.17267515 0.02283711 0.40000000 0.40000000 0.40000000
v -0.14078867 0.20188218 0.02283711 0.40000000 0.40000000 0.40000000
v -0.14078867 0.20188218 0.02283711 0.40000000 0.40000000 0.40000000
v -0.14456700 0.20729429 0.02147590 0.40000000 0.40000000 0.40000000
v -0.15198839 0.17732944 0.02147761 0.40000000 0.40000000 0.40000000
v -0.11472520 -0.20358071 0.02316786 0.40000000 0.40000000 0.40000000
v -0.11580430 -0.20549868 0.02373018 0.40000000 0.40000000 0.40000000
v -0.08433653 -0.20549868 0.02373012 0.40000000 0.40000000 0.40000000
v -0.08433653 -0.20549868 0.02373012 0.40000000 0.40000000 0.40000000
v -0.08355039 -0.20358071 0.02316786 0.40000000 0.40000000 0.40000000
v -0.11472520 -0.20358071 0.02316786 0.40000000 0.40000000 0.40000000
v -0.11472471 -0.20358071 0.01913582 0.40000000 0.40000000 0.40000000
v -0.11472520 -0.20358071 0.02316786 0.40000000 0.40000000 0.40000000
v -0.08355039 -0.20358071 0.02316786 0.40000000 0.40000000 0.40000000
v -0.08355039 -0.20358071 0.02316786 0.40000000 0.40000000 0.40000000
v -0.08355039 -0.20358071 0.01913582 0.40000000 0.40000000 0.40000000
v -0.11472471 -0.20358071 0.01913582 0.40000000 0.40000000 0.40000000
v -0.11472520 -0.20358071 0.02316786 0.40000000 0.40000000 0.40000000
v -0.11472471 -0.20358071 0.01913582 0.40000000 0.40000000 0.40000000
v -0.13568223 -0.19566274 0.01913588 0.40000000 0.40000000 0.40000000
v -0.13568223 -0.19566274 0.01913588 0.40000000 0.40000000 0.40000000
v -0.13568173 -0.19566274 0.02316786 0.40000000 0.40000000 0.40000000
v -0.11472520 -0.20358071 0.02316786 0.40000000 0.40000000 0.40000000
v -0.11580430 -0.20549868 0.02373018 0.40000000 0.40000000 0.40000000
v -0.11472520 -0.20358071 0.02316786 0.40000000 0.40000000 0.40000000
v -0.13568173 -0.19566274 0.02316786 0.40000000 0.40000000 0.40000000
v -0.13568173 -0.19566274 0.02316786 0.40000000 0.40000000 0.40000000
v -0.13695909 -0.19750552 0.02373012 0.40000000 0.40000000 0.40000000
v -0.11580430 -0.20549868 0.02373018 0.40000000 0.40000000 0.40000000
v 0.14268886 -0.17190687 0.02316786 0.40000000 0.40000000 0.40000000
v 0.14403115 -0.17352603 0.02373018 0.40000000 0.40000000 0.40000000
v 0.14403115 -0.13318032 0.02373012 0.40000000 0.40000000 0.40000000
v 0.14403115 -0.13318032 0.02373012 0.40000000 0.40000000 0.40000000
v 0.14268886 -0.13193716 0.02316786 0.40000000 0.40000000 0.40000000
v 0.14268886 -0.17190687 0.02316786 0.40000000 0.40000000 0.40000000
v 0.14268886 -0.17190687 0.01913582 0.40000000 0.40000000 0.40000000
v 0.14268886 -0.17190687 0.02316786 0.40000000 0.40000000 0.40000000
v 0.14268886 -0.13193716 0.02316786 0.40000000 0.40000000 0.40000000
v 0.14268886 -0.13193716 0.02316786 0.40000000 0.40000000 0.40000000
v 0.14268886 -0.13193813 0.01913582 0.40000000 0.40000000 0.40000000
v 0.14268886 -0.17190687 0.01913582 0.40000000 0.40000000 0.40000000
v 0.14268886 -0.17190687 0.02316786 0.40000000 0.40000000 0.40000000
v 0.14268886 -0.17190687 0.01913582 0.40000000 0.40000000 0.40000000
v 0.13560683 -0.19566274 0.01913588 0.40000000 0.40000000 0.40000000
v 0.13560683 -0.19566274 0.01913588 0.40000000 0.40000000 0.40000000
v 0.13560633 -0.19566274 0.02316786 0.40000000 0.40000000 0.40000000
v 0.14268886 -0.17190687 0.02316786 0.40000000 0.40000000 0.40000000
v 0.14403115 -0.17352603 0.02373018 0.40000000 0.40000000 0.40000000
v 0.14268886 -0.17190687 0.02316786 0.40000000 0.40000000 0.40000000
v 0.13560633 -0.19566274 0.02316786 0.40000000 0.40000000 0.40000000
v 0.13560633 -0.19566274 0.02316786 0.40000000 0.40000000 0.40000000
v 0.13688172 -0.19750552 0.02373012 0.40000000 0.40000000 0.40000000
v 0.14403115 -0.17352603 0.02373018 0.40000000 0.40000000 0.40000000
v 0.11435830 0.20394859 0.02316786 0.40000000 0.40000000 0.40000000
v 0.11543398 0.20586655 0.02373018 0.40000000 0.40000000 0.40000000
v 0.08249550 0.20586655 0.02373012 0.40000000 0.40000000 0.40000000
v 0.08249550 0.20586655 0.02373012 0.40000000 0.40000000 0.40000000
v 0.08172646 0.20394859 0.02316786 0.40000000 0.40000000 0.40000000
v 0.11435830 0.20394859 0.02316786 0.40000000 0.40000000 0.40000000
v 0.11435830 0.20394859 0.01913582 0.40000000 0.40000000 0.40000000
v 0.11435830 0.20394859 0.02316786 0.40000000 0.40000000 0.40000000
v 0.08172646 0.20394859 0.02316786 0.40000000 0.40000000 0.40000000
v 0.08172646 0.20394859 0.02316786 0.40000000 0.40000000 0.40000000
v 0.08172695 0.20394859 0.01913582 0.40000000 0.40000000 0.40000000
v 0.11435830 0.20394859 0.01913582 0.40000000 0.40000000 0.40000000
v 0.11435830 0.20394859 0.02316786 0.40000000 0.40000000 0.40000000
v 0.11435830 0.20394859 0.01913582 0.40000000 0.40000000 0.40000000
v 0.13560683 0.19456577 0.01913588 0.40000000 0.40000000 0.40000000
v 0.13560683 0.19456577 0.01913588 0.40000000 0.40000000 0.40000000
v 0.13560633 0.19456676 0.02316786 0.40000000 0.40000000 0.40000000
v 0.11435830 0.20394859 0.02316786 0.40000000 0.40000000 0.40000000
v 0.11543398 0.20586655 0.02373018 0.40000000 0.40000000 0.40000000
v 0.11435830 0.20394859 0.02316786 0.40000000 0.40000000 0.40000000
v 0.13560633 0.19456676 0.02316786 0.40000000 0.40000000 0.40000000
v 0.13560633 0.19456676 0.02316786 0.40000000 0.40000000 0.40000000
v 0.13688222 0.19639584 0.02373012 0.40000000 0.40000000 0.40000000
v 0.11543398 0.20586655 0.02373018 0.40000000 0.40000000 0.40000000
v -0.14266758 0.16641831 0.02316786 0.40000000 0.40000000 0.40000000
v -0.14400987 0.16798179 0.02373018 0.40000000 0.40000000 0.40000000
v -0.14401037 0.12197983 0.02373012 0.40000000 0.40000000 0.40000000
v -0.14401037 0.12197983 0.02373012 0.40000000 0.40000000 0.40000000
v -0.14266758 0.12084507 0.02316786 0.40000000 0.40000000 0.40000000
v -0.14266758 0.16641831 0.02316786 0.40000000 0.40000000 0.40000000
v -0.14266758 0.16641831 0.01913582 0.40000000 0.40000000 0.40000000
v -0.14266758 0.16641831 0.02316786 0.40000000 0.40000000 0.40000000
v -0.14266758 0.12084507 0.02316786 0.40000000 0.40000000 0.40000000
v -0.14266758 0.12084507 0.02316786 0.40000000 0.40000000 0.40000000
v -0.14266807 0.12084507 0.01913582 0.40000000 0.40000000 0.40000000
v -0.14266758 0.16641831 0.01913582 0.40000000 0.40000000 0.40000000
v -0.14266758 0.16641831 0.02316786 0.40000000 0.40000000 0.40000000
v -0.14266758 0.16641831 0.01913582 0.40000000 0.40000000 0.40000000
v -0.13568223 0.19456577 0.01913588 0.40000000 0.40000000 0.40000000
v -0.13568223 0.19456577 0.01913588 0.40000000 0.40000000 0.40000000
v -0.13568173 0.19456676 0.02316786 0.40000000 0.40000000 0.40000000
v -0.14266758 0.16641831 0.02316786 0.40000000 0.40000000 0.40000000
v -0.14400987 0.16798179 0.02373018 0.40000000 0.40000000 0.40000000
v -0.14266758 0.16641831 0.02316786 0.40000000 0.40000000 0.40000000
v -0.13568173 0.19456676 0.02316786 0.40000000 0.40000000 0.40000000
v -0.13568173 0.19456676 0.02316786 0.40000000 0.40000000 0.40000000
v -0.13695909 0.19639584 0.02373012 0.40000000 0.40000000 0.40000000
v -0.14400987 0.16798179 0.02373018 0.40000000 0.40000000 0.40000000
v -0.11040684 -0.19591273 -0.00554222 0.40000000 0.40000000 0.40000000
v -0.11364512 -0.20166372 -0.00517925 0.40000000 0.40000000 0.40000000
v -0.08276426 -0.20166470 -0.00517925 0.40000000 0.40000000 0.40000000
v -0.08276426 -0.20166470 -0.00517925 0.40000000 0.40000000 0.40000000
v -0.08040538 -0.19591273 -0.00554222 0.40000000 0.40000000 0.40000000
v -0.11040684 -0.19591273 -0.00554222 0.40000000 0.40000000 0.40000000
v -0.10716856 -0.18283853 -0.00554222 0.40000000 0.40000000 0.40000000
v -0.11040684 -0.19591273 -0.00554222 0.40000000 0.40000000 0.40000000
v -0.08040538 -0.19591273 -0.00554222 0.40000000 0.40000000 0.40000000
v -0.08040538 -0.19591273 -0.00554222 0.40000000 0.40000000 0.40000000
v -0.07804698 -0.18283853 -0.00554222 0.40000000 0.40000000 0.40000000
v -0.10716856 -0.18283853 -0.00554222 0.40000000 0.40000000 0.40000000
v -0.11040684 -0.19591273 -0.00554222 0.40000000 0.40000000 0.40000000
v -0.10716856 -0.18283853 -0.00554222 0.40000000 0.40000000 0.40000000
v -0.12271397 -0.17850259 -0.00554234 0.40000000 0.40000000 0.40000000
v -0.12271397 -0.17850259 -0.00554234 0.40000000 0.40000000 0.40000000
v -0.13057530 -0.18829165 -0.00554222 0.40000000 0.40000000 0.40000000
v -0.11040684 -0.19591273 -0.00554222 0.40000000 0.40000000 0.40000000
v -0.11364512 -0.20166372 -0.00517925 0.40000000 0.40000000 0.40000000
v -0.11040684 -0.19591273 -0.00554222 0.40000000 0.40000000 0.40000000
v -0.13057530 -0.18829165 -0.00554222 0.40000000 0.40000000 0.40000000
v -0.13057530 -0.18829165 -0.00554222 0.40000000 0.40000000 0.40000000
v -0.13440488 -0.19381997 -0.00517925 0.40000000 0.40000000 0.40000000
v -0.11364512 -0.20166372 -0.00517925 0.40000000 0.40000000 0.40000000
v 0.13731924 -0.16543032 -0.00554222 0.40000000 0.40000000 0.40000000
v 0.14134657 -0.17028774 -0.00517925 0.40000000 0.40000000 0.40000000
v 0.14134707 -0.13069497 -0.00517925 0.40000000 0.40000000 0.40000000
v 0.14134707 -0.13069497 -0.00517925 0.40000000 0.40000000 0.40000000
v 0.13731924 -0.12696548 -0.00554222 0.40000000 0.40000000 0.40000000
v 0.13731924 -0.16543032 -0.00554222 0.40000000 0.40000000 0.40000000
v 0.12674209 -0.16057290 -0.00554222 0.40000000 0.40000000 0.40000000
v 0.13731924 -0.16543032 -0.00554222 0.40000000 0.40000000 0.40000000
v 0.13731924 -0.12696548 -0.00554222 0.40000000 0.40000000 0.40000000
v 0.13731924 -0.12696548 -0.00554222 0.40000000 0.40000000 0.40000000
v 0.12674257 -0.12323696 -0.00554222 0.40000000 0.40000000 0.40000000
v 0.12674209 -0.16057290 -0.00554222 0.40000000 0.40000000 0.40000000
v 0.13731924 -0.16543032 -0.00554222 0.40000000 0.40000000 0.40000000
v 0.12674209 -0.16057290 -0.00554222 0.40000000 0.40000000 0.40000000
v 0.12257363 -0.17850259 -0.00554234 0.40000000 0.40000000 0.40000000
v 0.12257363 -0.17850259 -0.00554234 0.40000000 0.40000000 0.40000000
v 0.13050283 -0.18829165 -0.00554222 0.40000000 0.40000000 0.40000000
v 0.13731924 -0.16543032 -0.00554222 0.40000000 0.40000000 0.40000000
v 0.14134657 -0.17028774 -0.00517925 0.40000000 0.40000000 0.40000000
v 0.13731924 -0.16543032 -0.00554222 0.40000000 0.40000000 0.40000000
v 0.13050283 -0.18829165 -0.00554222 0.40000000 0.40000000 0.40000000
v 0.13050283 -0.18829165 -0.00554222 0.40000000 0.40000000 0.40000000
v 0.13433094 -0.19381997 -0.00517925 0.40000000 0.40000000 0.40000000
v 0.14134657 -0.17028774 -0.00517925 0.40000000 0.40000000 0.40000000
v 0.11005507 0.19628061 -0.00554222 0.40000000 0.40000000 0.40000000
v 0.11328261 0.20203158 -0.00517925 0.40000000 0.40000000 0.40000000
v 0.08095791 0.20203257 -0.00517925 0.40000000 0.40000000 0.40000000
v 0.08095791 0.20203257 -0.00517925 0.40000000 0.40000000 0.40000000
v 0.07865127 0.19628061 -0.00554222 0.40000000 0.40000000 0.40000000
v 0.11005507 0.19628061 -0.00554222 0.40000000 0.40000000 0.40000000
v 0.10682705 0.18185288 -0.00554222 0.40000000 0.40000000 0.40000000
v 0.11005507 0.19628061 -0.00554222 0.40000000 0.40000000 0.40000000
v 0.07865127 0.19628061 -0.00554222 0.40000000 0.40000000 0.40000000
v 0.07865127 0.19628061 -0.00554222 0.40000000 0.40000000 0.40000000
v 0.07634511 0.18185288 -0.00554222 0.40000000 0.40000000 0.40000000
v 0.10682705 0.18185288 -0.00554222 0.40000000 0.40000000 0.40000000
v 0.11005507 0.19628061 -0.00554222 0.40000000 0.40000000 0.40000000
v 0.10682705 0.18185288 -0.00554222 0.40000000 0.40000000 0.40000000
v 0.12257412 0.17643882 -0.00554234 0.40000000 0.40000000 0.40000000
v 0.12257412 0.17643882 -0.00554234 0.40000000 0.40000000 0.40000000
v 0.13050333 0.18725131 -0.00554222 0.40000000 0.40000000 0.40000000
v 0.11005507 0.19628061 -0.00554222 0.40000000 0.40000000 0.40000000
v 0.11328261 0.20203158 -0.00517925 0.40000000 0.40000000 0.40000000
v 0.11005507 0.19628061 -0.00554222 0.40000000 0.40000000 0.40000000
v 0.13050333 0.18725131 -0.00554222 0.40000000 0.40000000 0.40000000
v 0.13050333 0.18725131 -0.00554222 0.40000000 0.40000000 0.40000000
v 0.13433094 0.19273765 -0.00517925 0.40000000 0.40000000 0.40000000
v 0.11328261 0.20203158 -0.00517925 0.40000000 0.40000000 0.40000000
v -0.13729794 0.16016245 -0.00554222 0.40000000 0.40000000 0.40000000
v -0.14132529 0.16485482 -0.00517925 0.40000000 0.40000000 0.40000000
v -0.14132529 0.11971030 -0.00517925 0.40000000 0.40000000 0.40000000
v -0.14132529 0.11971030 -0.00517925 0.40000000 0.40000000 0.40000000
v -0.13729794 0.11630405 -0.00554222 0.40000000 0.40000000 0.40000000
v -0.13729794 0.16016245 -0.00554222 0.40000000 0.40000000 0.40000000
v -0.12681065 0.15547007 -0.00554222 0.40000000 0.40000000 0.40000000
v -0.13729794 0.16016245 -0.00554222 0.40000000 0.40000000 0.40000000
v -0.13729794 0.11630405 -0.00554222 0.40000000 0.40000000 0.40000000
v -0.13729794 0.11630405 -0.00554222 0.40000000 0.40000000 0.40000000
v -0.12681065 0.11289780 -0.00554222 0.40000000 0.40000000 0.40000000
v -0.12681065 0.15547007 -0.00554222 0.40000000 0.40000000 0.40000000
v -0.13729794 0.16016245 -0.00554222 0.40000000 0.40000000 0.40000000
v -0.12681065 0.15547007 -0.00554222 0.40000000 0.40000000 0.40000000
v -0.12271348 0.17643882 -0.00554234 0.40000000 0.40000000 0.40000000
v -0.12271348 0.17643882 -0.00554234 0.40000000 0.40000000 0.40000000
v -0.13057530 0.18725131 -0.00554222 0.40000000 0.40000000 0.40000000
v -0.13729794 0.16016245 -0.00554222 0.40000000 0.40000000 0.40000000
v -0.14132529 0.16485482 -0.00517925 0.40000000 0.40000000 0.40000000
v -0.13729794 0.16016245 -0.00554222 0.40000000 0.40000000 0.40000000
v -0.13057530 0.18725131 -0.00554222 0.40000000 0.40000000 0.40000000
v -0.13057530 0.18725131 -0.00554222 0.40000000 0.40000000 0.40000000
v -0.13440488 0.19273765 -0.00517925 0.40000000 0.40000000 0.40000000
v -0.14132529 0.16485482 -0.00517925 0.40000000 0.40000000 0.40000000
v 0.10575136 -0.15895376 -0.00554222 0.40000000 0.40000000 0.40000000
v 0.12674209 -0.16057290 -0.00554222 0.40000000 0.40000000 0.40000000
v 0.12674257 -0.12323696 -0.00554222 0.40000000 0.40000000 0.40000000
v 0.12674257 -0.12323696 -0.00554222 0.40000000 0.40000000 0.40000000
v 0.10575136 -0.12199282 -0.00554222 0.40000000 0.40000000 0.40000000
v 0.10575136 -0.15895376 -0.00554222 0.40000000 0.40000000 0.40000000
v 0.07557607 -0.15895376 -0.00554222 0.40000000 0.40000000 0.40000000
v 0.10575136 -0.15895376 -0.00554222 0.40000000 0.40000000 0.40000000
v 0.10575136 -0.12199282 -0.00554222 0.40000000 0.40000000 0.40000000
v 0.10575136 -0.12199282 -0.00554222 0.40000000 0.40000000 0.40000000
v 0.07557607 -0.12199282 -0.00554222 0.40000000 0.40000000 0.40000000
v 0.07557607 -0.15895376 -0.00554222 0.40000000 0.40000000 0.40000000
v 0.10575136 -0.15895376 -0.00554222 0.40000000 0.40000000 0.40000000
v 0.07557607 -0.15895376 -0.00554222 0.40000000 0.40000000 0.40000000
v 0.07634511 -0.18283950 -0.00554222 0.40000000 0.40000000 0.40000000
v 0.07634511 -0.18283950 -0.00554222 0.40000000 0.40000000 0.40000000
v 0.10682705 -0.18283853 -0.00554222 0.40000000 0.40000000 0.40000000
v 0.10575136 -0.15895376 -0.00554222 0.40000000 0.40000000 0.40000000
v 0.12674209 -0.16057290 -0.00554222 0.40000000 0.40000000 0.40000000
v 0.10575136 -0.15895376 -0.00554222 0.40000000 0.40000000 0.40000000
v 0.10682705 -0.18283853 -0.00554222 0.40000000 0.40000000 0.40000000
v 0.10682705 -0.18283853 -0.00554222 0.40000000 0.40000000 0.40000000
v 0.12257363 -0.17850259 -0.00554234 0.40000000 0.40000000 0.40000000
v 0.12674209 -0.16057290 -0.00554222 0.40000000 0.40000000 0.40000000
v 0.11435830 -0.20358071 -0.00409044 0.40000000 0.40000000 0.40000000
v 0.13560633 -0.19566274 -0.00409044 0.40000000 0.40000000 0.40000000
v 0.13433094 -0.19381997 -0.00517925 0.40000000 0.40000000 0.40000000
v 0.13433094 -0.19381997 -0.00517925 0.40000000 0.40000000 0.40000000
v 0.11328212 -0.20166372 -0.00517925 0.40000000 0.40000000 0.40000000
v 0.11435830 -0.20358071 -0.00409044 0.40000000 0.40000000 0.40000000
v 0.08172646 -0.20358071 -0.00409044 0.40000000 0.40000000 0.40000000
v 0.11435830 -0.20358071 -0.00409044 0.40000000 0.40000000 0.40000000
v 0.11328212 -0.20166372 -0.00517925 0.40000000 0.40000000 0.40000000
v 0.11328212 -0.20166372 -0.00517925 0.40000000 0.40000000 0.40000000
v 0.08095839 -0.20166372 -0.00517925 0.40000000 0.40000000 0.40000000
v 0.08172646 -0.20358071 -0.00409044 0.40000000 0.40000000 0.40000000
v 0.11435830 -0.20358071 -0.00409044 0.40000000 0.40000000 0.40000000
v 0.08172646 -0.20358071 -0.00409044 0.40000000 0.40000000 0.40000000
v 0.08172695 -0.20358071 0.00006300 0.40000000 0.40000000 0.40000000
v 0.08172695 -0.20358071 0.00006300 0.40000000 0.40000000 0.40000000
v 0.11435830 -0.20358071 0.00006294 0.40000000 0.40000000 0.40000000
v 0.11435830 -0.20358071 -0.00409044 0.40000000 0.40000000 0.40000000
v 0.13560633 -0.19566274 -0.00409044 0.40000000 0.40000000 0.40000000
v 0.11435830 -0.20358071 -0.00409044 0.40000000 0.40000000 0.40000000
v 0.11435830 -0.20358071 0.00006294 0.40000000 0.40000000 0.40000000
v 0.11435830 -0.20358071 0.00006294 0.40000000 0.40000000 0.40000000
v 0.13560683 -0.19566274 0.00006300 0.40000000 0.40000000 0.40000000
v 0.13560633 -0.19566274 -0.00409044 0.40000000 0.40000000 0.40000000
v 0.14268886 0.16641831 -0.00409044 0.40000000 0.40000000 0.40000000
v 0.13560633 0.19456676 -0.00409044 0.40000000 0.40000000 0.40000000
v 0.13433094 0.19273765 -0.00517925 0.40000000 0.40000000 0.40000000
v 0.13433094 0.19273765 -0.00517925 0.40000000 0.40000000 0.40000000
v 0.14134657 0.16485482 -0.00517925 0.40000000 0.40000000 0.40000000
v 0.14268886 0.16641831 -0.00409044 0.40000000 0.40000000 0.40000000
v 0.14268886 0.12084507 -0.00409044 0.40000000 0.40000000 0.40000000
v 0.14268886 0.16641831 -0.00409044 0.40000000 0.40000000 0.40000000
v 0.14134657 0.16485482 -0.00517925 0.40000000 0.40000000 0.40000000
v 0.14134657 0.16485482 -0.00517925 0.40000000 0.40000000 0.40000000
v 0.14134707 0.11970933 -0.00517925 0.40000000 0.40000000 0.40000000
v 0.14268886 0.12084507 -0.00409044 0.40000000 0.40000000 0.40000000
v 0.14268886 0.16641831 -0.00409044 0.40000000 0.40000000 0.40000000
v 0.14268886 0.12084507 -0.00409044 0.40000000 0.40000000 0.40000000
v 0.14268886 0.12084507 0.00006300 0.40000000 0.40000000 0.40000000
v 0.14268886 0.12084507 0.00006300 0.40000000 0.40000000 0.40000000
v 0.14268886 0.16641831 0.00006294 0.40000000 0.40000000 0.40000000
v 0.14268886 0.16641831 -0.00409044 0.40000000 0.40000000 0.40000000
v 0.13560633 0.19456676 -0.00409044 0.40000000 0.40000000 0.40000000
v 0.14268886 0.16641831 -0.00409044 0.40000000 0.40000000 0.40000000
v 0.14268886 0.16641831 0.00006294 0.40000000 0.40000000 0.40000000
v 0.14268886 0.16641831 0.00006294 0.40000000 0.40000000 0.40000000
v 0.13560683 0.19456577 0.00006300 0.40000000 0.40000000 0.40000000
v 0.13560633 0.19456676 -0.00409044 0.40000000 0.40000000 0.40000000
v -0.11472520 0.20394859 -0.00409044 0.40000000 0.40000000 0.40000000
v -0.13568173 0.19456676 -0.00409044 0.40000000 0.40000000 0.40000000
v -0.13440488 0.19273765 -0.00517925 0.40000000 0.40000000 0.40000000
v -0.13440488 0.19273765 -0.00517925 0.40000000 0.40000000 0.40000000
v -0.11364561 0.20203158 -0.00517925 0.40000000 0.40000000 0.40000000
v -0.11472520 0.20394859 -0.00409044 0.40000000 0.40000000 0.40000000
v -0.08355039 0.20394859 -0.00409044 0.40000000 0.40000000 0.40000000
v -0.11472520 0.20394859 -0.00409044 0.40000000 0.40000000 0.40000000
v -0.11364561 0.20203158 -0.00517925 0.40000000 0.40000000 0.40000000
v -0.11364561 0.20203158 -0.00517925 0.40000000 0.40000000 0.40000000
v -0.08276377 0.20203257 -0.00517925 0.40000000 0.40000000 0.40000000
v -0.08355039 0.20394859 -0.00409044 0.40000000 0.40000000 0.40000000
v -0.11472520 0.20394859 -0.00409044 0.40000000 0.40000000 0.40000000
v -0.08355039 0.20394859 -0.00409044 0.40000000 0.40000000 0.40000000
v -0.08355039 0.20394859 0.00006300 0.40000000 0.40000000 0.40000000
v -0.08355039 0.20394859 0.00006300 0.40000000 0.40000000 0.40000000
v -0.11472471 0.20394859 0.00006294 0.40000000 0.40000000 0.40000000
v -0.11472520 0.20394859 -0.00409044 0.40000000 0.40000000 0.40000000
v -0.13568173 0.19456676 -0.00409044 0.40000000 0.40000000 0.40000000
v -0.11472520 0.20394859 -0.00409044 0.40000000 0.40000000 0.40000000
v -0.11472471 0.20394859 0.00006294 0.40000000 0.40000000 0.40000000
v -0.11472471 0.20394859 0.00006294 0.40000000 0.40000000 0.40000000
v -0.13568223 0.19456676 0.00006300 0.40000000 0.40000000 0.40000000
v -0.13568173 0.19456676 -0.00409044 0.40000000 0.40000000 0.40000000
v -0.14266758 -0.17190687 -0.00409044 0.40000000 0.40000000 0.40000000
v -0.13568173 -0.19566274 -0.00409044 0.40000000 0.40000000 0.40000000
v -0.13440488 -0.19381997 -0.00517925 0.40000000 0.40000000 0.40000000
v -0.13440488 -0.19381997 -0.00517925 0.40000000 0.40000000 0.40000000
v -0.14132529 -0.17028774 -0.00517925 0.40000000 0.40000000 0.40000000
v -0.14266758 -0.17190687 -0.00409044 0.40000000 0.40000000 0.40000000
v -0.14266758 -0.13193716 -0.00409044 0.40000000 0.40000000 0.40000000
v -0.14266758 -0.17190687 -0.00409044 0.40000000 0.40000000 0.40000000
v -0.14132529 -0.17028774 -0.00517925 0.40000000 0.40000000 0.40000000
v -0.14132529 -0.17028774 -0.00517925 0.40000000 0.40000000 0.40000000
v -0.14132480 -0.13069497 -0.00517925 0.40000000 0.40000000 0.40000000
v -0.14266758 -0.13193716 -0.00409044 0.40000000 0.40000000 0.40000000
v -0.14266758 -0.17190687 -0.00409044 0.40000000 0.40000000 0.40000000
v -0.14266758 -0.13193716 -0.00409044 0.40000000 0.40000000 0.40000000
v -0.14266807 -0.13193813 0.00006300 0.40000000 0.40000000 0.40000000
v -0.14266807 -0.13193813 0.00006300 0.40000000 0.40000000 0.40000000
v -0.14266758 -0.17190687 0.00006294 0.40000000 0.40000000 0.40000000
v -0.14266758 -0.17190687 -0.00409044 0.40000000 0.40000000 0.40000000
v -0.13568173 -0.19566274 -0.00409044 0.40000000 0.40000000 0.40000000
v -0.14266758 -0.17190687 -0.00409044 0.40000000 0.40000000 0.40000000
v -0.14266758 -0.17190687 0.00006294 0.40000000 0.40000000 0.40000000
v -0.14266758 -0.17190687 0.00006294 0.40000000 0.40000000 0.40000000
v -0.13568223 -0.19566274 0.00006300 0.40000000 0.40000000 0.40000000
v -0.13568173 -0.19566274 -0.00409044 0.40000000 0.40000000 0.40000000
v 0.11435830 -0.20358071 0.00961964 0.40000000 0.40000000 0.40000000
v 0.13560633 -0.19566274 0.00961964 0.40000000 0.40000000 0.40000000
v 0.13560683 -0.19566274 0.00006300 0.40000000 0.40000000 0.40000000
v 0.13560683 -0.19566274 0.00006300 0.40000000 0.40000000 0.40000000
v 0.11435830 -0.20358071 0.00006294 0.40000000 0.40000000 0.40000000
v 0.11435830 -0.20358071 0.00961964 0.40000000 0.40000000 0.40000000
v 0.08172646 -0.20358071 0.00961964 0.40000000 0.40000000 0.40000000
v 0.11435830 -0.20358071 0.00961964 0.40000000 0.40000000 0.40000000
v 0.11435830 -0.20358071 0.00006294 0.40000000 0.40000000 0.40000000
v 0.11435830 -0.20358071 0.00006294 0.40000000 0.40000000 0.40000000
v 0.08172695 -0.20358071 0.00006300 0.40000000 0.40000000 0.40000000
v 0.08172646 -0.20358071 0.00961964 0.40000000 0.40000000 0.40000000
v 0.11435830 -0.20358071 0.00961964 0.40000000 0.40000000 0.40000000
v 0.08172646 -0.20358071 0.00961964 0.40000000 0.40000000 0.40000000
v 0.08172695 -0.20358071 0.01913582 0.40000000 0.40000000 0.40000000
v 0.08172695 -0.20358071 0.01913582 0.40000000 0.40000000 0.40000000
v 0.11435830 -0.20358071 0.01913582 0.40000000 0.40000000 0.40000000
v 0.11435830 -0.20358071 0.00961964 0.40000000 0.40000000 0.40000000
v 0.13560633 -0.19566274 0.00961964 0.40000000 0.40000000 0.40000000
v 0.11435830 -0.20358071 0.00961964 0.40000000 0.40000000 0.40000000
v 0.11435830 -0.20358071 0.01913582 0.40000000 0.40000000 0.40000000
v 0.11435830 -0.20358071 0.01913582 0.40000000 0.40000000 0.40000000
v 0.13560683 -0.19566274 0.01913588 0.40000000 0.40000000 0.40000000
v 0.13560633 -0.19566274 0.00961964 0.40000000 0.40000000 0.40000000
v 0.14268886 0.16641831 0.00961964 0.40000000 0.40000000 0.40000000
v 0.13560633 0.19456676 0.00961964 0.40000000 0.40000000 0.40000000
v 0.13560683 0.19456577 0.00006300 0.40000000 0.40000000 0.40000000
v 0.13560683 0.19456577 0.00006300 0.40000000 0.40000000 0.40000000
v 0.14268886 0.16641831 0.00006294 0.40000000 0.40000000 0.40000000
v 0.14268886 0.16641831 0.00961964 0.40000000 0.40000000 0.40000000
v 0.14268886 0.12084507 0.00961964 0.40000000 0.40000000 0.40000000
v 0.14268886 0.16641831 0.00961964 0.40000000 0.40000000 0.40000000
v 0.14268886 0.16641831 0.00006294 0.40000000 0.40000000 0.40000000
v 0.14268886 0.16641831 0.00006294 0.40000000 0.40000000 0.40000000
v 0.14268886 0.12084507 0.00006300 0.40000000 0.40000000 0.40000000
v 0.14268886 0.12084507 0.00961964 0.40000000 0.40000000 0.40000000
v 0.14268886 0.16641831 0.00961964 0.40000000 0.40000000 0.40000000
v 0.14268886 0.12084507 0.00961964 0.40000000 0.40000000 0.40000000
v 0.14268886 0.12084507 0.01913582 0.40000000 0.40000000 0.40000000
v 0.14268886 0.12084507 0.01913582 0.40000000 0.40000000 0.40000000
v 0.14268886 0.16641831 0.01913582 0.40000000 0.40000000 0.40000000
v 0.14268886 0.16641831 0.00961964 0.40000000 0.40000000 0.40000000
v 0.13560633 0.19456676 0.00961964 0.40000000 0.40000000 0.40000000
v 0.14268886 0.16641831 0.00961964 0.40000000 0.40000000 0.40000000
v 0.14268886 0.16641831 0.01913582 0.40000000 0.40000000 0.40000000
v 0.14268886 0.16641831 0.01913582 0.40000000 0.40000000 0.40000000
v 0.13560683 0.19456577 0.01913588 0.40000000 0.40000000 0.40000000
v 0.13560633 0.19456676 0.00961964 0.40000000 0.40000000 0.40000000
v -0.11472520 0.20394859 0.00961964 0.40000000 0.40000000 0.40000000
v -0.13568173 0.19456676 0.00961964 0.40000000 0.40000000 0.40000000
v -0.13568223 0.19456676 0.00006300 0.40000000 0.40000000 0.40000000
v -0.13568223 0.19456676 0.00006300 0.40000000 0.40000000 0.40000000
v -0.11472471 0.20394859 0.00006294 0.40000000 0.40000000 0.40000000
v -0.11472520 0.20394859 0.00961964 0.40000000 0.40000000 0.40000000
v -0.08355039 0.20394859 0.00961964 0.40000000 0.40000000 0.40000000
v -0.11472520 0.20394859 0.00961964 0.40000000 0.40000000 0.40000000
v -0.11472471 0.20394859 0.00006294 0.40000000 0.40000000 0.40000000
v -0.11472471 0.20394859 0.00006294 0.40000000 0.40000000 0.40000000
v -0.08355039 0.20394859 0.00006300 0.40000000 0.40000000 0.40000000
v -0.08355039 0.20394859 0.00961964 0.40000000 0.40000000 0.40000000
v -0.11472520 0.20394859 0.00961964 0.40000000 0.40000000 0.40000000
v -0.08355039 0.20394859 0.00961964 0.40000000 0.40000000 0.40000000
v -0.08355039 0.20394859 0.01913582 0.40000000 0.40000000 0.40000000
v -0.08355039 0.20394859 0.01913582 0.40000000 0.40000000 0.40000000
v -0.11472471 0.20394859 0.01913582 0.40000000 0.40000000 0.40000000
v -0.11472520 0.20394859 0.00961964 0.40000000 0.40000000 0.40000000
v -0.13568173 0.19456676 0.00961964 0.40000000 0.40000000 0.40000000
v -0.11472520 0.20394859 0.00961964 0.40000000 0.40000000 0.40000000
v -0.11472471 0.20394859 0.01913582 0.40000000 0.40000000 0.40000000
v -0.11472471 0.20394859 0.01913582 0.40000000 0.40000000 0.40000000
v -0.13568223 0.19456577 0.01913588 0.40000000 0.40000000 0.40000000
v -0.13568173 0.19456676 0.00961964 0.40000000 0.40000000 0.40000000
v -0.14266758 -0.17190687 0.00961964 0.40000000 0.40000000 0.40000000
v -0.13568173 -0.19566274 0.00961964 0.40000000 0.40000000 0.40000000
v -0.13568223 -0.19566274 0.00006300 0.40000000 0.40000000 0.40000000
v -0.13568223 -0.19566274 0.00006300 0.40000000 0.40000000 0.40000000
v -0.14266758 -0.17190687 0.00006294 0.40000000 0.40000000 0.40000000
v -0.14266758 -0.17190687 0.00961964 0.40000000 0.40000000 0.40000000
v -0.14266758 -0.13193716 0.00961964 0.40000000 0.40000000 0.40000000
v -0.14266758 -0.17190687 0.00961964 0.40000000 0.40000000 0.40000000
v -0.14266758 -0.17190687 0.00006294 0.40000000 0.40000000 0.40000000
v -0.14266758 -0.17190687 0.00006294 0.40000000 0.40000000 0.40000000
v -0.14266807 -0.13193813 0.00006300 0.40000000 0.40000000 0.40000000
v -0.14266758 -0.13193716 0.00961964 0.40000000 0.40000000 0.40000000
v -0.14266758 -0.17190687 0.00961964 0.40000000 0.40000000 0.40000000
v -0.14266758 -0.13193716 0.00961964 0.40000000 0.40000000 0.40000000
v -0.14266807 -0.13193813 0.01913582 0.40000000 0.40000000 0.40000000
v -0.14266807 -0.13193813 0.01913582 0.40000000 0.40000000 0.40000000
v -0.14266758 -0.17190687 0.01913582 0.40000000 0.40000000 0.40000000
v -0.14266758 -0.17190687 0.00961964 0.40000000 0.40000000 0.40000000
v -0.13568173 -0.19566274 0.00961964 0.40000000 0.40000000 0.40000000
v -0.14266758 -0.17190687 0.00961964 0.40000000 0.40000000 0.40000000
v -0.14266758 -0.17190687 0.01913582 0.40000000 0.40000000 0.40000000
v -0.14266758 -0.17190687 0.01913582 0.40000000 0.40000000 0.40000000
v -0.13568223 -0.19566274 0.01913588 0.40000000 0.40000000 0.40000000
v -0.13568173 -0.19566274 0.00961964 0.40000000 0.40000000 0.40000000
v 0.14805849 -0.07822036 0.02283711 0.40000000 0.40000000 0.40000000
v 0.15198573 -0.08035317 0.02148091 0.40000000 0.40000000 0.40000000
v 0.15198524 -0.00993423 0.02148091 0.40000000 0.40000000 0.40000000
v 0.15198524 -0.00993423 0.02148091 0.40000000 0.40000000 0.40000000
v 0.14805849 -0.00966567 0.02283711 0.40000000 0.40000000 0.40000000
v 0.14805849 -0.07822036 0.02283711 0.40000000 0.40000000 0.40000000
v 0.14403115 -0.07608755 0.02373018 0.40000000 0.40000000 0.40000000
v 0.14805849 -0.07822036 0.02283711 0.40000000 0.40000000 0.40000000
v 0.14805849 -0.00966567 0.02283711 0.40000000 0.40000000 0.40000000
v 0.14805849 -0.00966567 0.02283711 0.40000000 0.40000000 0.40000000
v 0.14403115 -0.00939712 0.02373012 0.40000000 0.40000000 0.40000000
v 0.14403115 -0.07608755 0.02373018 0.40000000 0.40000000 0.40000000
v 0.14805849 -0.07822036 0.02283711 0.40000000 0.40000000 0.40000000
v 0.14403115 -0.07608755 0.02373018 0.40000000 0.40000000 0.40000000
v 0.14403115 -0.13318032 0.02373012 0.40000000 0.40000000 0.40000000
v 0.14403115 -0.13318032 0.02373012 0.40000000 0.40000000 0.40000000
v 0.14805849 -0.13690981 0.02283711 0.40000000 0.40000000 0.40000000
v 0.14805849 -0.07822036 0.02283711 0.40000000 0.40000000 0.40000000
v 0.15198573 -0.08035317 0.02148091 0.40000000 0.40000000 0.40000000
v 0.14805849 -0.07822036 0.02283711 0.40000000 0.40000000 0.40000000
v 0.14805849 -0.13690981 0.02283711 0.40000000 0.40000000 0.40000000
v 0.14805849 -0.13690981 0.02283711 0.40000000 0.40000000 0.40000000
v 0.15199161 -0.14062954 0.02148006 0.40000000 0.40000000 0.40000000
v 0.15198573 -0.08035317 0.02148091 0.40000000 0.40000000 0.40000000
v -0.14803721 -0.17838345 0.02283711 0.40000000 0.40000000 0.40000000
v -0.14803721 -0.13690981 0.02283711 0.40000000 0.40000000 0.40000000
v -0.15197033 -0.14062954 0.02148006 0.40000000 0.40000000 0.40000000
v -0.15197033 -0.14062954 0.02148006 0.40000000 0.40000000 0.40000000
v -0.15198839 -0.18320376 0.02147761 0.40000000 0.40000000 0.40000000
v -0.14803721 -0.17838345 0.02283711 0.40000000 0.40000000 0.40000000
v -0.14078867 -0.20303383 0.02283711 0.40000000 0.40000000 0.40000000
v -0.14803721 -0.17838345 0.02283711 0.40000000 0.40000000 0.40000000
v -0.15198839 -0.18320376 0.02147761 0.40000000 0.40000000 0.40000000
v -0.15198839 -0.18320376 0.02147761 0.40000000 0.40000000 0.40000000
v -0.14456700 -0.20848696 0.02147590 0.40000000 0.40000000 0.40000000
v -0.14078867 -0.20303383 0.02283711 0.40000000 0.40000000 0.40000000
v -0.14803721 -0.17838345 0.02283711 0.40000000 0.40000000 0.40000000
v -0.14078867 -0.20303383 0.02283711 0.40000000 0.40000000 0.40000000
v -0.13695909 -0.19750552 0.02373012 0.40000000 0.40000000 0.40000000
v -0.13695909 -0.19750552 0.02373012 0.40000000 0.40000000 0.40000000
v -0.14400987 -0.17352603 0.02373018 0.40000000 0.40000000 0.40000000
v -0.14803721 -0.17838345 0.02283711 0.40000000 0.40000000 0.40000000
v -0.14803721 -0.13690981 0.02283711 0.40000000 0.40000000 0.40000000
v -0.14803721 -0.17838345 0.02283711 0.40000000 0.40000000 0.40000000
v -0.14400987 -0.17352603 0.02373018 0.40000000 0.40000000 0.40000000
v -0.14400987 -0.17352603 0.02373018 0.40000000 0.40000000 0.40000000
v -0.14401037 -0.13318032 0.02373012 0.40000000 0.40000000 0.40000000
v -0.14803721 -0.13690981 0.02283711 0.40000000 0.40000000 0.40000000
v 0.14268886 -0.07537661 0.02316786 0.40000000 0.40000000 0.40000000
v 0.14403115 -0.07608755 0.02373018 0.40000000 0.40000000 0.40000000
v 0.14403115 -0.00939712 0.02373012 0.40000000 0.40000000 0.40000000
v 0.14403115 -0.00939712 0.02373012 0.40000000 0.40000000 0.40000000
v 0.14268886 -0.00930825 0.02316786 0.40000000 0.40000000 0.40000000
v 0.14268886 -0.07537661 0.02316786 0.40000000 0.40000000 0.40000000
v 0.14268886 -0.07537661 0.01913582 0.40000000 0.40000000 0.40000000
v 0.14268886 -0.07537661 0.02316786 0.40000000 0.40000000 0.40000000
v 0.14268886 -0.00930825 0.02316786 0.40000000 0.40000000 0.40000000
v 0.14268886 -0.00930825 0.02316786 0.40000000 0.40000000 0.40000000
v 0.14268886 -0.00930825 0.01913582 0.40000000 0.40000000 0.40000000
v 0.14268886 -0.07537661 0.01913582 0.40000000 0.40000000 0.40000000
v 0.14268886 -0.07537661 0.02316786 0.40000000 0.40000000 0.40000000
v 0.14268886 -0.07537661 0.01913582 0.40000000 0.40000000 0.40000000
v 0.14268886 -0.13193813 0.01913582 0.40000000 0.40000000 0.40000000
v 0.14268886 -0.13193813 0.01913582 0.40000000 0.40000000 0.40000000
v 0.14268886 -0.13193716 0.02316786 0.40000000 0.40000000 0.40000000
v 0.14268886 -0.07537661 0.02316786 0.40000000 0.40000000 0.40000000
v 0.14403115 -0.07608755 0.02373018 0.40000000 0.40000000 0.40000000
v 0.14268886 -0.07537661 0.02316786 0.40000000 0.40000000 0.40000000
v 0.14268886 -0.13193716 0.02316786 0.40000000 0.40000000 0.40000000
v 0.14268886 -0.13193716 0.02316786 0.40000000 0.40000000 0.40000000
v 0.14403115 -0.13318032 0.02373012 0.40000000 0.40000000 0.40000000
v 0.14403115 -0.07608755 0.02373018 0.40000000 0.40000000 0.40000000
v -0.14266758 -0.17190687 0.02316786 0.40000000 0.40000000 0.40000000
v -0.14400987 -0.17352603 0.02373018 0.40000000 0.40000000 0.40000000
v -0.13695909 -0.19750552 0.02373012 0.40000000 0.40000000 0.40000000
v -0.13695909 -0.19750552 0.02373012 0.40000000 0.40000000 0.40000000
v -0.13568173 -0.19566274 0.02316786 0.40000000 0.40000000 0.40000000
v -0.14266758 -0.17190687 0.02316786 0.40000000 0.40000000 0.40000000
v -0.14266758 -0.17190687 0.01913582 0.40000000 0.40000000 0.40000000
v -0.14266758 -0.17190687 0.02316786 0.40000000 0.40000000 0.40000000
v -0.13568173 -0.19566274 0.02316786 0.40000000 0.40000000 0.40000000
v -0.13568173 -0.19566274 0.02316786 0.40000000 0.40000000 0.40000000
v -0.13568223 -0.19566274 0.01913588 0.40000000 0.40000000 0.40000000
v -0.14266758 -0.17190687 0.01913582 0.40000000 0.40000000 0.40000000
v -0.14266758 -0.17190687 0.02316786 0.40000000 0.40000000 0.40000000
v -0.14266758 -0.17190687 0.01913582 0.40000000 0.40000000 0.40000000
v -0.14266807 -0.13193813 0.01913582 0.40000000 0.40000000 0.40000000
v -0.14266807 -0.13193813 0.01913582 0.40000000 0.40000000 0.40000000
v -0.14266758 -0.13193716 0.02316786 0.40000000 0.40000000 0.40000000
v -0.14266758 -0.17190687 0.02316786 0.40000000 0.40000000 0.40000000
v -0.14400987 -0.17352603 0.02373018 0.40000000 0.40000000 0.40000000
v -0.14266758 -0.17190687 0.02316786 0.40000000 0.40000000 0.40000000
v -0.14266758 -0.13193716 0.02316786 0.40000000 0.40000000 0.40000000
v -0.14266758 -0.13193716 0.02316786 0.40000000 0.40000000 0.40000000
v -0.14401037 -0.13318032 0.02373012 0.40000000 0.40000000 0.40000000
v -0.14400987 -0.17352603 0.02373018 0.40000000 0.40000000 0.40000000
v 0.13731924 -0.07253286 -0.00554222 0.40000000 0.40000000 0.40000000
v 0.14134657 -0.07466567 -0.00517925 0.40000000 0.40000000 0.40000000
v 0.14134707 -0.00921938 -0.00517925 0.40000000 0.40000000 0.40000000
v 0.14134707 -0.00921938 -0.00517925 0.40000000 0.40000000 0.40000000
v 0.13731924 -0.00895083 -0.00554222 0.40000000 0.40000000 0.40000000
v 0.13731924 -0.07253286 -0.00554222 0.40000000 0.40000000 0.40000000
v 0.12674209 -0.07040005 -0.00554222 0.40000000 0.40000000 0.40000000
v 0.13731924 -0.07253286 -0.00554222 0.40000000 0.40000000 0.40000000
v 0.13731924 -0.00895083 -0.00554222 0.40000000 0.40000000 0.40000000
v 0.13731924 -0.00895083 -0.00554222 0.40000000 0.40000000 0.40000000
v 0.12674257 -0.00868325 -0.00554222 0.40000000 0.40000000 0.40000000
v 0.12674209 -0.07040005 -0.00554222 0.40000000 0.40000000 0.40000000
v 0.13731924 -0.07253286 -0.00554222 0.40000000 0.40000000 0.40000000
v 0.12674209 -0.07040005 -0.00554222 0.40000000 0.40000000 0.40000000
v 0.12674257 -0.12323696 -0.00554222 0.40000000 0.40000000 0.40000000
v 0.12674257 -0.12323696 -0.00554222 0.40000000 0.40000000 0.40000000
v 0.13731924 -0.12696548 -0.00554222 0.40000000 0.40000000 0.40000000
v 0.13731924 -0.07253286 -0.00554222 0.40000000 0.40000000 0.40000000
v 0.14134657 -0.07466567 -0.00517925 0.40000000 0.40000000 0.40000000
v 0.13731924 -0.07253286 -0.00554222 0.40000000 0.40000000 0.40000000
v 0.13731924 -0.12696548 -0.00554222 0.40000000 0.40000000 0.40000000
v 0.13731924 -0.12696548 -0.00554222 0.40000000 0.40000000 0.40000000
v 0.14134707 -0.13069497 -0.00517925 0.40000000 0.40000000 0.40000000
v 0.14134657 -0.07466567 -0.00517925 0.40000000 0.40000000 0.40000000
v -0.13729794 -0.16543032 -0.00554222 0.40000000 0.40000000 0.40000000
v -0.13729794 -0.12696548 -0.00554222 0.40000000 0.40000000 0.40000000
v -0.14132480 -0.13069497 -0.00517925 0.40000000 0.40000000 0.40000000
v -0.14132480 -0.13069497 -0.00517925 0.40000000 0.40000000 0.40000000
v -0.14132529 -0.17028774 -0.00517925 0.40000000 0.40000000 0.40000000
v -0.13729794 -0.16543032 -0.00554222 0.40000000 0.40000000 0.40000000
v -0.13057530 -0.18829165 -0.00554222 0.40000000 0.40000000 0.40000000
v -0.13729794 -0.16543032 -0.00554222 0.40000000 0.40000000 0.40000000
v -0.14132529 -0.17028774 -0.00517925 0.40000000 0.40000000 0.40000000
v -0.14132529 -0.17028774 -0.00517925 0.40000000 0.40000000 0.40000000
v -0.13440488 -0.19381997 -0.00517925 0.40000000 0.40000000 0.40000000
v -0.13057530 -0.18829165 -0.00554222 0.40000000 0.40000000 0.40000000
v -0.13729794 -0.16543032 -0.00554222 0.40000000 0.40000000 0.40000000
v -0.13057530 -0.18829165 -0.00554222 0.40000000 0.40000000 0.40000000
v -0.12271397 -0.17850259 -0.00554234 0.40000000 0.40000000 0.40000000
v -0.12271397 -0.17850259 -0.00554234 0.40000000 0.40000000 0.40000000
v -0.12681065 -0.16057290 -0.00554222 0.40000000 0.40000000 0.40000000
v -0.13729794 -0.16543032 -0.00554222 0.40000000 0.40000000 0.40000000
v -0.13729794 -0.12696548 -0.00554222 0.40000000 0.40000000 0.40000000
v -0.13729794 -0.16543032 -0.00554222 0.40000000 0.40000000 0.40000000
v -0.12681065 -0.16057290 -0.00554222 0.40000000 0.40000000 0.40000000
v -0.12681065 -0.16057290 -0.00554222 0.40000000 0.40000000 0.40000000
v -0.12681065 -0.12323696 -0.00554222 0.40000000 0.40000000 0.40000000
v -0.13729794 -0.12696548 -0.00554222 0.40000000 0.40000000 0.40000000
v 0.10575136 -0.06969009 -0.00554222 0.40000000 0.40000000 0.40000000
v 0.12674209 -0.07040005 -0.00554222 0.40000000 0.40000000 0.40000000
v 0.12674257 -0.00868325 -0.00554222 0.40000000 0.40000000 0.40000000
v 0.12674257 -0.00868325 -0.00554222 0.40000000 0.40000000 0.40000000
v 0.10575136 -0.00859438 -0.00554222 0.40000000 0.40000000 0.40000000
v 0.10575136 -0.06969009 -0.00554222 0.40000000 0.40000000 0.40000000
v 0.07557607 -0.06968911 -0.00554222 0.40000000 0.40000000 0.40000000
v 0.10575136 -0.06969009 -0.00554222 0.40000000 0.40000000 0.40000000
v 0.10575136 -0.00859438 -0.00554222 0.40000000 0.40000000 0.40000000
v 0.10575136 -0.00859438 -0.00554222 0.40000000 0.40000000 0.40000000
v 0.07557607 -0.00859341 -0.00554222 0.40000000 0.40000000 0.40000000
v 0.07557607 -0.06968911 -0.00554222 0.40000000 0.40000000 0.40000000
v 0.10575136 -0.06969009 -0.00554222 0.40000000 0.40000000 0.40000000
v 0.07557607 -0.06968911 -0.00554222 0.40000000 0.40000000 0.40000000
v 0.07557607 -0.12199282 -0.00554222 0.40000000 0.40000000 0.40000000
v 0.07557607 -0.12199282 -0.00554222 0.40000000 0.40000000 0.40000000
v 0.10575136 -0.12199282 -0.00554222 0.40000000 0.40000000 0.40000000
v 0.10575136 -0.06969009 -0.00554222 0.40000000 0.40000000 0.40000000
v 0.12674209 -0.07040005 -0.00554222 0.40000000 0.40000000 0.40000000
v 0.10575136 -0.06969009 -0.00554222 0.40000000 0.40000000 0.40000000
v 0.10575136 -0.12199282 -0.00554222 0.40000000 0.40000000 0.40000000
v 0.10575136 -0.12199282 -0.00554222 0.40000000 0.40000000 0.40000000
v 0.12674257 -0.12323696 -0.00554222 0.40000000 0.40000000 0.40000000
v 0.12674209 -0.07040005 -0.00554222 0.40000000 0.40000000 0.40000000
v 0.14268886 -0.17190687 -0.00409044 0.40000000 0.40000000 0.40000000
v 0.14134657 -0.17028774 -0.00517925 0.40000000 0.40000000 0.40000000
v 0.13433094 -0.19381997 -0.00517925 0.40000000 0.40000000 0.40000000
v 0.13433094 -0.19381997 -0.00517925 0.40000000 0.40000000 0.40000000
v 0.13560633 -0.19566274 -0.00409044 0.40000000 0.40000000 0.40000000
v 0.14268886 -0.17190687 -0.00409044 0.40000000 0.40000000 0.40000000
v 0.14268886 -0.17190687 0.00006294 0.40000000 0.40000000 0.40000000
v 0.14268886 -0.17190687 -0.00409044 0.40000000 0.40000000 0.40000000
v 0.13560633 -0.19566274 -0.00409044 0.40000000 0.40000000 0.40000000
v 0.13560633 -0.19566274 -0.00409044 0.40000000 0.40000000 0.40000000
v 0.13560683 -0.19566274 0.00006300 0.40000000 0.40000000 0.40000000
v 0.14268886 -0.17190687 0.00006294 0.40000000 0.40000000 0.40000000
v 0.14268886 -0.17190687 -0.00409044 0.40000000 0.40000000 0.40000000
v 0.14268886 -0.17190687 0.00006294 0.40000000 0.40000000 0.40000000
v 0.14268886 -0.13193813 0.00006300 0.40000000 0.40000000 0.40000000
v 0.14268886 -0.13193813 0.00006300 0.40000000 0.40000000 0.40000000
v 0.14268886 -0.13193716 -0.00409044 0.40000000 0.40000000 0.40000000
v 0.14268886 -0.17190687 -0.00409044 0.40000000 0.40000000 0.40000000
v 0.14134657 -0.17028774 -0.00517925 0.40000000 0.40000000 0.40000000
v 0.14268886 -0.17190687 -0.00409044 0.40000000 0.40000000 0.40000000
v 0.14268886 -0.13193716 -0.00409044 0.40000000 0.40000000 0.40000000
v 0.14268886 -0.13193716 -0.00409044 0.40000000 0.40000000 0.40000000
v 0.14134707 -0.13069497 -0.00517925 0.40000000 0.40000000 0.40000000
v 0.14134657 -0.17028774 -0.00517925 0.40000000 0.40000000 0.40000000
v -0.14266758 -0.07537661 -0.00409044 0.40000000 0.40000000 0.40000000
v -0.14132529 -0.07466567 -0.00517925 0.40000000 0.40000000 0.40000000
v -0.14132480 -0.00921938 -0.00517931 0.40000000 0.40000000 0.40000000
v -0.14132480 -0.00921938 -0.00517931 0.40000000 0.40000000 0.40000000
v -0.14266758 -0.00930825 -0.00409044 0.40000000 0.40000000 0.40000000
v -0.14266758 -0.07537661 -0.00409044 0.40000000 0.40000000 0.40000000
v -0.14266758 -0.07537661 0.00006294 0.40000000 0.40000000 0.40000000
v -0.14266758 -0.07537661 -0.00409044 0.40000000 0.40000000 0.40000000
v -0.14266758 -0.00930825 -0.00409044 0.40000000 0.40000000 0.40000000
v -0.14266758 -0.00930825 -0.00409044 0.40000000 0.40000000 0.40000000
v -0.14266807 -0.00930825 0.00006300 0.40000000 0.40000000 0.40000000
v -0.14266758 -0.07537661 0.00006294 0.40000000 0.40000000 0.40000000
v -0.14266758 -0.07537661 -0.00409044 0.40000000 0.40000000 0.40000000
v -0.14266758 -0.07537661 0.00006294 0.40000000 0.40000000 0.40000000
v -0.14266807 -0.13193813 0.00006300 0.40000000 0.40000000 0.40000000
v -0.14266807 -0.13193813 0.00006300 0.40000000 0.40000000 0.40000000
v -0.14266758 -0.13193716 -0.00409044 0.40000000 0.40000000 0.40000000
v -0.14266758 -0.07537661 -0.00409044 0.40000000 0.40000000 0.40000000
v -0.14132529 -0.07466567 -0.00517925 0.40000000 0.40000000 0.40000000
v -0.14266758 -0.07537661 -0.00409044 0.40000000 0.40000000 0.40000000
v -0.14266758 -0.13193716 -0.00409044 0.40000000 0.40000000 0.40000000
v -0.14266758 -0.13193716 -0.00409044 0.40000000 0.40000000 0.40000000
v -0.14132480 -0.13069497 -0.00517925 0.40000000 0.40000000 0.40000000
v -0.14132529 -0.07466567 -0.00517925 0.40000000 0.40000000 0.40000000
v 0.14268886 -0.17190687 0.00961964 0.40000000 0.40000000 0.40000000
v 0.14268886 -0.17190687 0.00006294 0.40000000 0.40000000 0.40000000
v 0.13560683 -0.19566274 0.00006300 0.40000000 0.40000000 0.40000000
v 0.13560683 -0.19566274 0.00006300 0.40000000 0.40000000 0.40000000
v 0.13560633 -0.19566274 0.00961964 0.40000000 0.40000000 0.40000000
v 0.14268886 -0.17190687 0.00961964 0.40000000 0.40000000 0.40000000
v 0.14268886 -0.17190687 0.01913582 0.40000000 0.40000000 0.40000000
v 0.14268886 -0.17190687 0.00961964 0.40000000 0.40000000 0.40000000
v 0.13560633 -0.19566274 0.00961964 0.40000000 0.40000000 0.40000000
v 0.13560633 -0.19566274 0.00961964 0.40000000 0.40000000 0.40000000
v 0.13560683 -0.19566274 0.01913588 0.40000000 0.40000000 0.40000000
v 0.14268886 -0.17190687 0.01913582 0.40000000 0.40000000 0.40000000
v 0.14268886 -0.17190687 0.00961964 0.40000000 0.40000000 0.40000000
v 0.14268886 -0.17190687 0.01913582 0.40000000 0.40000000 0.40000000
v 0.14268886 -0.13193813 0.01913582 0.40000000 0.40000000 0.40000000
v 0.14268886 -0.13193813 0.01913582 0.40000000 0.40000000 0.40000000
v 0.14268886 -0.13193716 0.00961964 0.40000000 0.40000000 0.40000000
v 0.14268886 -0.17190687 0.00961964 0.40000000 0.40000000 0.40000000
v 0.14268886 -0.17190687 0.00006294 0.40000000 0.40000000 0.40000000
v 0.14268886 -0.17190687 0.00961964 0.40000000 0.40000000 0.40000000
v 0.14268886 -0.13193716 0.00961964 0.40000000 0.40000000 0.40000000
v 0.14268886 -0.13193716 0.00961964 0.40000000 0.40000000 0.40000000
v 0.14268886 -0.13193813 0.00006300 0.40000000 0.40000000 0.40000000
v 0.14268886 -0.17190687 0.00006294 0.40000000 0.40000000 0.40000000
v -0.14266758 -0.07537661 0.00961964 0.40000000 0.40000000 0.40000000
v -0.14266758 -0.07537661 0.00006294 0.40000000 0.40000000 0.40000000
v -0.14266807 -0.00930825 0.00006300 0.40000000 0.40000000 0.40000000
v -0.14266807 -0.00930825 0.00006300 0.40000000 0.40000000 0.40000000
v -0.14266758 -0.00930825 0.00961964 0.40000000 0.40000000 0.40000000
v -0.14266758 -0.07537661 0.00961964 0.40000000 0.40000000 0.40000000
v -0.14266758 -0.07537661 0.01913582 0.40000000 0.40000000 0.40000000
v -0.14266758 -0.07537661 0.00961964 0.40000000 0.40000000 0.40000000
v -0.14266758 -0.00930825 0.00961964 0.40000000 0.40000000 0.40000000
v -0.14266758 -0.00930825 0.00961964 0.40000000 0.40000000 0.40000000
v -0.14266807 -0.00930825 0.01913582 0.40000000 0.40000000 0.40000000
v -0.14266758 -0.07537661 0.01913582 0.40000000 0.40000000 0.40000000
v -0.14266758 -0.07537661 0.00961964 0.40000000 0.40000000 0.40000000
v -0.14266758 -0.07537661 0.01913582 0.40000000 0.40000000 0.40000000
v -0.14266807 -0.13193813 0.01913582 0.40000000 0.40000000 0.40000000
v -0.14266807 -0.13193813 0.01913582 0.40000000 0.40000000 0.40000000
v -0.14266758 -0.13193716 0.00961964 0.40000000 0.40000000 0.40000000
v -0.14266758 -0.07537661 0.00961964 0.40000000 0.40000000 0.40000000
v -0.14266758 -0.07537661 0.00006294 0.40000000 0.40000000 0.40000000
v -0.14266758 -0.07537661 0.00961964 0.40000000 0.40000000 0.40000000
v -0.14266758 -0.13193716 0.00961964 0.40000000 0.40000000 0.40000000
v -0.14266758 -0.13193716 0.00961964 0.40000000 0.40000000 0.40000000
v -0.14266807 -0.13193813 0.00006300 0.40000000 0.40000000 0.40000000
v -0.14266758 -0.07537661 0.00006294 0.40000000 0.40000000 0.40000000
v -0.14803721 -0.07822036 0.02283711 0.40000000 0.40000000 0.40000000
v -0.14803721 -0.00966567 0.02283711 0.40000000 0.40000000 0.40000000
v -0.15196446 -0.00993423 0.02148091 0.40000000 0.40000000 0.40000000
v -0.15196446 -0.00993423 0.02148091 0.40000000 0.40000000 0.40000000
v -0.15196446 -0.08035317 0.02148091 0.40000000 0.40000000 0.40000000
v -0.14803721 -0.07822036 0.02283711 0.40000000 0.40000000 0.40000000
v -0.14803721 -0.13690981 0.02283711 0.40000000 0.40000000 0.40000000
v -0.14803721 -0.07822036 0.02283711 0.40000000 0.40000000 0.40000000
v -0.15196446 -0.08035317 0.02148091 0.40000000 0.40000000 0.40000000
v -0.15196446 -0.08035317 0.02148091 0.40000000 0.40000000 0.40000000
v -0.15197033 -0.14062954 0.02148006 0.40000000 0.40000000 0.40000000
v -0.14803721 -0.13690981 0.02283711 0.40000000 0.40000000 0.40000000
v -0.14803721 -0.07822036 0.02283711 0.40000000 0.40000000 0.40000000
v -0.14803721 -0.13690981 0.02283711 0.40000000 0.40000000 0.40000000
v -0.14401037 -0.13318032 0.02373012 0.40000000 0.40000000 0.40000000
v -0.14401037 -0.13318032 0.02373012 0.40000000 0.40000000 0.40000000
v -0.14400987 -0.07608755 0.02373018 0.40000000 0.40000000 0.40000000
v -0.14803721 -0.07822036 0.02283711 0.40000000 0.40000000 0.40000000
v -0.14803721 -0.00966567 0.02283711 0.40000000 0.40000000 0.40000000
v -0.14803721 -0.07822036 0.02283711 0.40000000 0.40000000 0.40000000
v -0.14400987 -0.07608755 0.02373018 0.40000000 0.40000000 0.40000000
v -0.14400987 -0.07608755 0.02373018 0.40000000 0.40000000 0.40000000
v -0.14401037 -0.00939712 0.02373012 0.40000000 0.40000000 0.40000000
v -0.14803721 -0.00966567 0.02283711 0.40000000 0.40000000 0.40000000
v -0.14266758 -0.07537661 0.02316786 0.40000000 0.40000000 0.40000000
v -0.14400987 -0.07608755 0.02373018 0.40000000 0.40000000 0.40000000
v -0.14401037 -0.13318032 0.02373012 0.40000000 0.40000000 0.40000000
v -0.14401037 -0.13318032 0.02373012 0.40000000 0.40000000 0.40000000
v -0.14266758 -0.13193716 0.02316786 0.40000000 0.40000000 0.40000000
v -0.14266758 -0.07537661 0.02316786 0.40000000 0.40000000 0.40000000
v -0.14266758 -0.07537661 0.01913582 0.40000000 0.40000000 0.40000000
v -0.14266758 -0.07537661 0.02316786 0.40000000 0.40000000 0.40000000
v -0.14266758 -0.13193716 0.02316786 0.40000000 0.40000000 0.40000000
v -0.14266758 -0.13193716 0.02316786 0.40000000 0.40000000 0.40000000
v -0.14266807 -0.13193813 0.01913582 0.40000000 0.40000000 0.40000000
v -0.14266758 -0.07537661 0.01913582 0.40000000 0.40000000 0.40000000
v -0.14266758 -0.07537661 0.02316786 0.40000000 0.40000000 0.40000000
v -0.14266758 -0.07537661 0.01913582 0.40000000 0.40000000 0.40000000
v -0.14266807 -0.00930825 0.01913582 0.40000000 0.40000000 0.40000000
v -0.14266807 -0.00930825 0.01913582 0.40000000 0.40000000 0.40000000
v -0.14266758 -0.00930825 0.02316786 0.40000000 0.40000000 0.40000000
v -0.14266758 -0.07537661 0.02316786 0.40000000 0.40000000 0.40000000
v -0.14400987 -0.07608755 0.02373018 0.40000000 0.40000000 0.40000000
v -0.14266758 -0.07537661 0.02316786 0.40000000 0.40000000 0.40000000
v -0.14266758 -0.00930825 0.02316786 0.40000000 0.40000000 0.40000000
v -0.14266758 -0.00930825 0.02316786 0.40000000 0.40000000 0.40000000
v -0.14401037 -0.00939712 0.02373012 0.40000000 0.40000000 0.40000000
v -0.14400987 -0.07608755 0.02373018 0.40000000 0.40000000 0.40000000
v -0.13729794 -0.07253286 -0.00554222 0.40000000 0.40000000 0.40000000
v -0.13729794 -0.00895083 -0.00554222 0.40000000 0.40000000 0.40000000
v -0.14132480 -0.00921938 -0.00517931 0.40000000 0.40000000 0.40000000
v -0.14132480 -0.00921938 -0.00517931 0.40000000 0.40000000 0.40000000
v -0.14132529 -0.07466567 -0.00517925 0.40000000 0.40000000 0.40000000
v -0.13729794 -0.07253286 -0.00554222 0.40000000 0.40000000 0.40000000
v -0.13729794 -0.12696548 -0.00554222 0.40000000 0.40000000 0.40000000
v -0.13729794 -0.07253286 -0.00554222 0.40000000 0.40000000 0.40000000
v -0.14132529 -0.07466567 -0.00517925 0.40000000 0.40000000 0.40000000
v -0.14132529 -0.07466567 -0.00517925 0.40000000 0.40000000 0.40000000
v -0.14132480 -0.13069497 -0.00517925 0.40000000 0.40000000 0.40000000
v -0.13729794 -0.12696548 -0.00554222 0.40000000 0.40000000 0.40000000
v -0.13729794 -0.07253286 -0.00554222 0.40000000 0.40000000 0.40000000
v -0.13729794 -0.12696548 -0.00554222 0.40000000 0.40000000 0.40000000
v -0.12681065 -0.12323696 -0.00554222 0.40000000 0.40000000 0.40000000
v -0.12681065 -0.12323696 -0.00554222 0.40000000 0.40000000 0.40000000
v -0.12681065 -0.07040005 -0.00554222 0.40000000 0.40000000 0.40000000
v -0.13729794 -0.07253286 -0.00554222 0.40000000 0.40000000 0.40000000
v -0.13729794 -0.00895083 -0.00554222 0.40000000 0.40000000 0.40000000
v -0.13729794 -0.07253286 -0.00554222 0.40000000 0.40000000 0.40000000
v -0.12681065 -0.07040005 -0.00554222 0.40000000 0.40000000 0.40000000
v -0.12681065 -0.07040005 -0.00554222 0.40000000 0.40000000 0.40000000
v -0.12681065 -0.00868325 -0.00554222 0.40000000 0.40000000 0.40000000
v -0.13729794 -0.00895083 -0.00554222 0.40000000 0.40000000 0.40000000
v 0.14268886 -0.07537661 -0.00409044 0.40000000 0.40000000 0.40000000
v 0.14134657 -0.07466567 -0.00517925 0.40000000 0.40000000 0.40000000
v 0.14134707 -0.13069497 -0.00517925 0.40000000 0.40000000 0.40000000
v 0.14134707 -0.13069497 -0.00517925 0.40000000 0.40000000 0.40000000
v 0.14268886 -0.13193716 -0.00409044 0.40000000 0.40000000 0.40000000
v 0.14268886 -0.07537661 -0.00409044 0.40000000 0.40000000 0.40000000
v 0.14268886 -0.07537661 0.00006294 0.40000000 0.40000000 0.40000000
v 0.14268886 -0.07537661 -0.00409044 0.40000000 0.40000000 0.40000000
v 0.14268886 -0.13193716 -0.00409044 0.40000000 0.40000000 0.40000000
v 0.14268886 -0.13193716 -0.00409044 0.40000000 0.40000000 0.40000000
v 0.14268886 -0.13193813 0.00006300 0.40000000 0.40000000 0.40000000
v 0.14268886 -0.07537661 0.00006294 0.40000000 0.40000000 0.40000000
v 0.14268886 -0.07537661 -0.00409044 0.40000000 0.40000000 0.40000000
v 0.14268886 -0.07537661 0.00006294 0.40000000 0.40000000 0.40000000
v 0.14268886 -0.00930825 0.00006300 0.40000000 0.40000000 0.40000000
v 0.14268886 -0.00930825 0.00006300 0.40000000 0.40000000 0.40000000
v 0.14268886 -0.00930825 -0.00409044 0.40000000 0.40000000 0.40000000
v 0.14268886 -0.07537661 -0.00409044 0.40000000 0.40000000 0.40000000
v 0.14134657 -0.07466567 -0.00517925 0.40000000 0.40000000 0.40000000
v 0.14268886 -0.07537661 -0.00409044 0.40000000 0.40000000 0.40000000
v 0.14268886 -0.00930825 -0.00409044 0.40000000 0.40000000 0.40000000
v 0.14268886 -0.00930825 -0.00409044 0.40000000 0.40000000 0.40000000
v 0.14134707 -0.00921938 -0.00517925 0.40000000 0.40000000 0.40000000
v 0.14134657 -0.07466567 -0.00517925 0.40000000 0.40000000 0.40000000
v 0.14268886 -0.07537661 0.00961964 0.40000000 0.40000000 0.40000000
v 0.14268886 -0.07537661 0.00006294 0.40000000 0.40000000 0.40000000
v 0.14268886 -0.13193813 0.00006300 0.40000000 0.40000000 0.40000000
v 0.14268886 -0.13193813 0.00006300 0.40000000 0.40000000 0.40000000
v 0.14268886 -0.13193716 0.00961964 0.40000000 0.40000000 0.40000000
v 0.14268886 -0.07537661 0.00961964 0.40000000 0.40000000 0.40000000
v 0.14268886 -0.07537661 0.01913582 0.40000000 0.40000000 0.40000000
v 0.14268886 -0.07537661 0.00961964 0.40000000 0.40000000 0.40000000
v 0.14268886 -0.13193716 0.00961964 0.40000000 0.40000000 0.40000000
v 0.14268886 -0.13193716 0.00961964 0.40000000 0.40000000 0.40000000
v 0.14268886 -0.13193813 0.01913582 0.40000000 0.40000000 0.40000000
v 0.14268886 -0.07537661 0.01913582 0.40000000 0.40000000 0.40000000
v 0.14268886 -0.07537661 0.00961964 0.40000000 0.40000000 0.40000000
v 0.14268886 -0.07537661 0.01913582 0.40000000 0.40000000 0.40000000
v 0.14268886 -0.00930825 0.01913582 0.40000000 0.40000000 0.40000000
v 0.14268886 -0.00930825 0.01913582 0.40000000 0.40000000 0.40000000
v 0.14268886 -0.00930825 0.00961964 0.40000000 0.40000000 0.40000000
v 0.14268886 -0.07537661 0.00961964 0.40000000 0.40000000 0.40000000
v 0.14268886 -0.07537661 0.00006294 0.40000000 0.40000000 0.40000000
v 0.14268886 -0.07537661 0.00961964 0.40000000 0.40000000 0.40000000
v 0.14268886 -0.00930825 0.00961964 0.40000000 0.40000000 0.40000000
v 0.14268886 -0.00930825 0.00961964 0.40000000 0.40000000 0.40000000
v 0.14268886 -0.00930825 0.00006300 0.40000000 0.40000000 0.40000000
v 0.14268886 -0.07537661 0.00006294 0.40000000 0.40000000 0.40000000
v 0.14805849 0.06140464 0.02283711 0.40000000 0.40000000 0.40000000
v 0.14805849 -0.00966567 0.02283711 0.40000000 0.40000000 0.40000000
v 0.15198524 -0.00993423 0.02148091 0.40000000 0.40000000 0.40000000
v 0.15198524 -0.00993423 0.02148091 0.40000000 0.40000000 0.40000000
v 0.15198573 0.06306968 0.02148091 0.40000000 0.40000000 0.40000000
v 0.14805849 0.06140464 0.02283711 0.40000000 0.40000000 0.40000000
v 0.14805849 0.12538607 0.02283711 0.40000000 0.40000000 0.40000000
v 0.14805849 0.06140464 0.02283711 0.40000000 0.40000000 0.40000000
v 0.15198573 0.06306968 0.02148091 0.40000000 0.40000000 0.40000000
v 0.15198573 0.06306968 0.02148091 0.40000000 0.40000000 0.40000000
v 0.15199161 0.12878159 0.02148006 0.40000000 0.40000000 0.40000000
v 0.14805849 0.12538607 0.02283711 0.40000000 0.40000000 0.40000000
v 0.14805849 0.06140464 0.02283711 0.40000000 0.40000000 0.40000000
v 0.14805849 0.12538607 0.02283711 0.40000000 0.40000000 0.40000000
v 0.14403115 0.12197983 0.02373012 0.40000000 0.40000000 0.40000000
v 0.14403115 0.12197983 0.02373012 0.40000000 0.40000000 0.40000000
v 0.14403115 0.05973960 0.02373018 0.40000000 0.40000000 0.40000000
v 0.14805849 0.06140464 0.02283711 0.40000000 0.40000000 0.40000000
v 0.14805849 -0.00966567 0.02283711 0.40000000 0.40000000 0.40000000
v 0.14805849 0.06140464 0.02283711 0.40000000 0.40000000 0.40000000
v 0.14403115 0.05973960 0.02373018 0.40000000 0.40000000 0.40000000
v 0.14403115 0.05973960 0.02373018 0.40000000 0.40000000 0.40000000
v 0.14403115 -0.00939712 0.02373012 0.40000000 0.40000000 0.40000000
v 0.14805849 -0.00966567 0.02283711 0.40000000 0.40000000 0.40000000
v 0.14268886 0.05918394 0.02316786 0.40000000 0.40000000 0.40000000
v 0.14403115 0.05973960 0.02373018 0.40000000 0.40000000 0.40000000
v 0.14403115 0.12197983 0.02373012 0.40000000 0.40000000 0.40000000
v 0.14403115 0.12197983 0.02373012 0.40000000 0.40000000 0.40000000
v 0.14268886 0.12084507 0.02316786 0.40000000 0.40000000 0.40000000
v 0.14268886 0.05918394 0.02316786 0.40000000 0.40000000 0.40000000
v 0.14268886 0.05918394 0.01913582 0.40000000 0.40000000 0.40000000
v 0.14268886 0.05918394 0.02316786 0.40000000 0.40000000 0.40000000
v 0.14268886 0.12084507 0.02316786 0.40000000 0.40000000 0.40000000
v 0.14268886 0.12084507 0.02316786 0.40000000 0.40000000 0.40000000
v 0.14268886 0.12084507 0.01913582 0.40000000 0.40000000 0.40000000
v 0.14268886 0.05918394 0.01913582 0.40000000 0.40000000 0.40000000
v 0.14268886 0.05918394 0.02316786 0.40000000 0.40000000 0.40000000
v 0.14268886 0.05918394 0.01913582 0.40000000 0.40000000 0.40000000
v 0.14268886 -0.00930825 0.01913582 0.40000000 0.40000000 0.40000000
v 0.14268886 -0.00930825 0.01913582 0.40000000 0.40000000 0.40000000
v 0.14268886 -0.00930825 0.02316786 0.40000000 0.40000000 0.40000000
v 0.14268886 0.05918394 0.02316786 0.40000000 0.40000000 0.40000000
v 0.14403115 0.05973960 0.02373018 0.40000000 0.40000000 0.40000000
v 0.14268886 0.05918394 0.02316786 0.40000000 0.40000000 0.40000000
v 0.14268886 -0.00930825 0.02316786 0.40000000 0.40000000 0.40000000
v 0.14268886 -0.00930825 0.02316786 0.40000000 0.40000000 0.40000000
v 0.14403115 -0.00939712 0.02373012 0.40000000 0.40000000 0.40000000
v 0.14403115 0.05973960 0.02373018 0.40000000 0.40000000 0.40000000
v 0.13731924 0.05696323 -0.00554222 0.40000000 0.40000000 0.40000000
v 0.13731924 -0.00895083 -0.00554222 0.40000000 0.40000000 0.40000000
v 0.14134707 -0.00921938 -0.00517925 0.40000000 0.40000000 0.40000000
v 0.14134707 -0.00921938 -0.00517925 0.40000000 0.40000000 0.40000000
v 0.14134657 0.05862827 -0.00517925 0.40000000 0.40000000 0.40000000
v 0.13731924 0.05696323 -0.00554222 0.40000000 0.40000000 0.40000000
v 0.13731924 0.11630405 -0.00554222 0.40000000 0.40000000 0.40000000
v 0.13731924 0.05696323 -0.00554222 0.40000000 0.40000000 0.40000000
v 0.14134657 0.05862827 -0.00517925 0.40000000 0.40000000 0.40000000
v 0.14134657 0.05862827 -0.00517925 0.40000000 0.40000000 0.40000000
v 0.14134707 0.11970933 -0.00517925 0.40000000 0.40000000 0.40000000
v 0.13731924 0.11630405 -0.00554222 0.40000000 0.40000000 0.40000000
v 0.13731924 0.05696323 -0.00554222 0.40000000 0.40000000 0.40000000
v 0.13731924 0.11630405 -0.00554222 0.40000000 0.40000000 0.40000000
v 0.12674257 0.11289780 -0.00554222 0.40000000 0.40000000 0.40000000
v 0.12674257 0.11289780 -0.00554222 0.40000000 0.40000000 0.40000000
v 0.12674209 0.05529819 -0.00554222 0.40000000 0.40000000 0.40000000
v 0.13731924 0.05696323 -0.00554222 0.40000000 0.40000000 0.40000000
v 0.13731924 -0.00895083 -0.00554222 0.40000000 0.40000000 0.40000000
v 0.13731924 0.05696323 -0.00554222 0.40000000 0.40000000 0.40000000
v 0.12674209 0.05529819 -0.00554222 0.40000000 0.40000000 0.40000000
v 0.12674209 0.05529819 -0.00554222 0.40000000 0.40000000 0.40000000
v 0.12674257 -0.00868325 -0.00554222 0.40000000 0.40000000 0.40000000
v 0.13731924 -0.00895083 -0.00554222 0.40000000 0.40000000 0.40000000
v 0.10575136 0.05474351 -0.00554222 0.40000000 0.40000000 0.40000000
v 0.12674209 0.05529819 -0.00554222 0.40000000 0.40000000 0.40000000
v 0.12674257 0.11289780 -0.00554222 0.40000000 0.40000000 0.40000000
v 0.12674257 0.11289780 -0.00554222 0.40000000 0.40000000 0.40000000
v 0.10575136 0.11176304 -0.00554222 0.40000000 0.40000000 0.40000000
v 0.10575136 0.05474351 -0.00554222 0.40000000 0.40000000 0.40000000
v 0.07557607 0.05474351 -0.00554222 0.40000000 0.40000000 0.40000000
v 0.10575136 0.05474351 -0.00554222 0.40000000 0.40000000 0.40000000
v 0.10575136 0.11176304 -0.00554222 0.40000000 0.40000000 0.40000000
v 0.10575136 0.11176304 -0.00554222 0.40000000 0.40000000 0.40000000
v 0.07557607 0.11176304 -0.00554222 0.40000000 0.40000000 0.40000000
v 0.07557607 0.05474351 -0.00554222 0.40000000 0.40000000 0.40000000
v 0.10575136 0.05474351 -0.00554222 0.40000000 0.40000000 0.40000000
v 0.07557607 0.05474351 -0.00554222 0.40000000 0.40000000 0.40000000
v 0.07557607 -0.00859341 -0.00554222 0.40000000 0.40000000 0.40000000
v 0.07557607 -0.00859341 -0.00554222 0.40000000 0.40000000 0.40000000
v 0.10575136 -0.00859438 -0.00554222 0.40000000 0.40000000 0.40000000
v 0.10575136 0.05474351 -0.00554222 0.40000000 0.40000000 0.40000000
v 0.12674209 0.05529819 -0.00554222 0.40000000 0.40000000 0.40000000
v 0.10575136 0.05474351 -0.00554222 0.40000000 0.40000000 0.40000000
v 0.10575136 -0.00859438 -0.00554222 0.40000000 0.40000000 0.40000000
v 0.10575136 -0.00859438 -0.00554222 0.40000000 0.40000000 0.40000000
v 0.12674257 -0.00868325 -0.00554222 0.40000000 0.40000000 0.40000000
v 0.12674209 0.05529819 -0.00554222 0.40000000 0.40000000 0.40000000
v -0.14266758 0.05918394 -0.00409044 0.40000000 0.40000000 0.40000000
v -0.14132529 0.05862827 -0.00517925 0.40000000 0.40000000 0.40000000
v -0.14132529 0.11971030 -0.00517925 0.40000000 0.40000000 0.40000000
v -0.14132529 0.11971030 -0.00517925 0.40000000 0.40000000 0.40000000
v -0.14266758 0.12084507 -0.00409044 0.40000000 0.40000000 0.40000000
v -0.14266758 0.05918394 -0.00409044 0.40000000 0.40000000 0.40000000
v -0.14266758 0.05918394 0.00006294 0.40000000 0.40000000 0.40000000
v -0.14266758 0.05918394 -0.00409044 0.40000000 0.40000000 0.40000000
v -0.14266758 0.12084507 -0.00409044 0.40000000 0.40000000 0.40000000
v -0.14266758 0.12084507 -0.00409044 0.40000000 0.40000000 0.40000000
v -0.14266807 0.12084507 0.00006300 0.40000000 0.40000000 0.40000000
v -0.14266758 0.05918394 0.00006294 0.40000000 0.40000000 0.40000000
v -0.14266758 0.05918394 -0.00409044 0.40000000 0.40000000 0.40000000
v -0.14266758 0.05918394 0.00006294 0.40000000 0.40000000 0.40000000
v -0.14266807 -0.00930825 0.00006300 0.40000000 0.40000000 0.40000000
v -0.14266807 -0.00930825 0.00006300 0.40000000 0.40000000 0.40000000
v -0.14266758 -0.00930825 -0.00409044 0.40000000 0.40000000 0.40000000
v -0.14266758 0.05918394 -0.00409044 0.40000000 0.40000000 0.40000000
v -0.14132529 0.05862827 -0.00517925 0.40000000 0.40000000 0.40000000
v -0.14266758 0.05918394 -0.00409044 0.40000000 0.40000000 0.40000000
v -0.14266758 -0.00930825 -0.00409044 0.40000000 0.40000000 0.40000000
v -0.14266758 -0.00930825 -0.00409044 0.40000000 0.40000000 0.40000000
v -0.14132480 -0.00921938 -0.00517931 0.40000000 0.40000000 0.40000000
v -0.14132529 0.05862827 -0.00517925 0.40000000 0.40000000 0.40000000
v -0.14266758 0.05918394 0.00961964 0.40000000 0.40000000 0.40000000
v -0.14266758 0.05918394 0.00006294 0.40000000 0.40000000 0.40000000
v -0.14266807 0.12084507 0.00006300 0.40000000 0.40000000 0.40000000
v -0.14266807 0.12084507 0.00006300 0.40000000 0.40000000 0.40000000
v -0.14266758 0.12084507 0.00961964 0.40000000 0.40000000 0.40000000
v -0.14266758 0.05918394 0.00961964 0.40000000 0.40000000 0.40000000
v -0.14266758 0.05918394 0.01913582 0.40000000 0.40000000 0.40000000
v -0.14266758 0.05918394 0.00961964 0.40000000 0.40000000 0.40000000
v -0.14266758 0.12084507 0.00961964 0.40000000 0.40000000 0.40000000
v -0.14266758 0.12084507 0.00961964 0.40000000 0.40000000 0.40000000
v -0.14266807 0.12084507 0.01913582 0.40000000 0.40000000 0.40000000
v -0.14266758 0.05918394 0.01913582 0.40000000 0.40000000 0.40000000
v -0.14266758 0.05918394 0.00961964 0.40000000 0.40000000 0.40000000
v -0.14266758 0.05918394 0.01913582 0.40000000 0.40000000 0.40000000
v -0.14266807 -0.00930825 0.01913582 0.40000000 0.40000000 0.40000000
v -0.14266807 -0.00930825 0.01913582 0.40000000 0.40000000 0.40000000
v -0.14266758 -0.00930825 0.00961964 0.40000000 0.40000000 0.40000000
v -0.14266758 0.05918394 0.00961964 0.40000000 0.40000000 0.40000000
v -0.14266758 0.05918394 0.00006294 0.40000000 0.40000000 0.40000000
v -0.14266758 0.05918394 0.00961964 0.40000000 0.40000000 0.40000000
v -0.14266758 -0.00930825 0.00961964 0.40000000 0.40000000 0.40000000
v -0.14266758 -0.00930825 0.00961964 0.40000000 0.40000000 0.40000000
v -0.14266807 -0.00930825 0.00006300 0.40000000 0.40000000 0.40000000
v -0.14266758 0.05918394 0.00006294 0.40000000 0.40000000 0.40000000
v -0.14803721 0.06140464 0.02283711 0.40000000 0.40000000 0.40000000
v -0.15196446 0.06306968 0.02148091 0.40000000 0.40000000 0.40000000
v -0.15196446 -0.00993423 0.02148091 0.40000000 0.40000000 0.40000000
v -0.15196446 -0.00993423 0.02148091 0.40000000 0.40000000 0.40000000
v -0.14803721 -0.00966567 0.02283711 0.40000000 0.40000000 0.40000000
v -0.14803721 0.06140464 0.02283711 0.40000000 0.40000000 0.40000000
v -0.14400987 0.05973960 0.02373018 0.40000000 0.40000000 0.40000000
v -0.14803721 0.06140464 0.02283711 0.40000000 0.40000000 0.40000000
v -0.14803721 -0.00966567 0.02283711 0.40000000 0.40000000 0.40000000
v -0.14803721 -0.00966567 0.02283711 0.40000000 0.40000000 0.40000000
v -0.14401037 -0.00939712 0.02373012 0.40000000 0.40000000 0.40000000
v -0.14400987 0.05973960 0.02373018 0.40000000 0.40000000 0.40000000
v -0.14803721 0.06140464 0.02283711 0.40000000 0.40000000 0.40000000
v -0.14400987 0.05973960 0.02373018 0.40000000 0.40000000 0.40000000
v -0.14401037 0.12197983 0.02373012 0.40000000 0.40000000 0.40000000
v -0.14401037 0.12197983 0.02373012 0.40000000 0.40000000 0.40000000
v -0.14803721 0.12538607 0.02283711 0.40000000 0.40000000 0.40000000
v -0.14803721 0.06140464 0.02283711 0.40000000 0.40000000 0.40000000
v -0.15196446 0.06306968 0.02148091 0.40000000 0.40000000 0.40000000
v -0.14803721 0.06140464 0.02283711 0.40000000 0.40000000 0.40000000
v -0.14803721 0.12538607 0.02283711 0.40000000 0.40000000 0.40000000
v -0.14803721 0.12538607 0.02283711 0.40000000 0.40000000 0.40000000
v -0.15196984 0.12878159 0.02148006 0.40000000 0.40000000 0.40000000
v -0.15196446 0.06306968 0.02148091 0.40000000 0.40000000 0.40000000
v -0.14266758 0.05918394 0.02316786 0.40000000 0.40000000 0.40000000
v -0.14400987 0.05973960 0.02373018 0.40000000 0.40000000 0.40000000
v -0.14401037 -0.00939712 0.02373012 0.40000000 0.40000000 0.40000000
v -0.14401037 -0.00939712 0.02373012 0.40000000 0.40000000 0.40000000
v -0.14266758 -0.00930825 0.02316786 0.40000000 0.40000000 0.40000000
v -0.14266758 0.05918394 0.02316786 0.40000000 0.40000000 0.40000000
v -0.14266758 0.05918394 0.01913582 0.40000000 0.40000000 0.40000000
v -0.14266758 0.05918394 0.02316786 0.40000000 0.40000000 0.40000000
v -0.14266758 -0.00930825 0.02316786 0.40000000 0.40000000 0.40000000
v -0.14266758 -0.00930825 0.02316786 0.40000000 0.40000000 0.40000000
v -0.14266807 -0.00930825 0.01913582 0.40000000 0.40000000 0.40000000
v -0.14266758 0.05918394 0.01913582 0.40000000 0.40000000 0.40000000
v -0.14266758 0.05918394 0.02316786 0.40000000 0.40000000 0.40000000
v -0.14266758 0.05918394 0.01913582 0.40000000 0.40000000 0.40000000
v -0.14266807 0.12084507 0.01913582 0.40000000 0.40000000 0.40000000
v -0.14266807 0.12084507 0.01913582 0.40000000 0.40000000 0.40000000
v -0.14266758 0.12084507 0.02316786 0.40000000 0.40000000 0.40000000
v -0.14266758 0.05918394 0.02316786 0.40000000 0.40000000 0.40000000
v -0.14400987 0.05973960 0.02373018 0.40000000 0.40000000 0.40000000
v -0.14266758 0.05918394 0.02316786 0.40000000 0.40000000 0.40000000
v -0.14266758 0.12084507 0.02316786 0.40000000 0.40000000 0.40000000
v -0.14266758 0.12084507 0.02316786 0.40000000 0.40000000 0.40000000
v -0.14401037 0.12197983 0.02373012 0.40000000 0.40000000 0.40000000
v -0.14400987 0.05973960 0.02373018 0.40000000 0.40000000 0.40000000
v -0.13729794 0.05696421 -0.00554222 0.40000000 0.40000000 0.40000000
v -0.14132529 0.05862827 -0.00517925 0.40000000 0.40000000 0.40000000
v -0.14132480 -0.00921938 -0.00517931 0.40000000 0.40000000 0.40000000
v -0.14132480 -0.00921938 -0.00517931 0.40000000 0.40000000 0.40000000
v -0.13729794 -0.00895083 -0.00554222 0.40000000 0.40000000 0.40000000
v -0.13729794 0.05696421 -0.00554222 0.40000000 0.40000000 0.40000000
v -0.12681065 0.05529819 -0.00554222 0.40000000 0.40000000 0.40000000
v -0.13729794 0.05696421 -0.00554222 0.40000000 0.40000000 0.40000000
v -0.13729794 -0.00895083 -0.00554222 0.40000000 0.40000000 0.40000000
v -0.13729794 -0.00895083 -0.00554222 0.40000000 0.40000000 0.40000000
v -0.12681065 -0.00868325 -0.00554222 0.40000000 0.40000000 0.40000000
v -0.12681065 0.05529819 -0.00554222 0.40000000 0.40000000 0.40000000
v -0.13729794 0.05696421 -0.00554222 0.40000000 0.40000000 0.40000000
v -0.12681065 0.05529819 -0.00554222 0.40000000 0.40000000 0.40000000
v -0.12681065 0.11289780 -0.00554222 0.40000000 0.40000000 0.40000000
v -0.12681065 0.11289780 -0.00554222 0.40000000 0.40000000 0.40000000
v -0.13729794 0.11630405 -0.00554222 0.40000000 0.40000000 0.40000000
v -0.13729794 0.05696421 -0.00554222 0.40000000 0.40000000 0.40000000
v -0.14132529 0.05862827 -0.00517925 0.40000000 0.40000000 0.40000000
v -0.13729794 0.05696421 -0.00554222 0.40000000 0.40000000 0.40000000
v -0.13729794 0.11630405 -0.00554222 0.40000000 0.40000000 0.40000000
v -0.13729794 0.11630405 -0.00554222 0.40000000 0.40000000 0.40000000
v -0.14132529 0.11971030 -0.00517925 0.40000000 0.40000000 0.40000000
v -0.14132529 0.05862827 -0.00517925 0.40000000 0.40000000 0.40000000
v 0.14268886 0.05918394 -0.00409044 0.40000000 0.40000000 0.40000000
v 0.14134657 0.05862827 -0.00517925 0.40000000 0.40000000 0.40000000
v 0.14134707 -0.00921938 -0.00517925 0.40000000 0.40000000 0.40000000
v 0.14134707 -0.00921938 -0.00517925 0.40000000 0.40000000 0.40000000
v 0.14268886 -0.00930825 -0.00409044 0.40000000 0.40000000 0.40000000
v 0.14268886 0.05918394 -0.00409044 0.40000000 0.40000000 0.40000000
v 0.14268886 0.05918394 0.00006294 0.40000000 0.40000000 0.40000000
v 0.14268886 0.05918394 -0.00409044 0.40000000 0.40000000 0.40000000
v 0.14268886 -0.00930825 -0.00409044 0.40000000 0.40000000 0.40000000
v 0.14268886 -0.00930825 -0.00409044 0.40000000 0.40000000 0.40000000
v 0.14268886 -0.00930825 0.00006300 0.40000000 0.40000000 0.40000000
v 0.14268886 0.05918394 0.00006294 0.40000000 0.40000000 0.40000000
v 0.14268886 0.05918394 -0.00409044 0.40000000 0.40000000 0.40000000
v 0.14268886 0.05918394 0.00006294 0.40000000 0.40000000 0.40000000
v 0.14268886 0.12084507 0.00006300 0.40000000 0.40000000 0.40000000
v 0.14268886 0.12084507 0.00006300 0.40000000 0.40000000 0.40000000
v 0.14268886 0.12084507 -0.00409044 0.40000000 0.40000000 0.40000000
v 0.14268886 0.05918394 -0.00409044 0.40000000 0.40000000 0.40000000
v 0.14134657 0.05862827 -0.00517925 0.40000000 0.40000000 0.40000000
v 0.14268886 0.05918394 -0.00409044 0.40000000 0.40000000 0.40000000
v 0.14268886 0.12084507 -0.00409044 0.40000000 0.40000000 0.40000000
v 0.14268886 0.12084507 -0.00409044 0.40000000 0.40000000 0.40000000
v 0.14134707 0.11970933 -0.00517925 0.40000000 0.40000000 0.40000000
v 0.14134657 0.05862827 -0.00517925 0.40000000 0.40000000 0.40000000
v 0.14268886 0.05918394 0.00961964 0.40000000 0.40000000 0.40000000
v 0.14268886 0.05918394 0.00006294 0.40000000 0.40000000 0.40000000
v 0.14268886 -0.00930825 0.00006300 0.40000000 0.40000000 0.40000000
v 0.14268886 -0.00930825 0.00006300 0.40000000 0.40000000 0.40000000
v 0.14268886 -0.00930825 0.00961964 0.40000000 0.40000000 0.40000000
v 0.14268886 0.05918394 0.00961964 0.40000000 0.40000000 0.40000000
v 0.14268886 0.05918394 0.01913582 0.40000000 0.40000000 0.40000000
v 0.14268886 0.05918394 0.00961964 0.40000000 0.40000000 0.40000000
v 0.14268886 -0.00930825 0.00961964 0.40000000 0.40000000 0.40000000
v 0.14268886 -0.00930825 0.00961964 0.40000000 0.40000000 0.40000000
v 0.14268886 -0.00930825 0.01913582 0.40000000 0.40000000 0.40000000
v 0.14268886 0.05918394 0.01913582 0.40000000 0.40000000 0.40000000
v 0.14268886 0.05918394 0.00961964 0.40000000 0.40000000 0.40000000
v 0.14268886 0.05918394 0.01913582 0.40000000 0.40000000 0.40000000
v 0.14268886 0.12084507 0.01913582 0.40000000 0.40000000 0.40000000
v 0.14268886 0.12084507 0.01913582 0.40000000 0.40000000 0.40000000
v 0.14268886 0.12084507 0.00961964 0.40000000 0.40000000 0.40000000
v 0.14268886 0.05918394 0.00961964 0.40000000 0.40000000 0.40000000
v 0.14268886 0.05918394 0.00006294 0.40000000 0.40000000 0.40000000
v 0.14268886 0.05918394 0.00961964 0.40000000 0.40000000 0.40000000
v 0.14268886 0.12084507 0.00961964 0.40000000 0.40000000 0.40000000
v 0.14268886 0.12084507 0.00961964 0.40000000 0.40000000 0.40000000
v 0.14268886 0.12084507 0.00006300 0.40000000 0.40000000 0.40000000
v 0.14268886 0.05918394 0.00006294 0.40000000 0.40000000 0.40000000
v 0.14805849 0.17267515 0.02283711 0.40000000 0.40000000 0.40000000
v 0.14805849 0.12538607 0.02283711 0.40000000 0.40000000 0.40000000
v 0.15199161 0.12878159 0.02148006 0.40000000 0.40000000 0.40000000
v 0.15199161 0.12878159 0.02148006 0.40000000 0.40000000 0.40000000
v 0.15200967 0.17732944 0.02147761 0.40000000 0.40000000 0.40000000
v 0.14805849 0.17267515 0.02283711 0.40000000 0.40000000 0.40000000
v 0.14070937 0.20188218 0.02283711 0.40000000 0.40000000 0.40000000
v 0.14805849 0.17267515 0.02283711 0.40000000 0.40000000 0.40000000
v 0.15200967 0.17732944 0.02147761 0.40000000 0.40000000 0.40000000
v 0.15200967 0.17732944 0.02147761 0.40000000 0.40000000 0.40000000
v 0.14448476 0.20729429 0.02147590 0.40000000 0.40000000 0.40000000
v 0.14070937 0.20188218 0.02283711 0.40000000 0.40000000 0.40000000
v 0.14805849 0.17267515 0.02283711 0.40000000 0.40000000 0.40000000
v 0.14070937 0.20188218 0.02283711 0.40000000 0.40000000 0.40000000
v 0.13688222 0.19639584 0.02373012 0.40000000 0.40000000 0.40000000
v 0.13688222 0.19639584 0.02373012 0.40000000 0.40000000 0.40000000
v 0.14403115 0.16798179 0.02373018 0.40000000 0.40000000 0.40000000
v 0.14805849 0.17267515 0.02283711 0.40000000 0.40000000 0.40000000
v 0.14805849 0.12538607 0.02283711 0.40000000 0.40000000 0.40000000
v 0.14805849 0.17267515 0.02283711 0.40000000 0.40000000 0.40000000
v 0.14403115 0.16798179 0.02373018 0.40000000 0.40000000 0.40000000
v 0.14403115 0.16798179 0.02373018 0.40000000 0.40000000 0.40000000
v 0.14403115 0.12197983 0.02373012 0.40000000 0.40000000 0.40000000
v 0.14805849 0.12538607 0.02283711 0.40000000 0.40000000 0.40000000
v 0.14268886 0.16641831 0.02316786 0.40000000 0.40000000 0.40000000
v 0.14403115 0.16798179 0.02373018 0.40000000 0.40000000 0.40000000
v 0.13688222 0.19639584 0.02373012 0.40000000 0.40000000 0.40000000
v 0.13688222 0.19639584 0.02373012 0.40000000 0.40000000 0.40000000
v 0.13560633 0.19456676 0.02316786 0.40000000 0.40000000 0.40000000
v 0.14268886 0.16641831 0.02316786 0.40000000 0.40000000 0.40000000
v 0.14268886 0.16641831 0.01913582 0.40000000 0.40000000 0.40000000
v 0.14268886 0.16641831 0.02316786 0.40000000 0.40000000 0.40000000
v 0.13560633 0.19456676 0.02316786 0.40000000 0.40000000 0.40000000
v 0.13560633 0.19456676 0.02316786 0.40000000 0.40000000 0.40000000
v 0.13560683 0.19456577 0.01913588 0.40000000 0.40000000 0.40000000
v 0.14268886 0.16641831 0.01913582 0.40000000 0.40000000 0.40000000
v 0.14268886 0.16641831 0.02316786 0.40000000 0.40000000 0.40000000
v 0.14268886 0.16641831 0.01913582 0.40000000 0.40000000 0.40000000
v 0.14268886 0.12084507 0.01913582 0.40000000 0.40000000 0.40000000
v 0.14268886 0.12084507 0.01913582 0.40000000 0.40000000 0.40000000
v 0.14268886 0.12084507 0.02316786 0.40000000 0.40000000 0.40000000
v 0.14268886 0.16641831 0.02316786 0.40000000 0.40000000 0.40000000
v 0.14403115 0.16798179 0.02373018 0.40000000 0.40000000 0.40000000
v 0.14268886 0.16641831 0.02316786 0.40000000 0.40000000 0.40000000
v 0.14268886 0.12084507 0.02316786 0.40000000 0.40000000 0.40000000
v 0.14268886 0.12084507 0.02316786 0.40000000 0.40000000 0.40000000
v 0.14403115 0.12197983 0.02373012 0.40000000 0.40000000 0.40000000
v 0.14403115 0.16798179 0.02373018 0.40000000 0.40000000 0.40000000
v 0.13731924 0.16016245 -0.00554222 0.40000000 0.40000000 0.40000000
v 0.13731924 0.11630405 -0.00554222 0.40000000 0.40000000 0.40000000
v 0.14134707 0.11970933 -0.00517925 0.40000000 0.40000000 0.40000000
v 0.14134707 0.11970933 -0.00517925 0.40000000 0.40000000 0.40000000
v 0.14134657 0.16485482 -0.00517925 0.40000000 0.40000000 0.40000000
v 0.13731924 0.16016245 -0.00554222 0.40000000 0.40000000 0.40000000
v 0.13050333 0.18725131 -0.00554222 0.40000000 0.40000000 0.40000000
v 0.13731924 0.16016245 -0.00554222 0.40000000 0.40000000 0.40000000
v 0.14134657 0.16485482 -0.00517925 0.40000000 0.40000000 0.40000000
v 0.14134657 0.16485482 -0.00517925 0.40000000 0.40000000 0.40000000
v 0.13433094 0.19273765 -0.00517925 0.40000000 0.40000000 0.40000000
v 0.13050333 0.18725131 -0.00554222 0.40000000 0.40000000 0.40000000
v 0.13731924 0.16016245 -0.00554222 0.40000000 0.40000000 0.40000000
v 0.13050333 0.18725131 -0.00554222 0.40000000 0.40000000 0.40000000
v 0.12257412 0.17643882 -0.00554234 0.40000000 0.40000000 0.40000000
v 0.12257412 0.17643882 -0.00554234 0.40000000 0.40000000 0.40000000
v 0.12674209 0.15547007 -0.00554222 0.40000000 0.40000000 0.40000000
v 0.13731924 0.16016245 -0.00554222 0.40000000 0.40000000 0.40000000
v 0.13731924 0.11630405 -0.00554222 0.40000000 0.40000000 0.40000000
v 0.13731924 0.16016245 -0.00554222 0.40000000 0.40000000 0.40000000
v 0.12674209 0.15547007 -0.00554222 0.40000000 0.40000000 0.40000000
v 0.12674209 0.15547007 -0.00554222 0.40000000 0.40000000 0.40000000
v 0.12674257 0.11289780 -0.00554222 0.40000000 0.40000000 0.40000000
v 0.13731924 0.11630405 -0.00554222 0.40000000 0.40000000 0.40000000
v 0.10575136 0.15390562 -0.00554222 0.40000000 0.40000000 0.40000000
v 0.12674209 0.15547007 -0.00554222 0.40000000 0.40000000 0.40000000
v 0.12257412 0.17643882 -0.00554234 0.40000000 0.40000000 0.40000000
v 0.12257412 0.17643882 -0.00554234 0.40000000 0.40000000 0.40000000
v 0.10682705 0.18185288 -0.00554222 0.40000000 0.40000000 0.40000000
v 0.10575136 0.15390562 -0.00554222 0.40000000 0.40000000 0.40000000
v 0.07557607 0.15390658 -0.00554222 0.40000000 0.40000000 0.40000000
v 0.10575136 0.15390562 -0.00554222 0.40000000 0.40000000 0.40000000
v 0.10682705 0.18185288 -0.00554222 0.40000000 0.40000000 0.40000000
v 0.10682705 0.18185288 -0.00554222 0.40000000 0.40000000 0.40000000
v 0.07634511 0.18185288 -0.00554222 0.40000000 0.40000000 0.40000000
v 0.07557607 0.15390658 -0.00554222 0.40000000 0.40000000 0.40000000
v 0.10575136 0.15390562 -0.00554222 0.40000000 0.40000000 0.40000000
v 0.07557607 0.15390658 -0.00554222 0.40000000 0.40000000 0.40000000
v 0.07557607 0.11176304 -0.00554222 0.40000000 0.40000000 0.40000000
v 0.07557607 0.11176304 -0.00554222 0.40000000 0.40000000 0.40000000
v 0.10575136 0.11176304 -0.00554222 0.40000000 0.40000000 0.40000000
v 0.10575136 0.15390562 -0.00554222 0.40000000 0.40000000 0.40000000
v 0.12674209 0.15547007 -0.00554222 0.40000000 0.40000000 0.40000000
v 0.10575136 0.15390562 -0.00554222 0.40000000 0.40000000 0.40000000
v 0.10575136 0.11176304 -0.00554222 0.40000000 0.40000000 0.40000000
v 0.10575136 0.11176304 -0.00554222 0.40000000 0.40000000 0.40000000
v 0.12674257 0.11289780 -0.00554222 0.40000000 0.40000000 0.40000000
v 0.12674209 0.15547007 -0.00554222 0.40000000 0.40000000 0.40000000
v -0.14266758 0.16641831 -0.00409044 0.40000000 0.40000000 0.40000000
v -0.14132529 0.16485482 -0.00517925 0.40000000 0.40000000 0.40000000
v -0.13440488 0.19273765 -0.00517925 0.40000000 0.40000000 0.40000000
v -0.13440488 0.19273765 -0.00517925 0.40000000 0.40000000 0.40000000
v -0.13568173 0.19456676 -0.00409044 0.40000000 0.40000000 0.40000000
v -0.14266758 0.16641831 -0.00409044 0.40000000 0.40000000 0.40000000
v -0.14266758 0.16641831 0.00006294 0.40000000 0.40000000 0.40000000
v -0.14266758 0.16641831 -0.00409044 0.40000000 0.40000000 0.40000000
v -0.13568173 0.19456676 -0.00409044 0.40000000 0.40000000 0.40000000
v -0.13568173 0.19456676 -0.00409044 0.40000000 0.40000000 0.40000000
v -0.13568223 0.19456676 0.00006300 0.40000000 0.40000000 0.40000000
v -0.14266758 0.16641831 0.00006294 0.40000000 0.40000000 0.40000000
v -0.14266758 0.16641831 -0.00409044 0.40000000 0.40000000 0.40000000
v -0.14266758 0.16641831 0.00006294 0.40000000 0.40000000 0.40000000
v -0.14266807 0.12084507 0.00006300 0.40000000 0.40000000 0.40000000
v -0.14266807 0.12084507 0.00006300 0.40000000 0.40000000 0.40000000
v -0.14266758 0.12084507 -0.00409044 0.40000000 0.40000000 0.40000000
v -0.14266758 0.16641831 -0.00409044 0.40000000 0.40000000 0.40000000
v -0.14132529 0.16485482 -0.00517925 0.40000000 0.40000000 0.40000000
v -0.14266758 0.16641831 -0.00409044 0.40000000 0.40000000 0.40000000
v -0.14266758 0.12084507 -0.00409044 0.40000000 0.40000000 0.40000000
v -0.14266758 0.12084507 -0.00409044 0.40000000 0.40000000 0.40000000
v -0.14132529 0.11971030 -0.00517925 0.40000000 0.40000000 0.40000000
v -0.14132529 0.16485482 -0.00517925 0.40000000 0.40000000 0.40000000
v -0.14266758 0.16641831 0.00961964 0.40000000 0.40000000 0.40000000
v -0.14266758 0.16641831 0.00006294 0.40000000 0.40000000 0.40000000
v -0.13568223 0.19456676 0.00006300 0.40000000 0.40000000 0.40000000
v -0.13568223 0.19456676 0.00006300 0.40000000 0.40000000 0.40000000
v -0.13568173 0.19456676 0.00961964 0.40000000 0.40000000 0.40000000
v -0.14266758 0.16641831 0.00961964 0.40000000 0.40000000 0.40000000
v -0.14266758 0.16641831 0.01913582 0.40000000 0.40000000 0.40000000
v -0.14266758 0.16641831 0.00961964 0.40000000 0.40000000 0.40000000
v -0.13568173 0.19456676 0.00961964 0.40000000 0.40000000 0.40000000
v -0.13568173 0.19456676 0.00961964 0.40000000 0.40000000 0.40000000
v -0.13568223 0.19456577 0.01913588 0.40000000 0.40000000 0.40000000
v -0.14266758 0.16641831 0.01913582 0.40000000 0.40000000 0.40000000
v -0.14266758 0.16641831 0.00961964 0.40000000 0.40000000 0.40000000
v -0.14266758 0.16641831 0.01913582 0.40000000 0.40000000 0.40000000
v -0.14266807 0.12084507 0.01913582 0.40000000 0.40000000 0.40000000
v -0.14266807 0.12084507 0.01913582 0.40000000 0.40000000 0.40000000
v -0.14266758 0.12084507 0.00961964 0.40000000 0.40000000 0.40000000
v -0.14266758 0.16641831 0.00961964 0.40000000 0.40000000 0.40000000
v -0.14266758 0.16641831 0.00006294 0.40000000 0.40000000 0.40000000
v -0.14266758 0.16641831 0.00961964 0.40000000 0.40000000 0.40000000
v -0.14266758 0.12084507 0.00961964 0.40000000 0.40000000 0.40000000
v -0.14266758 0.12084507 0.00961964 0.40000000 0.40000000 0.40000000
v -0.14266807 0.12084507 0.00006300 0.40000000 0.40000000 0.40000000
v -0.14266758 0.16641831 0.00006294 0.40000000 0.40000000 0.40000000
v -0.04763975 -0.21124966 0.02283711 0.40000000 0.40000000 0.40000000
v -0.04893614 -0.21685806 0.02148091 0.40000000 0.40000000 0.40000000
v -0.00413096 -0.21685806 0.02148091 0.40000000 0.40000000 0.40000000
v -0.00413096 -0.21685806 0.02148091 0.40000000 0.40000000 0.40000000
v -0.00402159 -0.21124966 0.02283711 0.40000000 0.40000000 0.40000000
v -0.04763975 -0.21124966 0.02283711 0.40000000 0.40000000 0.40000000
v -0.04634385 -0.20549868 0.02373018 0.40000000 0.40000000 0.40000000
v -0.04763975 -0.21124966 0.02283711 0.40000000 0.40000000 0.40000000
v -0.00402159 -0.21124966 0.02283711 0.40000000 0.40000000 0.40000000
v -0.00402159 -0.21124966 0.02283711 0.40000000 0.40000000 0.40000000
v -0.00391172 -0.20549868 0.02373012 0.40000000 0.40000000 0.40000000
v -0.04634385 -0.20549868 0.02373018 0.40000000 0.40000000 0.40000000
v -0.04763975 -0.21124966 0.02283711 0.40000000 0.40000000 0.40000000
v -0.04634385 -0.20549868 0.02373018 0.40000000 0.40000000 0.40000000
v -0.08433653 -0.20549868 0.02373012 0.40000000 0.40000000 0.40000000
v -0.08433653 -0.20549868 0.02373012 0.40000000 0.40000000 0.40000000
v -0.08669541 -0.21124966 0.02283711 0.40000000 0.40000000 0.40000000
v -0.04763975 -0.21124966 0.02283711 0.40000000 0.40000000 0.40000000
v -0.04893614 -0.21685806 0.02148091 0.40000000 0.40000000 0.40000000
v -0.04763975 -0.21124966 0.02283711 0.40000000 0.40000000 0.40000000
v -0.08669541 -0.21124966 0.02283711 0.40000000 0.40000000 0.40000000
v -0.08669541 -0.21124966 0.02283711 0.40000000 0.40000000 0.40000000
v -0.08904698 -0.21686782 0.02148006 0.40000000 0.40000000 0.40000000
v -0.04893614 -0.21685806 0.02148091 0.40000000 0.40000000 0.40000000
v -0.11904307 0.21161753 0.02283711 0.40000000 0.40000000 0.40000000
v -0.08669541 0.21161753 0.02283711 0.40000000 0.40000000 0.40000000
v -0.08904747 0.21723472 0.02148006 0.40000000 0.40000000 0.40000000
v -0.08904747 0.21723472 0.02148006 0.40000000 0.40000000 0.40000000
v -0.12225547 0.21726011 0.02147761 0.40000000 0.40000000 0.40000000
v -0.11904307 0.21161753 0.02283711 0.40000000 0.40000000 0.40000000
v -0.14078867 0.20188218 0.02283711 0.40000000 0.40000000 0.40000000
v -0.11904307 0.21161753 0.02283711 0.40000000 0.40000000 0.40000000
v -0.12225547 0.21726011 0.02147761 0.40000000 0.40000000 0.40000000
v -0.12225547 0.21726011 0.02147761 0.40000000 0.40000000 0.40000000
v -0.14456700 0.20729429 0.02147590 0.40000000 0.40000000 0.40000000
v -0.14078867 0.20188218 0.02283711 0.40000000 0.40000000 0.40000000
v -0.11904307 0.21161753 0.02283711 0.40000000 0.40000000 0.40000000
v -0.14078867 0.20188218 0.02283711 0.40000000 0.40000000 0.40000000
v -0.13695909 0.19639584 0.02373012 0.40000000 0.40000000 0.40000000
v -0.13695909 0.19639584 0.02373012 0.40000000 0.40000000 0.40000000
v -0.11580430 0.20586655 0.02373018 0.40000000 0.40000000 0.40000000
v -0.11904307 0.21161753 0.02283711 0.40000000 0.40000000 0.40000000
v -0.08669541 0.21161753 0.02283711 0.40000000 0.40000000 0.40000000
v -0.11904307 0.21161753 0.02283711 0.40000000 0.40000000 0.40000000
v -0.11580430 0.20586655 0.02373018 0.40000000 0.40000000 0.40000000
v -0.11580430 0.20586655 0.02373018 0.40000000 0.40000000 0.40000000
v -0.08433653 0.20586655 0.02373012 0.40000000 0.40000000 0.40000000
v -0.08669541 0.21161753 0.02283711 0.40000000 0.40000000 0.40000000
v -0.04591221 -0.20358071 0.02316786 0.40000000 0.40000000 0.40000000
v -0.04634385 -0.20549868 0.02373018 0.40000000 0.40000000 0.40000000
v -0.00391172 -0.20549868 0.02373012 0.40000000 0.40000000 0.40000000
v -0.00391172 -0.20549868 0.02373012 0.40000000 0.40000000 0.40000000
v -0.00387559 -0.20358071 0.02316786 0.40000000 0.40000000 0.40000000
v -0.04591221 -0.20358071 0.02316786 0.40000000 0.40000000 0.40000000
v -0.04591221 -0.20358071 0.01913582 0.40000000 0.40000000 0.40000000
v -0.04591221 -0.20358071 0.02316786 0.40000000 0.40000000 0.40000000
v -0.00387559 -0.20358071 0.02316786 0.40000000 0.40000000 0.40000000
v -0.00387559 -0.20358071 0.02316786 0.40000000 0.40000000 0.40000000
v -0.00387559 -0.20358071 0.01913582 0.40000000 0.40000000 0.40000000
v -0.04591221 -0.20358071 0.01913582 0.40000000 0.40000000 0.40000000
v -0.04591221 -0.20358071 0.02316786 0.40000000 0.40000000 0.40000000
v -0.04591221 -0.20358071 0.01913582 0.40000000 0.40000000 0.40000000
v -0.08355039 -0.20358071 0.01913582 0.40000000 0.40000000 0.40000000
v -0.08355039 -0.20358071 0.01913582 0.40000000 0.40000000 0.40000000
v -0.08355039 -0.20358071 0.02316786 0.40000000 0.40000000 0.40000000
v -0.04591221 -0.20358071 0.02316786 0.40000000 0.40000000 0.40000000
v -0.04634385 -0.20549868 0.02373018 0.40000000 0.40000000 0.40000000
v -0.04591221 -0.20358071 0.02316786 0.40000000 0.40000000 0.40000000
v -0.08355039 -0.20358071 0.02316786 0.40000000 0.40000000 0.40000000
v -0.08355039 -0.20358071 0.02316786 0.40000000 0.40000000 0.40000000
v -0.08433653 -0.20549868 0.02373012 0.40000000 0.40000000 0.40000000
v -0.04634385 -0.20549868 0.02373018 0.40000000 0.40000000 0.40000000
v -0.11472471 0.20394859 0.02316786 0.40000000 0.40000000 0.40000000
v -0.11580430 0.20586655 0.02373018 0.40000000 0.40000000 0.40000000
v -0.13695909 0.19639584 0.02373012 0.40000000 0.40000000 0.40000000
v -0.13695909 0.19639584 0.02373012 0.40000000 0.40000000 0.40000000
v -0.13568173 0.19456676 0.02316786 0.40000000 0.40000000 0.40000000
v -0.11472471 0.20394859 0.02316786 0.40000000 0.40000000 0.40000000
v -0.11472471 0.20394859 0.01913582 0.40000000 0.40000000 0.40000000
v -0.11472471 0.20394859 0.02316786 0.40000000 0.40000000 0.40000000
v -0.13568173 0.19456676 0.02316786 0.40000000 0.40000000 0.40000000
v -0.13568173 0.19456676 0.02316786 0.40000000 0.40000000 0.40000000
v -0.13568223 0.19456577 0.01913588 0.40000000 0.40000000 0.40000000
v -0.11472471 0.20394859 0.01913582 0.40000000 0.40000000 0.40000000
v -0.11472471 0.20394859 0.02316786 0.40000000 0.40000000 0.40000000
v -0.11472471 0.20394859 0.01913582 0.40000000 0.40000000 0.40000000
v -0.08355039 0.20394859 0.01913582 0.40000000 0.40000000 0.40000000
v -0.08355039 0.20394859 0.01913582 0.40000000 0.40000000 0.40000000
v -0.08355039 0.20394859 0.02316786 0.40000000 0.40000000 0.40000000
v -0.11472471 0.20394859 0.02316786 0.40000000 0.40000000 0.40000000
v -0.11580430 0.20586655 0.02373018 0.40000000 0.40000000 0.40000000
v -0.11472471 0.20394859 0.02316786 0.40000000 0.40000000 0.40000000
v -0.08355039 0.20394859 0.02316786 0.40000000 0.40000000 0.40000000
v -0.08355039 0.20394859 0.02316786 0.40000000 0.40000000 0.40000000
v -0.08433653 0.20586655 0.02373012 0.40000000 0.40000000 0.40000000
v -0.11580430 0.20586655 0.02373018 0.40000000 0.40000000 0.40000000
v -0.04418370 -0.19591273 -0.00554222 0.40000000 0.40000000 0.40000000
v -0.04548008 -0.20166372 -0.00517925 0.40000000 0.40000000 0.40000000
v -0.00383897 -0.20166470 -0.00517925 0.40000000 0.40000000 0.40000000
v -0.00383897 -0.20166470 -0.00517925 0.40000000 0.40000000 0.40000000
v -0.00372959 -0.19591273 -0.00554222 0.40000000 0.40000000 0.40000000
v -0.04418370 -0.19591273 -0.00554222 0.40000000 0.40000000 0.40000000
v -0.04288731 -0.18283853 -0.00554222 0.40000000 0.40000000 0.40000000
v -0.04418370 -0.19591273 -0.00554222 0.40000000 0.40000000 0.40000000
v -0.00372959 -0.19591273 -0.00554222 0.40000000 0.40000000 0.40000000
v -0.00372959 -0.19591273 -0.00554222 0.40000000 0.40000000 0.40000000
v -0.00361924 -0.18283853 -0.00554222 0.40000000 0.40000000 0.40000000
v -0.04288731 -0.18283853 -0.00554222 0.40000000 0.40000000 0.40000000
v -0.04418370 -0.19591273 -0.00554222 0.40000000 0.40000000 0.40000000
v -0.04288731 -0.18283853 -0.00554222 0.40000000 0.40000000 0.40000000
v -0.07804698 -0.18283853 -0.00554222 0.40000000 0.40000000 0.40000000
v -0.07804698 -0.18283853 -0.00554222 0.40000000 0.40000000 0.40000000
v -0.08040538 -0.19591273 -0.00554222 0.40000000 0.40000000 0.40000000
v -0.04418370 -0.19591273 -0.00554222 0.40000000 0.40000000 0.40000000
v -0.04548008 -0.20166372 -0.00517925 0.40000000 0.40000000 0.40000000
v -0.04418370 -0.19591273 -0.00554222 0.40000000 0.40000000 0.40000000
v -0.08040538 -0.19591273 -0.00554222 0.40000000 0.40000000 0.40000000
v -0.08040538 -0.19591273 -0.00554222 0.40000000 0.40000000 0.40000000
v -0.08276426 -0.20166470 -0.00517925 0.40000000 0.40000000 0.40000000
v -0.04548008 -0.20166372 -0.00517925 0.40000000 0.40000000 0.40000000
v -0.11040684 0.19628061 -0.00554222 0.40000000 0.40000000 0.40000000
v -0.08040538 0.19628061 -0.00554222 0.40000000 0.40000000 0.40000000
v -0.08276377 0.20203257 -0.00517925 0.40000000 0.40000000 0.40000000
v -0.08276377 0.20203257 -0.00517925 0.40000000 0.40000000 0.40000000
v -0.11364561 0.20203158 -0.00517925 0.40000000 0.40000000 0.40000000
v -0.11040684 0.19628061 -0.00554222 0.40000000 0.40000000 0.40000000
v -0.13057530 0.18725131 -0.00554222 0.40000000 0.40000000 0.40000000
v -0.11040684 0.19628061 -0.00554222 0.40000000 0.40000000 0.40000000
v -0.11364561 0.20203158 -0.00517925 0.40000000 0.40000000 0.40000000
v -0.11364561 0.20203158 -0.00517925 0.40000000 0.40000000 0.40000000
v -0.13440488 0.19273765 -0.00517925 0.40000000 0.40000000 0.40000000
v -0.13057530 0.18725131 -0.00554222 0.40000000 0.40000000 0.40000000
v -0.11040684 0.19628061 -0.00554222 0.40000000 0.40000000 0.40000000
v -0.13057530 0.18725131 -0.00554222 0.40000000 0.40000000 0.40000000
v -0.12271348 0.17643882 -0.00554234 0.40000000 0.40000000 0.40000000
v -0.12271348 0.17643882 -0.00554234 0.40000000 0.40000000 0.40000000
v -0.10716856 0.18185288 -0.00554222 0.40000000 0.40000000 0.40000000
v -0.11040684 0.19628061 -0.00554222 0.40000000 0.40000000 0.40000000
v -0.08040538 0.19628061 -0.00554222 0.40000000 0.40000000 0.40000000
v -0.11040684 0.19628061 -0.00554222 0.40000000 0.40000000 0.40000000
v -0.10716856 0.18185288 -0.00554222 0.40000000 0.40000000 0.40000000
v -0.10716856 0.18185288 -0.00554222 0.40000000 0.40000000 0.40000000
v -0.07804698 0.18185288 -0.00554222 0.40000000 0.40000000 0.40000000
v -0.08040538 0.19628061 -0.00554222 0.40000000 0.40000000 0.40000000
v -0.10608897 -0.15895376 -0.00554222 0.40000000 0.40000000 0.40000000
v -0.10608897 -0.12199282 -0.00554222 0.40000000 0.40000000 0.40000000
v -0.12681065 -0.12323696 -0.00554222 0.40000000 0.40000000 0.40000000
v -0.12681065 -0.12323696 -0.00554222 0.40000000 0.40000000 0.40000000
v -0.12681065 -0.16057290 -0.00554222 0.40000000 0.40000000 0.40000000
v -0.10608897 -0.15895376 -0.00554222 0.40000000 0.40000000 0.40000000
v -0.10716856 -0.18283853 -0.00554222 0.40000000 0.40000000 0.40000000
v -0.10608897 -0.15895376 -0.00554222 0.40000000 0.40000000 0.40000000
v -0.12681065 -0.16057290 -0.00554222 0.40000000 0.40000000 0.40000000
v -0.12681065 -0.16057290 -0.00554222 0.40000000 0.40000000 0.40000000
v -0.12271397 -0.17850259 -0.00554234 0.40000000 0.40000000 0.40000000
v -0.10716856 -0.18283853 -0.00554222 0.40000000 0.40000000 0.40000000
v -0.10608897 -0.15895376 -0.00554222 0.40000000 0.40000000 0.40000000
v -0.10716856 -0.18283853 -0.00554222 0.40000000 0.40000000 0.40000000
v -0.07804698 -0.18283853 -0.00554222 0.40000000 0.40000000 0.40000000
v -0.07804698 -0.18283853 -0.00554222 0.40000000 0.40000000 0.40000000
v -0.07726084 -0.15895376 -0.00554222 0.40000000 0.40000000 0.40000000
v -0.10608897 -0.15895376 -0.00554222 0.40000000 0.40000000 0.40000000
v -0.10608897 -0.12199282 -0.00554222 0.40000000 0.40000000 0.40000000
v -0.10608897 -0.15895376 -0.00554222 0.40000000 0.40000000 0.40000000
v -0.07726084 -0.15895376 -0.00554222 0.40000000 0.40000000 0.40000000
v -0.07726084 -0.15895376 -0.00554222 0.40000000 0.40000000 0.40000000
v -0.07726182 -0.12199282 -0.00554222 0.40000000 0.40000000 0.40000000
v -0.10608897 -0.12199282 -0.00554222 0.40000000 0.40000000 0.40000000
v -0.11472471 -0.20358071 -0.00409044 0.40000000 0.40000000 0.40000000
v -0.11364512 -0.20166372 -0.00517925 0.40000000 0.40000000 0.40000000
v -0.13440488 -0.19381997 -0.00517925 0.40000000 0.40000000 0.40000000
v -0.13440488 -0.19381997 -0.00517925 0.40000000 0.40000000 0.40000000
v -0.13568173 -0.19566274 -0.00409044 0.40000000 0.40000000 0.40000000
v -0.11472471 -0.20358071 -0.00409044 0.40000000 0.40000000 0.40000000
v -0.11472471 -0.20358071 0.00006294 0.40000000 0.40000000 0.40000000
v -0.11472471 -0.20358071 -0.00409044 0.40000000 0.40000000 0.40000000
v -0.13568173 -0.19566274 -0.00409044 0.40000000 0.40000000 0.40000000
v -0.13568173 -0.19566274 -0.00409044 0.40000000 0.40000000 0.40000000
v -0.13568223 -0.19566274 0.00006300 0.40000000 0.40000000 0.40000000
v -0.11472471 -0.20358071 0.00006294 0.40000000 0.40000000 0.40000000
v -0.11472471 -0.20358071 -0.00409044 0.40000000 0.40000000 0.40000000
v -0.11472471 -0.20358071 0.00006294 0.40000000 0.40000000 0.40000000
v -0.08355039 -0.20358071 0.00006300 0.40000000 0.40000000 0.40000000
v -0.08355039 -0.20358071 0.00006300 0.40000000 0.40000000 0.40000000
v -0.08355039 -0.20358071 -0.00409044 0.40000000 0.40000000 0.40000000
v -0.11472471 -0.20358071 -0.00409044 0.40000000 0.40000000 0.40000000
v -0.11364512 -0.20166372 -0.00517925 0.40000000 0.40000000 0.40000000
v -0.11472471 -0.20358071 -0.00409044 0.40000000 0.40000000 0.40000000
v -0.08355039 -0.20358071 -0.00409044 0.40000000 0.40000000 0.40000000
v -0.08355039 -0.20358071 -0.00409044 0.40000000 0.40000000 0.40000000
v -0.08276426 -0.20166470 -0.00517925 0.40000000 0.40000000 0.40000000
v -0.11364512 -0.20166372 -0.00517925 0.40000000 0.40000000 0.40000000
v -0.04591221 0.20394859 -0.00409044 0.40000000 0.40000000 0.40000000
v -0.04548008 0.20203158 -0.00517925 0.40000000 0.40000000 0.40000000
v -0.00383897 0.20203257 -0.00517931 0.40000000 0.40000000 0.40000000
v -0.00383897 0.20203257 -0.00517931 0.40000000 0.40000000 0.40000000
v -0.00387559 0.20394859 -0.00409044 0.40000000 0.40000000 0.40000000
v -0.04591221 0.20394859 -0.00409044 0.40000000 0.40000000 0.40000000
v -0.04591221 0.20394859 0.00006294 0.40000000 0.40000000 0.40000000
v -0.04591221 0.20394859 -0.00409044 0.40000000 0.40000000 0.40000000
v -0.00387559 0.20394859 -0.00409044 0.40000000 0.40000000 0.40000000
v -0.00387559 0.20394859 -0.00409044 0.40000000 0.40000000 0.40000000
v -0.00387559 0.20394859 0.00006300 0.40000000 0.40000000 0.40000000
v -0.04591221 0.20394859 0.00006294 0.40000000 0.40000000 0.40000000
v -0.04591221 0.20394859 -0.00409044 0.40000000 0.40000000 0.40000000
v -0.04591221 0.20394859 0.00006294 0.40000000 0.40000000 0.40000000
v -0.08355039 0.20394859 0.00006300 0.40000000 0.40000000 0.40000000
v -0.08355039 0.20394859 0.00006300 0.40000000 0.40000000 0.40000000
v -0.08355039 0.20394859 -0.00409044 0.40000000 0.40000000 0.40000000
v -0.04591221 0.20394859 -0.00409044 0.40000000 0.40000000 0.40000000
v -0.04548008 0.20203158 -0.00517925 0.40000000 0.40000000 0.40000000
v -0.04591221 0.20394859 -0.00409044 0.40000000 0.40000000 0.40000000
v -0.08355039 0.20394859 -0.00409044 0.40000000 0.40000000 0.40000000
v -0.08355039 0.20394859 -0.00409044 0.40000000 0.40000000 0.40000000
v -0.08276377 0.20203257 -0.00517925 0.40000000 0.40000000 0.40000000
v -0.04548008 0.20203158 -0.00517925 0.40000000 0.40000000 0.40000000
v -0.11472471 -0.20358071 0.00961964 0.40000000 0.40000000 0.40000000
v -0.11472471 -0.20358071 0.00006294 0.40000000 0.40000000 0.40000000
v -0.13568223 -0.19566274 0.00006300 0.40000000 0.40000000 0.40000000
v -0.13568223 -0.19566274 0.00006300 0.40000000 0.40000000 0.40000000
v -0.13568173 -0.19566274 0.00961964 0.40000000 0.40000000 0.40000000
v -0.11472471 -0.20358071 0.00961964 0.40000000 0.40000000 0.40000000
v -0.11472471 -0.20358071 0.01913582 0.40000000 0.40000000 0.40000000
v -0.11472471 -0.20358071 0.00961964 0.40000000 0.40000000 0.40000000
v -0.13568173 -0.19566274 0.00961964 0.40000000 0.40000000 0.40000000
v -0.13568173 -0.19566274 0.00961964 0.40000000 0.40000000 0.40000000
v -0.13568223 -0.19566274 0.01913588 0.40000000 0.40000000 0.40000000
v -0.11472471 -0.20358071 0.01913582 0.40000000 0.40000000 0.40000000
v -0.11472471 -0.20358071 0.00961964 0.40000000 0.40000000 0.40000000
v -0.11472471 -0.20358071 0.01913582 0.40000000 0.40000000 0.40000000
v -0.08355039 -0.20358071 0.01913582 0.40000000 0.40000000 0.40000000
v -0.08355039 -0.20358071 0.01913582 0.40000000 0.40000000 0.40000000
v -0.08355039 -0.20358071 0.00961964 0.40000000 0.40000000 0.40000000
v -0.11472471 -0.20358071 0.00961964 0.40000000 0.40000000 0.40000000
v -0.11472471 -0.20358071 0.00006294 0.40000000 0.40000000 0.40000000
v -0.11472471 -0.20358071 0.00961964 0.40000000 0.40000000 0.40000000
v -0.08355039 -0.20358071 0.00961964 0.40000000 0.40000000 0.40000000
v -0.08355039 -0.20358071 0.00961964 0.40000000 0.40000000 0.40000000
v -0.08355039 -0.20358071 0.00006300 0.40000000 0.40000000 0.40000000
v -0.11472471 -0.20358071 0.00006294 0.40000000 0.40000000 0.40000000
v -0.04591221 0.20394859 0.00961964 0.40000000 0.40000000 0.40000000
v -0.04591221 0.20394859 0.00006294 0.40000000 0.40000000 0.40000000
v -0.00387559 0.20394859 0.00006300 0.40000000 0.40000000 0.40000000
v -0.00387559 0.20394859 0.00006300 0.40000000 0.40000000 0.40000000
v -0.00387559 0.20394859 0.00961964 0.40000000 0.40000000 0.40000000
v -0.04591221 0.20394859 0.00961964 0.40000000 0.40000000 0.40000000
v -0.04591221 0.20394859 0.01913582 0.40000000 0.40000000 0.40000000
v -0.04591221 0.20394859 0.00961964 0.40000000 0.40000000 0.40000000
v -0.00387559 0.20394859 0.00961964 0.40000000 0.40000000 0.40000000
v -0.00387559 0.20394859 0.00961964 0.40000000 0.40000000 0.40000000
v -0.00387559 0.20394859 0.01913582 0.40000000 0.40000000 0.40000000
v -0.04591221 0.20394859 0.01913582 0.40000000 0.40000000 0.40000000
v -0.04591221 0.20394859 0.00961964 0.40000000 0.40000000 0.40000000
v -0.04591221 0.20394859 0.01913582 0.40000000 0.40000000 0.40000000
v -0.08355039 0.20394859 0.01913582 0.40000000 0.40000000 0.40000000
v -0.08355039 0.20394859 0.01913582 0.40000000 0.40000000 0.40000000
v -0.08355039 0.20394859 0.00961964 0.40000000 0.40000000 0.40000000
v -0.04591221 0.20394859 0.00961964 0.40000000 0.40000000 0.40000000
v -0.04591221 0.20394859 0.00006294 0.40000000 0.40000000 0.40000000
v -0.04591221 0.20394859 0.00961964 0.40000000 0.40000000 0.40000000
v -0.08355039 0.20394859 0.00961964 0.40000000 0.40000000 0.40000000
v -0.08355039 0.20394859 0.00961964 0.40000000 0.40000000 0.40000000
v -0.08355039 0.20394859 0.00006300 0.40000000 0.40000000 0.40000000
v -0.04591221 0.20394859 0.00006294 0.40000000 0.40000000 0.40000000
v -0.10608897 -0.06968911 -0.00554222 0.40000000 0.40000000 0.40000000
v -0.10608897 -0.00859341 -0.00554222 0.40000000 0.40000000 0.40000000
v -0.12681065 -0.00868325 -0.00554222 0.40000000 0.40000000 0.40000000
v -0.12681065 -0.00868325 -0.00554222 0.40000000 0.40000000 0.40000000
v -0.12681065 -0.07040005 -0.00554222 0.40000000 0.40000000 0.40000000
v -0.10608897 -0.06968911 -0.00554222 0.40000000 0.40000000 0.40000000
v -0.10608897 -0.12199282 -0.00554222 0.40000000 0.40000000 0.40000000
v -0.10608897 -0.06968911 -0.00554222 0.40000000 0.40000000 0.40000000
v -0.12681065 -0.07040005 -0.00554222 0.40000000 0.40000000 0.40000000
v -0.12681065 -0.07040005 -0.00554222 0.40000000 0.40000000 0.40000000
v -0.12681065 -0.12323696 -0.00554222 0.40000000 0.40000000 0.40000000
v -0.10608897 -0.12199282 -0.00554222 0.40000000 0.40000000 0.40000000
v -0.10608897 -0.06968911 -0.00554222 0.40000000 0.40000000 0.40000000
v -0.10608897 -0.12199282 -0.00554222 0.40000000 0.40000000 0.40000000
v -0.07726182 -0.12199282 -0.00554222 0.40000000 0.40000000 0.40000000
v -0.07726182 -0.12199282 -0.00554222 0.40000000 0.40000000 0.40000000
v -0.07726084 -0.06968911 -0.00554222 0.40000000 0.40000000 0.40000000
v -0.10608897 -0.06968911 -0.00554222 0.40000000 0.40000000 0.40000000
v -0.10608897 -0.00859341 -0.00554222 0.40000000 0.40000000 0.40000000
v -0.10608897 -0.06968911 -0.00554222 0.40000000 0.40000000 0.40000000
v -0.07726084 -0.06968911 -0.00554222 0.40000000 0.40000000 0.40000000
v -0.07726084 -0.06968911 -0.00554222 0.40000000 0.40000000 0.40000000
v -0.07726182 -0.00859341 -0.00554222 0.40000000 0.40000000 0.40000000
v -0.10608897 -0.00859341 -0.00554222 0.40000000 0.40000000 0.40000000
v -0.10608897 0.05474351 -0.00554222 0.40000000 0.40000000 0.40000000
v -0.10608897 0.11176304 -0.00554222 0.40000000 0.40000000 0.40000000
v -0.12681065 0.11289780 -0.00554222 0.40000000 0.40000000 0.40000000
v -0.12681065 0.11289780 -0.00554222 0.40000000 0.40000000 0.40000000
v -0.12681065 0.05529819 -0.00554222 0.40000000 0.40000000 0.40000000
v -0.10608897 0.05474351 -0.00554222 0.40000000 0.40000000 0.40000000
v -0.10608897 -0.00859341 -0.00554222 0.40000000 0.40000000 0.40000000
v -0.10608897 0.05474351 -0.00554222 0.40000000 0.40000000 0.40000000
v -0.12681065 0.05529819 -0.00554222 0.40000000 0.40000000 0.40000000
v -0.12681065 0.05529819 -0.00554222 0.40000000 0.40000000 0.40000000
v -0.12681065 -0.00868325 -0.00554222 0.40000000 0.40000000 0.40000000
v -0.10608897 -0.00859341 -0.00554222 0.40000000 0.40000000 0.40000000
v -0.10608897 0.05474351 -0.00554222 0.40000000 0.40000000 0.40000000
v -0.10608897 -0.00859341 -0.00554222 0.40000000 0.40000000 0.40000000
v -0.07726182 -0.00859341 -0.00554222 0.40000000 0.40000000 0.40000000
v -0.07726182 -0.00859341 -0.00554222 0.40000000 0.40000000 0.40000000
v -0.07726084 0.05474351 -0.00554222 0.40000000 0.40000000 0.40000000
v -0.10608897 0.05474351 -0.00554222 0.40000000 0.40000000 0.40000000
v -0.10608897 0.11176304 -0.00554222 0.40000000 0.40000000 0.40000000
v -0.10608897 0.05474351 -0.00554222 0.40000000 0.40000000 0.40000000
v -0.07726084 0.05474351 -0.00554222 0.40000000 0.40000000 0.40000000
v -0.07726084 0.05474351 -0.00554222 0.40000000 0.40000000 0.40000000
v -0.07726182 0.11176304 -0.00554222 0.40000000 0.40000000 0.40000000
v -0.10608897 0.11176304 -0.00554222 0.40000000 0.40000000 0.40000000
v -0.10608897 0.15390658 -0.00554222 0.40000000 0.40000000 0.40000000
v -0.10716856 0.18185288 -0.00554222 0.40000000 0.40000000 0.40000000
v -0.12271348 0.17643882 -0.00554234 0.40000000 0.40000000 0.40000000
v -0.12271348 0.17643882 -0.00554234 0.40000000 0.40000000 0.40000000
v -0.12681065 0.15547007 -0.00554222 0.40000000 0.40000000 0.40000000
v -0.10608897 0.15390658 -0.00554222 0.40000000 0.40000000 0.40000000
v -0.10608897 0.11176304 -0.00554222 0.40000000 0.40000000 0.40000000
v -0.10608897 0.15390658 -0.00554222 0.40000000 0.40000000 0.40000000
v -0.12681065 0.15547007 -0.00554222 0.40000000 0.40000000 0.40000000
v -0.12681065 0.15547007 -0.00554222 0.40000000 0.40000000 0.40000000
v -0.12681065 0.11289780 -0.00554222 0.40000000 0.40000000 0.40000000
v -0.10608897 0.11176304 -0.00554222 0.40000000 0.40000000 0.40000000
v -0.10608897 0.15390658 -0.00554222 0.40000000 0.40000000 0.40000000
v -0.10608897 0.11176304 -0.00554222 0.40000000 0.40000000 0.40000000
v -0.07726182 0.11176304 -0.00554222 0.40000000 0.40000000 0.40000000
v -0.07726182 0.11176304 -0.00554222 0.40000000 0.40000000 0.40000000
v -0.07726084 0.15390658 -0.00554222 0.40000000 0.40000000 0.40000000
v -0.10608897 0.15390658 -0.00554222 0.40000000 0.40000000 0.40000000
v -0.10716856 0.18185288 -0.00554222 0.40000000 0.40000000 0.40000000
v -0.10608897 0.15390658 -0.00554222 0.40000000 0.40000000 0.40000000
v -0.07726084 0.15390658 -0.00554222 0.40000000 0.40000000 0.40000000
v -0.07726084 0.15390658 -0.00554222 0.40000000 0.40000000 0.40000000
v -0.07804698 0.18185288 -0.00554222 0.40000000 0.40000000 0.40000000
v -0.10716856 0.18185288 -0.00554222 0.40000000 0.40000000 0.40000000
v 0.04201650 0.21161753 0.02283711 0.40000000 0.40000000 0.40000000
v 0.04315908 0.21722592 0.02148091 0.40000000 0.40000000 0.40000000
v -0.00413096 0.21722592 0.02148091 0.40000000 0.40000000 0.40000000
v -0.00413096 0.21722592 0.02148091 0.40000000 0.40000000 0.40000000
v -0.00402159 0.21161753 0.02283711 0.40000000 0.40000000 0.40000000
v 0.04201650 0.21161753 0.02283711 0.40000000 0.40000000 0.40000000
v 0.04087392 0.20586655 0.02373018 0.40000000 0.40000000 0.40000000
v 0.04201650 0.21161753 0.02283711 0.40000000 0.40000000 0.40000000
v -0.00402159 0.21161753 0.02283711 0.40000000 0.40000000 0.40000000
v -0.00402159 0.21161753 0.02283711 0.40000000 0.40000000 0.40000000
v -0.00391172 0.20586655 0.02373012 0.40000000 0.40000000 0.40000000
v 0.04087392 0.20586655 0.02373018 0.40000000 0.40000000 0.40000000
v 0.04201650 0.21161753 0.02283711 0.40000000 0.40000000 0.40000000
v 0.04087392 0.20586655 0.02373018 0.40000000 0.40000000 0.40000000
v 0.08249550 0.20586655 0.02373012 0.40000000 0.40000000 0.40000000
v 0.08249550 0.20586655 0.02373012 0.40000000 0.40000000 0.40000000
v 0.08480166 0.21161753 0.02283711 0.40000000 0.40000000 0.40000000
v 0.04201650 0.21161753 0.02283711 0.40000000 0.40000000 0.40000000
v 0.04315908 0.21722592 0.02148091 0.40000000 0.40000000 0.40000000
v 0.04201650 0.21161753 0.02283711 0.40000000 0.40000000 0.40000000
v 0.08480166 0.21161753 0.02283711 0.40000000 0.40000000 0.40000000
v 0.08480166 0.21161753 0.02283711 0.40000000 0.40000000 0.40000000
v 0.08710195 0.21723472 0.02148006 0.40000000 0.40000000 0.40000000
v 0.04315908 0.21722592 0.02148091 0.40000000 0.40000000 0.40000000
v 0.04049306 0.20394859 0.02316786 0.40000000 0.40000000 0.40000000
v 0.04087392 0.20586655 0.02373018 0.40000000 0.40000000 0.40000000
v -0.00391172 0.20586655 0.02373012 0.40000000 0.40000000 0.40000000
v -0.00391172 0.20586655 0.02373012 0.40000000 0.40000000 0.40000000
v -0.00387510 0.20394859 0.02316786 0.40000000 0.40000000 0.40000000
v 0.04049306 0.20394859 0.02316786 0.40000000 0.40000000 0.40000000
v 0.04049306 0.20394859 0.01913582 0.40000000 0.40000000 0.40000000
v 0.04049306 0.20394859 0.02316786 0.40000000 0.40000000 0.40000000
v -0.00387510 0.20394859 0.02316786 0.40000000 0.40000000 0.40000000
v -0.00387510 0.20394859 0.02316786 0.40000000 0.40000000 0.40000000
v -0.00387559 0.20394859 0.01913582 0.40000000 0.40000000 0.40000000
v 0.04049306 0.20394859 0.01913582 0.40000000 0.40000000 0.40000000
v 0.04049306 0.20394859 0.02316786 0.40000000 0.40000000 0.40000000
v 0.04049306 0.20394859 0.01913582 0.40000000 0.40000000 0.40000000
v 0.08172695 0.20394859 0.01913582 0.40000000 0.40000000 0.40000000
v 0.08172695 0.20394859 0.01913582 0.40000000 0.40000000 0.40000000
v 0.08172646 0.20394859 0.02316786 0.40000000 0.40000000 0.40000000
v 0.04049306 0.20394859 0.02316786 0.40000000 0.40000000 0.40000000
v 0.04087392 0.20586655 0.02373018 0.40000000 0.40000000 0.40000000
v 0.04049306 0.20394859 0.02316786 0.40000000 0.40000000 0.40000000
v 0.08172646 0.20394859 0.02316786 0.40000000 0.40000000 0.40000000
v 0.08172646 0.20394859 0.02316786 0.40000000 0.40000000 0.40000000
v 0.08249550 0.20586655 0.02373012 0.40000000 0.40000000 0.40000000
v 0.04087392 0.20586655 0.02373018 0.40000000 0.40000000 0.40000000
v 0.03896914 0.19628061 -0.00554222 0.40000000 0.40000000 0.40000000
v 0.04011220 0.20203158 -0.00517925 0.40000000 0.40000000 0.40000000
v -0.00383897 0.20203257 -0.00517931 0.40000000 0.40000000 0.40000000
v -0.00383897 0.20203257 -0.00517931 0.40000000 0.40000000 0.40000000
v -0.00372959 0.19628061 -0.00554222 0.40000000 0.40000000 0.40000000
v 0.03896914 0.19628061 -0.00554222 0.40000000 0.40000000 0.40000000
v 0.03782705 0.18185288 -0.00554222 0.40000000 0.40000000 0.40000000
v 0.03896914 0.19628061 -0.00554222 0.40000000 0.40000000 0.40000000
v -0.00372959 0.19628061 -0.00554222 0.40000000 0.40000000 0.40000000
v -0.00372959 0.19628061 -0.00554222 0.40000000 0.40000000 0.40000000
v -0.00361924 0.18185288 -0.00554222 0.40000000 0.40000000 0.40000000
v 0.03782705 0.18185288 -0.00554222 0.40000000 0.40000000 0.40000000
v 0.03896914 0.19628061 -0.00554222 0.40000000 0.40000000 0.40000000
v 0.03782705 0.18185288 -0.00554222 0.40000000 0.40000000 0.40000000
v 0.07634511 0.18185288 -0.00554222 0.40000000 0.40000000 0.40000000
v 0.07634511 0.18185288 -0.00554222 0.40000000 0.40000000 0.40000000
v 0.07865127 0.19628061 -0.00554222 0.40000000 0.40000000 0.40000000
v 0.03896914 0.19628061 -0.00554222 0.40000000 0.40000000 0.40000000
v 0.04011220 0.20203158 -0.00517925 0.40000000 0.40000000 0.40000000
v 0.03896914 0.19628061 -0.00554222 0.40000000 0.40000000 0.40000000
v 0.07865127 0.19628061 -0.00554222 0.40000000 0.40000000 0.40000000
v 0.07865127 0.19628061 -0.00554222 0.40000000 0.40000000 0.40000000
v 0.08095791 0.20203257 -0.00517925 0.40000000 0.40000000 0.40000000
v 0.04011220 0.20203158 -0.00517925 0.40000000 0.40000000 0.40000000
v 0.03744570 -0.15895376 -0.00554222 0.40000000 0.40000000 0.40000000
v 0.03744619 -0.12199282 -0.00554222 0.40000000 0.40000000 0.40000000
v -0.00358311 -0.12199282 -0.00554222 0.40000000 0.40000000 0.40000000
v -0.00358311 -0.12199282 -0.00554222 0.40000000 0.40000000 0.40000000
v -0.00358311 -0.15895376 -0.00554222 0.40000000 0.40000000 0.40000000
v 0.03744570 -0.15895376 -0.00554222 0.40000000 0.40000000 0.40000000
v 0.03782705 -0.18283853 -0.00554222 0.40000000 0.40000000 0.40000000
v 0.03744570 -0.15895376 -0.00554222 0.40000000 0.40000000 0.40000000
v -0.00358311 -0.15895376 -0.00554222 0.40000000 0.40000000 0.40000000
v -0.00358311 -0.15895376 -0.00554222 0.40000000 0.40000000 0.40000000
v -0.00361924 -0.18283853 -0.00554222 0.40000000 0.40000000 0.40000000
v 0.03782705 -0.18283853 -0.00554222 0.40000000 0.40000000 0.40000000
v 0.03744570 -0.15895376 -0.00554222 0.40000000 0.40000000 0.40000000
v 0.03782705 -0.18283853 -0.00554222 0.40000000 0.40000000 0.40000000
v 0.07634511 -0.18283950 -0.00554222 0.40000000 0.40000000 0.40000000
v 0.07634511 -0.18283950 -0.00554222 0.40000000 0.40000000 0.40000000
v 0.07557607 -0.15895376 -0.00554222 0.40000000 0.40000000 0.40000000
v 0.03744570 -0.15895376 -0.00554222 0.40000000 0.40000000 0.40000000
v 0.03744619 -0.12199282 -0.00554222 0.40000000 0.40000000 0.40000000
v 0.03744570 -0.15895376 -0.00554222 0.40000000 0.40000000 0.40000000
v 0.07557607 -0.15895376 -0.00554222 0.40000000 0.40000000 0.40000000
v 0.07557607 -0.15895376 -0.00554222 0.40000000 0.40000000 0.40000000
v 0.07557607 -0.12199282 -0.00554222 0.40000000 0.40000000 0.40000000
v 0.03744619 -0.12199282 -0.00554222 0.40000000 0.40000000 0.40000000
v 0.04049306 -0.20358071 -0.00409044 0.40000000 0.40000000 0.40000000
v 0.04011220 -0.20166372 -0.00517925 0.40000000 0.40000000 0.40000000
v -0.00383897 -0.20166470 -0.00517925 0.40000000 0.40000000 0.40000000
v -0.00383897 -0.20166470 -0.00517925 0.40000000 0.40000000 0.40000000
v -0.00387510 -0.20358071 -0.00409044 0.40000000 0.40000000 0.40000000
v 0.04049306 -0.20358071 -0.00409044 0.40000000 0.40000000 0.40000000
v 0.04049306 -0.20358071 0.00006294 0.40000000 0.40000000 0.40000000
v 0.04049306 -0.20358071 -0.00409044 0.40000000 0.40000000 0.40000000
v -0.00387510 -0.20358071 -0.00409044 0.40000000 0.40000000 0.40000000
v -0.00387510 -0.20358071 -0.00409044 0.40000000 0.40000000 0.40000000
v -0.00387559 -0.20358071 0.00006300 0.40000000 0.40000000 0.40000000
v 0.04049306 -0.20358071 0.00006294 0.40000000 0.40000000 0.40000000
v 0.04049306 -0.20358071 -0.00409044 0.40000000 0.40000000 0.40000000
v 0.04049306 -0.20358071 0.00006294 0.40000000 0.40000000 0.40000000
v 0.08172695 -0.20358071 0.00006300 0.40000000 0.40000000 0.40000000
v 0.08172695 -0.20358071 0.00006300 0.40000000 0.40000000 0.40000000
v 0.08172646 -0.20358071 -0.00409044 0.40000000 0.40000000 0.40000000
v 0.04049306 -0.20358071 -0.00409044 0.40000000 0.40000000 0.40000000
v 0.04011220 -0.20166372 -0.00517925 0.40000000 0.40000000 0.40000000
v 0.04049306 -0.20358071 -0.00409044 0.40000000 0.40000000 0.40000000
v 0.08172646 -0.20358071 -0.00409044 0.40000000 0.40000000 0.40000000
v 0.08172646 -0.20358071 -0.00409044 0.40000000 0.40000000 0.40000000
v 0.08095839 -0.20166372 -0.00517925 0.40000000 0.40000000 0.40000000
v 0.04011220 -0.20166372 -0.00517925 0.40000000 0.40000000 0.40000000
v 0.04049306 -0.20358071 0.00961964 0.40000000 0.40000000 0.40000000
v 0.04049306 -0.20358071 0.00006294 0.40000000 0.40000000 0.40000000
v -0.00387559 -0.20358071 0.00006300 0.40000000 0.40000000 0.40000000
v -0.00387559 -0.20358071 0.00006300 0.40000000 0.40000000 0.40000000
v -0.00387510 -0.20358071 0.00961964 0.40000000 0.40000000 0.40000000
v 0.04049306 -0.20358071 0.00961964 0.40000000 0.40000000 0.40000000
v 0.04049306 -0.20358071 0.01913582 0.40000000 0.40000000 0.40000000
v 0.04049306 -0.20358071 0.00961964 0.40000000 0.40000000 0.40000000
v -0.00387510 -0.20358071 0.00961964 0.40000000 0.40000000 0.40000000
v -0.00387510 -0.20358071 0.00961964 0.40000000 0.40000000 0.40000000
v -0.00387559 -0.20358071 0.01913582 0.40000000 0.40000000 0.40000000
v 0.04049306 -0.20358071 0.01913582 0.40000000 0.40000000 0.40000000
v 0.04049306 -0.20358071 0.00961964 0.40000000 0.40000000 0.40000000
v 0.04049306 -0.20358071 0.01913582 0.40000000 0.40000000 0.40000000
v 0.08172695 -0.20358071 0.01913582 0.40000000 0.40000000 0.40000000
v 0.08172695 -0.20358071 0.01913582 0.40000000 0.40000000 0.40000000
v 0.08172646 -0.20358071 0.00961964 0.40000000 0.40000000 0.40000000
v 0.04049306 -0.20358071 0.00961964 0.40000000 0.40000000 0.40000000
v 0.04049306 -0.20358071 0.00006294 0.40000000 0.40000000 0.40000000
v 0.04049306 -0.20358071 0.00961964 0.40000000 0.40000000 0.40000000
v 0.08172646 -0.20358071 0.00961964 0.40000000 0.40000000 0.40000000
v 0.08172646 -0.20358071 0.00961964 0.40000000 0.40000000 0.40000000
v 0.08172695 -0.20358071 0.00006300 0.40000000 0.40000000 0.40000000
v 0.04049306 -0.20358071 0.00006294 0.40000000 0.40000000 0.40000000
v 0.03744570 -0.06968911 -0.00554222 0.40000000 0.40000000 0.40000000
v 0.03744619 -0.00859341 -0.00554222 0.40000000 0.40000000 0.40000000
v -0.00358311 -0.00859341 -0.00554222 0.40000000 0.40000000 0.40000000
v -0.00358311 -0.00859341 -0.00554222 0.40000000 0.40000000 0.40000000
v -0.00358311 -0.06968911 -0.00554222 0.40000000 0.40000000 0.40000000
v 0.03744570 -0.06968911 -0.00554222 0.40000000 0.40000000 0.40000000
v 0.03744619 -0.12199282 -0.00554222 0.40000000 0.40000000 0.40000000
v 0.03744570 -0.06968911 -0.00554222 0.40000000 0.40000000 0.40000000
v -0.00358311 -0.06968911 -0.00554222 0.40000000 0.40000000 0.40000000
v -0.00358311 -0.06968911 -0.00554222 0.40000000 0.40000000 0.40000000
v -0.00358311 -0.12199282 -0.00554222 0.40000000 0.40000000 0.40000000
v 0.03744619 -0.12199282 -0.00554222 0.40000000 0.40000000 0.40000000
v 0.03744570 -0.06968911 -0.00554222 0.40000000 0.40000000 0.40000000
v 0.03744619 -0.12199282 -0.00554222 0.40000000 0.40000000 0.40000000
v 0.07557607 -0.12199282 -0.00554222 0.40000000 0.40000000 0.40000000
v 0.07557607 -0.12199282 -0.00554222 0.40000000 0.40000000 0.40000000
v 0.07557607 -0.06968911 -0.00554222 0.40000000 0.40000000 0.40000000
v 0.03744570 -0.06968911 -0.00554222 0.40000000 0.40000000 0.40000000
v 0.03744619 -0.00859341 -0.00554222 0.40000000 0.40000000 0.40000000
v 0.03744570 -0.06968911 -0.00554222 0.40000000 0.40000000 0.40000000
v 0.07557607 -0.06968911 -0.00554222 0.40000000 0.40000000 0.40000000
v 0.07557607 -0.06968911 -0.00554222 0.40000000 0.40000000 0.40000000
v 0.07557607 -0.00859341 -0.00554222 0.40000000 0.40000000 0.40000000
v 0.03744619 -0.00859341 -0.00554222 0.40000000 0.40000000 0.40000000
v 0.03744570 0.05474351 -0.00554222 0.40000000 0.40000000 0.40000000
v 0.03744619 0.11176304 -0.00554222 0.40000000 0.40000000 0.40000000
v -0.00358311 0.11176304 -0.00554222 0.40000000 0.40000000 0.40000000
v -0.00358311 0.11176304 -0.00554222 0.40000000 0.40000000 0.40000000
v -0.00358311 0.05474351 -0.00554222 0.40000000 0.40000000 0.40000000
v 0.03744570 0.05474351 -0.00554222 0.40000000 0.40000000 0.40000000
v 0.03744619 -0.00859341 -0.00554222 0.40000000 0.40000000 0.40000000
v 0.03744570 0.05474351 -0.00554222 0.40000000 0.40000000 0.40000000
v -0.00358311 0.05474351 -0.00554222 0.40000000 0.40000000 0.40000000
v -0.00358311 0.05474351 -0.00554222 0.40000000 0.40000000 0.40000000
v -0.00358311 -0.00859341 -0.00554222 0.40000000 0.40000000 0.40000000
v 0.03744619 -0.00859341 -0.00554222 0.40000000 0.40000000 0.40000000
v 0.03744570 0.05474351 -0.00554222 0.40000000 0.40000000 0.40000000
v 0.03744619 -0.00859341 -0.00554222 0.40000000 0.40000000 0.40000000
v 0.07557607 -0.00859341 -0.00554222 0.40000000 0.40000000 0.40000000
v 0.07557607 -0.00859341 -0.00554222 0.40000000 0.40000000 0.40000000
v 0.07557607 0.05474351 -0.00554222 0.40000000 0.40000000 0.40000000
v 0.03744570 0.05474351 -0.00554222 0.40000000 0.40000000 0.40000000
v 0.03744619 0.11176304 -0.00554222 0.40000000 0.40000000 0.40000000
v 0.03744570 0.05474351 -0.00554222 0.40000000 0.40000000 0.40000000
v 0.07557607 0.05474351 -0.00554222 0.40000000 0.40000000 0.40000000
v 0.07557607 0.05474351 -0.00554222 0.40000000 0.40000000 0.40000000
v 0.07557607 0.11176304 -0.00554222 0.40000000 0.40000000 0.40000000
v 0.03744619 0.11176304 -0.00554222 0.40000000 0.40000000 0.40000000
v 0.03744570 0.15390658 -0.00554222 0.40000000 0.40000000 0.40000000
v 0.03782705 0.18185288 -0.00554222 0.40000000 0.40000000 0.40000000
v -0.00361924 0.18185288 -0.00554222 0.40000000 0.40000000 0.40000000
v -0.00361924 0.18185288 -0.00554222 0.40000000 0.40000000 0.40000000
v -0.00358311 0.15390658 -0.00554222 0.40000000 0.40000000 0.40000000
v 0.03744570 0.15390658 -0.00554222 0.40000000 0.40000000 0.40000000
v 0.03744619 0.11176304 -0.00554222 0.40000000 0.40000000 0.40000000
v 0.03744570 0.15390658 -0.00554222 0.40000000 0.40000000 0.40000000
v -0.00358311 0.15390658 -0.00554222 0.40000000 0.40000000 0.40000000
v -0.00358311 0.15390658 -0.00554222 0.40000000 0.40000000 0.40000000
v -0.00358311 0.11176304 -0.00554222 0.40000000 0.40000000 0.40000000
v 0.03744619 0.11176304 -0.00554222 0.40000000 0.40000000 0.40000000
v 0.03744570 0.15390658 -0.00554222 0.40000000 0.40000000 0.40000000
v 0.03744619 0.11176304 -0.00554222 0.40000000 0.40000000 0.40000000
v 0.07557607 0.11176304 -0.00554222 0.40000000 0.40000000 0.40000000
v 0.07557607 0.11176304 -0.00554222 0.40000000 0.40000000 0.40000000
v 0.07557607 0.15390658 -0.00554222 0.40000000 0.40000000 0.40000000
v 0.03744570 0.15390658 -0.00554222 0.40000000 0.40000000 0.40000000
v 0.03782705 0.18185288 -0.00554222 0.40000000 0.40000000 0.40000000
v 0.03744570 0.15390658 -0.00554222 0.40000000 0.40000000 0.40000000
v 0.07557607 0.15390658 -0.00554222 0.40000000 0.40000000 0.40000000
v 0.07557607 0.15390658 -0.00554222 0.40000000 0.40000000 0.40000000
v 0.07634511 0.18185288 -0.00554222 0.40000000 0.40000000 0.40000000
v 0.03782705 0.18185288 -0.00554222 0.40000000 0.40000000 0.40000000
v 0.11866152 -0.21124966 0.02283711 0.40000000 0.40000000 0.40000000
v 0.08480166 -0.21124966 0.02283711 0.40000000 0.40000000 0.40000000
v 0.08710195 -0.21686782 0.02148006 0.40000000 0.40000000 0.40000000
v 0.08710195 -0.21686782 0.02148006 0.40000000 0.40000000 0.40000000
v 0.12186318 -0.21689321 0.02147761 0.40000000 0.40000000 0.40000000
v 0.11866152 -0.21124966 0.02283711 0.40000000 0.40000000 0.40000000
v 0.14070937 -0.20303383 0.02283711 0.40000000 0.40000000 0.40000000
v 0.11866152 -0.21124966 0.02283711 0.40000000 0.40000000 0.40000000
v 0.12186318 -0.21689321 0.02147761 0.40000000 0.40000000 0.40000000
v 0.12186318 -0.21689321 0.02147761 0.40000000 0.40000000 0.40000000
v 0.14448476 -0.20848696 0.02147590 0.40000000 0.40000000 0.40000000
v 0.14070937 -0.20303383 0.02283711 0.40000000 0.40000000 0.40000000
v 0.11866152 -0.21124966 0.02283711 0.40000000 0.40000000 0.40000000
v 0.14070937 -0.20303383 0.02283711 0.40000000 0.40000000 0.40000000
v 0.13688172 -0.19750552 0.02373012 0.40000000 0.40000000 0.40000000
v 0.13688172 -0.19750552 0.02373012 0.40000000 0.40000000 0.40000000
v 0.11543398 -0.20549868 0.02373018 0.40000000 0.40000000 0.40000000
v 0.11866152 -0.21124966 0.02283711 0.40000000 0.40000000 0.40000000
v 0.08480166 -0.21124966 0.02283711 0.40000000 0.40000000 0.40000000
v 0.11866152 -0.21124966 0.02283711 0.40000000 0.40000000 0.40000000
v 0.11543398 -0.20549868 0.02373018 0.40000000 0.40000000 0.40000000
v 0.11543398 -0.20549868 0.02373018 0.40000000 0.40000000 0.40000000
v 0.08249550 -0.20549868 0.02373012 0.40000000 0.40000000 0.40000000
v 0.08480166 -0.21124966 0.02283711 0.40000000 0.40000000 0.40000000
v 0.11435830 -0.20358071 0.02316786 0.40000000 0.40000000 0.40000000
v 0.11543398 -0.20549868 0.02373018 0.40000000 0.40000000 0.40000000
v 0.13688172 -0.19750552 0.02373012 0.40000000 0.40000000 0.40000000
v 0.13688172 -0.19750552 0.02373012 0.40000000 0.40000000 0.40000000
v 0.13560633 -0.19566274 0.02316786 0.40000000 0.40000000 0.40000000
v 0.11435830 -0.20358071 0.02316786 0.40000000 0.40000000 0.40000000
v 0.11435830 -0.20358071 0.01913582 0.40000000 0.40000000 0.40000000
v 0.11435830 -0.20358071 0.02316786 0.40000000 0.40000000 0.40000000
v 0.13560633 -0.19566274 0.02316786 0.40000000 0.40000000 0.40000000
v 0.13560633 -0.19566274 0.02316786 0.40000000 0.40000000 0.40000000
v 0.13560683 -0.19566274 0.01913588 0.40000000 0.40000000 0.40000000
v 0.11435830 -0.20358071 0.01913582 0.40000000 0.40000000 0.40000000
v 0.11435830 -0.20358071 0.02316786 0.40000000 0.40000000 0.40000000
v 0.11435830 -0.20358071 0.01913582 0.40000000 0.40000000 0.40000000
v 0.08172695 -0.20358071 0.01913582 0.40000000 0.40000000 0.40000000
v 0.08172695 -0.20358071 0.01913582 0.40000000 0.40000000 0.40000000
v 0.08172646 -0.20358071 0.02316786 0.40000000 0.40000000 0.40000000
v 0.11435830 -0.20358071 0.02316786 0.40000000 0.40000000 0.40000000
v 0.11543398 -0.20549868 0.02373018 0.40000000 0.40000000 0.40000000
v 0.11435830 -0.20358071 0.02316786 0.40000000 0.40000000 0.40000000
v 0.08172646 -0.20358071 0.02316786 0.40000000 0.40000000 0.40000000
v 0.08172646 -0.20358071 0.02316786 0.40000000 0.40000000 0.40000000
v 0.08249550 -0.20549868 0.02373012 0.40000000 0.40000000 0.40000000
v 0.11543398 -0.20549868 0.02373018 0.40000000 0.40000000 0.40000000
v 0.11005459 -0.19591273 -0.00554222 0.40000000 0.40000000 0.40000000
v 0.07865127 -0.19591273 -0.00554222 0.40000000 0.40000000 0.40000000
v 0.08095839 -0.20166372 -0.00517925 0.40000000 0.40000000 0.40000000
v 0.08095839 -0.20166372 -0.00517925 0.40000000 0.40000000 0.40000000
v 0.11328212 -0.20166372 -0.00517925 0.40000000 0.40000000 0.40000000
v 0.11005459 -0.19591273 -0.00554222 0.40000000 0.40000000 0.40000000
v 0.13050283 -0.18829165 -0.00554222 0.40000000 0.40000000 0.40000000
v 0.11005459 -0.19591273 -0.00554222 0.40000000 0.40000000 0.40000000
v 0.11328212 -0.20166372 -0.00517925 0.40000000 0.40000000 0.40000000
v 0.11328212 -0.20166372 -0.00517925 0.40000000 0.40000000 0.40000000
v 0.13433094 -0.19381997 -0.00517925 0.40000000 0.40000000 0.40000000
v 0.13050283 -0.18829165 -0.00554222 0.40000000 0.40000000 0.40000000
v 0.11005459 -0.19591273 -0.00554222 0.40000000 0.40000000 0.40000000
v 0.13050283 -0.18829165 -0.00554222 0.40000000 0.40000000 0.40000000
v 0.12257363 -0.17850259 -0.00554234 0.40000000 0.40000000 0.40000000
v 0.12257363 -0.17850259 -0.00554234 0.40000000 0.40000000 0.40000000
v 0.10682705 -0.18283853 -0.00554222 0.40000000 0.40000000 0.40000000
v 0.11005459 -0.19591273 -0.00554222 0.40000000 0.40000000 0.40000000
v 0.07865127 -0.19591273 -0.00554222 0.40000000 0.40000000 0.40000000
v 0.11005459 -0.19591273 -0.00554222 0.40000000 0.40000000 0.40000000
v 0.10682705 -0.18283853 -0.00554222 0.40000000 0.40000000 0.40000000
v 0.10682705 -0.18283853 -0.00554222 0.40000000 0.40000000 0.40000000
v 0.07634511 -0.18283950 -0.00554222 0.40000000 0.40000000 0.40000000
v 0.07865127 -0.19591273 -0.00554222 0.40000000 0.40000000 0.40000000
v 0.11435830 0.20394859 -0.00409044 0.40000000 0.40000000 0.40000000
v 0.11328261 0.20203158 -0.00517925 0.40000000 0.40000000 0.40000000
v 0.13433094 0.19273765 -0.00517925 0.40000000 0.40000000 0.40000000
v 0.13433094 0.19273765 -0.00517925 0.40000000 0.40000000 0.40000000
v 0.13560633 0.19456676 -0.00409044 0.40000000 0.40000000 0.40000000
v 0.11435830 0.20394859 -0.00409044 0.40000000 0.40000000 0.40000000
v 0.11435830 0.20394859 0.00006294 0.40000000 0.40000000 0.40000000
v 0.11435830 0.20394859 -0.00409044 0.40000000 0.40000000 0.40000000
v 0.13560633 0.19456676 -0.00409044 0.40000000 0.40000000 0.40000000
v 0.13560633 0.19456676 -0.00409044 0.40000000 0.40000000 0.40000000
v 0.13560683 0.19456577 0.00006300 0.40000000 0.40000000 0.40000000
v 0.11435830 0.20394859 0.00006294 0.40000000 0.40000000 0.40000000
v 0.11435830 0.20394859 -0.00409044 0.40000000 0.40000000 0.40000000
v 0.11435830 0.20394859 0.00006294 0.40000000 0.40000000 0.40000000
v 0.08172695 0.20394859 0.00006300 0.40000000 0.40000000 0.40000000
v 0.08172695 0.20394859 0.00006300 0.40000000 0.40000000 0.40000000
v 0.08172646 0.20394859 -0.00409044 0.40000000 0.40000000 0.40000000
v 0.11435830 0.20394859 -0.00409044 0.40000000 0.40000000 0.40000000
v 0.11328261 0.20203158 -0.00517925 0.40000000 0.40000000 0.40000000
v 0.11435830 0.20394859 -0.00409044 0.40000000 0.40000000 0.40000000
v 0.08172646 0.20394859 -0.00409044 0.40000000 0.40000000 0.40000000
v 0.08172646 0.20394859 -0.00409044 0.40000000 0.40000000 0.40000000
v 0.08095791 0.20203257 -0.00517925 0.40000000 0.40000000 0.40000000
v 0.11328261 0.20203158 -0.00517925 0.40000000 0.40000000 0.40000000
v 0.11435830 0.20394859 0.00961964 0.40000000 0.40000000 0.40000000
v 0.11435830 0.20394859 0.00006294 0.40000000 0.40000000 0.40000000
v 0.13560683 0.19456577 0.00006300 0.40000000 0.40000000 0.40000000
v 0.13560683 0.19456577 0.00006300 0.40000000 0.40000000 0.40000000
v 0.13560633 0.19456676 0.00961964 0.40000000 0.40000000 0.40000000
v 0.11435830 0.20394859 0.00961964 0.40000000 0.40000000 0.40000000
v 0.11435830 0.20394859 0.01913582 0.40000000 0.40000000 0.40000000
v 0.11435830 0.20394859 0.00961964 0.40000000 0.40000000 0.40000000
v 0.13560633 0.19456676 0.00961964 0.40000000 0.40000000 0.40000000
v 0.13560633 0.19456676 0.00961964 0.40000000 0.40000000 0.40000000
v 0.13560683 0.19456577 0.01913588 0.40000000 0.40000000 0.40000000
v 0.11435830 0.20394859 0.01913582 0.40000000 0.40000000 0.40000000
v 0.11435830 0.20394859 0.00961964 0.40000000 0.40000000 0.40000000
v 0.11435830 0.20394859 0.01913582 0.40000000 0.40000000 0.40000000
v 0.08172695 0.20394859 0.01913582 0.40000000 0.40000000 0.40000000
v 0.08172695 0.20394859 0.01913582 0.40000000 0.40000000 0.40000000
v 0.08172646 0.20394859 0.00961964 0.40000000 0.40000000 0.40000000
v 0.11435830 0.20394859 0.00961964 0.40000000 0.40000000 0.40000000
v 0.11435830 0.20394859 0.00006294 0.40000000 0.40000000 0.40000000
v 0.11435830 0.20394859 0.00961964 0.40000000 0.40000000 0.40000000
v 0.08172646 0.20394859 0.00961964 0.40000000 0.40000000 0.40000000
v 0.08172646 0.20394859 0.00961964 0.40000000 0.40000000 0.40000000
v 0.08172695 0.20394859 0.00006300 0.40000000 0.40000000 0.40000000
v 0.11435830 0.20394859 0.00006294 0.40000000 0.40000000 0.40000000
v 0.04201650 -0.21124966 0.02283711 0.40000000 0.40000000 0.40000000
v -0.00402159 -0.21124966 0.02283711 0.40000000 0.40000000 0.40000000
v -0.00413096 -0.21685806 0.02148091 0.40000000 0.40000000 0.40000000
v -0.00413096 -0.21685806 0.02148091 0.40000000 0.40000000 0.40000000
v 0.04315908 -0.21685806 0.02148091 0.40000000 0.40000000 0.40000000
v 0.04201650 -0.21124966 0.02283711 0.40000000 0.40000000 0.40000000
v 0.08480166 -0.21124966 0.02283711 0.40000000 0.40000000 0.40000000
v 0.04201650 -0.21124966 0.02283711 0.40000000 0.40000000 0.40000000
v 0.04315908 -0.21685806 0.02148091 0.40000000 0.40000000 0.40000000
v 0.04315908 -0.21685806 0.02148091 0.40000000 0.40000000 0.40000000
v 0.08710195 -0.21686782 0.02148006 0.40000000 0.40000000 0.40000000
v 0.08480166 -0.21124966 0.02283711 0.40000000 0.40000000 0.40000000
v 0.04201650 -0.21124966 0.02283711 0.40000000 0.40000000 0.40000000
v 0.08480166 -0.21124966 0.02283711 0.40000000 0.40000000 0.40000000
v 0.08249550 -0.20549868 0.02373012 0.40000000 0.40000000 0.40000000
v 0.08249550 -0.20549868 0.02373012 0.40000000 0.40000000 0.40000000
v 0.04087392 -0.20549868 0.02373018 0.40000000 0.40000000 0.40000000
v 0.04201650 -0.21124966 0.02283711 0.40000000 0.40000000 0.40000000
v -0.00402159 -0.21124966 0.02283711 0.40000000 0.40000000 0.40000000
v 0.04201650 -0.21124966 0.02283711 0.40000000 0.40000000 0.40000000
v 0.04087392 -0.20549868 0.02373018 0.40000000 0.40000000 0.40000000
v 0.04087392 -0.20549868 0.02373018 0.40000000 0.40000000 0.40000000
v -0.00391172 -0.20549868 0.02373012 0.40000000 0.40000000 0.40000000
v -0.00402159 -0.21124966 0.02283711 0.40000000 0.40000000 0.40000000
v 0.04049306 -0.20358071 0.02316786 0.40000000 0.40000000 0.40000000
v 0.04087392 -0.20549868 0.02373018 0.40000000 0.40000000 0.40000000
v 0.08249550 -0.20549868 0.02373012 0.40000000 0.40000000 0.40000000
v 0.08249550 -0.20549868 0.02373012 0.40000000 0.40000000 0.40000000
v 0.08172646 -0.20358071 0.02316786 0.40000000 0.40000000 0.40000000
v 0.04049306 -0.20358071 0.02316786 0.40000000 0.40000000 0.40000000
v 0.04049306 -0.20358071 0.01913582 0.40000000 0.40000000 0.40000000
v 0.04049306 -0.20358071 0.02316786 0.40000000 0.40000000 0.40000000
v 0.08172646 -0.20358071 0.02316786 0.40000000 0.40000000 0.40000000
v 0.08172646 -0.20358071 0.02316786 0.40000000 0.40000000 0.40000000
v 0.08172695 -0.20358071 0.01913582 0.40000000 0.40000000 0.40000000
v 0.04049306 -0.20358071 0.01913582 0.40000000 0.40000000 0.40000000
v 0.04049306 -0.20358071 0.02316786 0.40000000 0.40000000 0.40000000
v 0.04049306 -0.20358071 0.01913582 0.40000000 0.40000000 0.40000000
v -0.00387559 -0.20358071 0.01913582 0.40000000 0.40000000 0.40000000
v -0.00387559 -0.20358071 0.01913582 0.40000000 0.40000000 0.40000000
v -0.00387559 -0.20358071 0.02316786 0.40000000 0.40000000 0.40000000
v 0.04049306 -0.20358071 0.02316786 0.40000000 0.40000000 0.40000000
v 0.04087392 -0.20549868 0.02373018 0.40000000 0.40000000 0.40000000
v 0.04049306 -0.20358071 0.02316786 0.40000000 0.40000000 0.40000000
v -0.00387559 -0.20358071 0.02316786 0.40000000 0.40000000 0.40000000
v -0.00387559 -0.20358071 0.02316786 0.40000000 0.40000000 0.40000000
v -0.00391172 -0.20549868 0.02373012 0.40000000 0.40000000 0.40000000
v 0.04087392 -0.20549868 0.02373018 0.40000000 0.40000000 0.40000000
v 0.03896962 -0.19591273 -0.00554222 0.40000000 0.40000000 0.40000000
v -0.00372959 -0.19591273 -0.00554222 0.40000000 0.40000000 0.40000000
v -0.00383897 -0.20166470 -0.00517925 0.40000000 0.40000000 0.40000000
v -0.00383897 -0.20166470 -0.00517925 0.40000000 0.40000000 0.40000000
v 0.04011220 -0.20166372 -0.00517925 0.40000000 0.40000000 0.40000000
v 0.03896962 -0.19591273 -0.00554222 0.40000000 0.40000000 0.40000000
v 0.07865127 -0.19591273 -0.00554222 0.40000000 0.40000000 0.40000000
v 0.03896962 -0.19591273 -0.00554222 0.40000000 0.40000000 0.40000000
v 0.04011220 -0.20166372 -0.00517925 0.40000000 0.40000000 0.40000000
v 0.04011220 -0.20166372 -0.00517925 0.40000000 0.40000000 0.40000000
v 0.08095839 -0.20166372 -0.00517925 0.40000000 0.40000000 0.40000000
v 0.07865127 -0.19591273 -0.00554222 0.40000000 0.40000000 0.40000000
v 0.03896962 -0.19591273 -0.00554222 0.40000000 0.40000000 0.40000000
v 0.07865127 -0.19591273 -0.00554222 0.40000000 0.40000000 0.40000000
v 0.07634511 -0.18283950 -0.00554222 0.40000000 0.40000000 0.40000000
v 0.07634511 -0.18283950 -0.00554222 0.40000000 0.40000000 0.40000000
v 0.03782705 -0.18283853 -0.00554222 0.40000000 0.40000000 0.40000000
v 0.03896962 -0.19591273 -0.00554222 0.40000000 0.40000000 0.40000000
v -0.00372959 -0.19591273 -0.00554222 0.40000000 0.40000000 0.40000000
v 0.03896962 -0.19591273 -0.00554222 0.40000000 0.40000000 0.40000000
v 0.03782705 -0.18283853 -0.00554222 0.40000000 0.40000000 0.40000000
v 0.03782705 -0.18283853 -0.00554222 0.40000000 0.40000000 0.40000000
v -0.00361924 -0.18283853 -0.00554222 0.40000000 0.40000000 0.40000000
v -0.00372959 -0.19591273 -0.00554222 0.40000000 0.40000000 0.40000000
v 0.04049306 0.20394859 -0.00409044 0.40000000 0.40000000 0.40000000
v 0.04011220 0.20203158 -0.00517925 0.40000000 0.40000000 0.40000000
v 0.08095791 0.20203257 -0.00517925 0.40000000 0.40000000 0.40000000
v 0.08095791 0.20203257 -0.00517925 0.40000000 0.40000000 0.40000000
v 0.08172646 0.20394859 -0.00409044 0.40000000 0.40000000 0.40000000
v 0.04049306 0.20394859 -0.00409044 0.40000000 0.40000000 0.40000000
v 0.04049306 0.20394859 0.00006294 0.40000000 0.40000000 0.40000000
v 0.04049306 0.20394859 -0.00409044 0.40000000 0.40000000 0.40000000
v 0.08172646 0.20394859 -0.00409044 0.40000000 0.40000000 0.40000000
v 0.08172646 0.20394859 -0.00409044 0.40000000 0.40000000 0.40000000
v 0.08172695 0.20394859 0.00006300 0.40000000 0.40000000 0.40000000
v 0.04049306 0.20394859 0.00006294 0.40000000 0.40000000 0.40000000
v 0.04049306 0.20394859 -0.00409044 0.40000000 0.40000000 0.40000000
v 0.04049306 0.20394859 0.00006294 0.40000000 0.40000000 0.40000000
v -0.00387559 0.20394859 0.00006300 0.40000000 0.40000000 0.40000000
v -0.00387559 0.20394859 0.00006300 0.40000000 0.40000000 0.40000000
v -0.00387559 0.20394859 -0.00409044 0.40000000 0.40000000 0.40000000
v 0.04049306 0.20394859 -0.00409044 0.40000000 0.40000000 0.40000000
v 0.04011220 0.20203158 -0.00517925 0.40000000 0.40000000 0.40000000
v 0.04049306 0.20394859 -0.00409044 0.40000000 0.40000000 0.40000000
v -0.00387559 0.20394859 -0.00409044 0.40000000 0.40000000 0.40000000
v -0.00387559 0.20394859 -0.00409044 0.40000000 0.40000000 0.40000000
v -0.00383897 0.20203257 -0.00517931 0.40000000 0.40000000 0.40000000
v 0.04011220 0.20203158 -0.00517925 0.40000000 0.40000000 0.40000000
v 0.04049306 0.20394859 0.00961964 0.40000000 0.40000000 0.40000000
v 0.04049306 0.20394859 0.00006294 0.40000000 0.40000000 0.40000000
v 0.08172695 0.20394859 0.00006300 0.40000000 0.40000000 0.40000000
v 0.08172695 0.20394859 0.00006300 0.40000000 0.40000000 0.40000000
v 0.08172646 0.20394859 0.00961964 0.40000000 0.40000000 0.40000000
v 0.04049306 0.20394859 0.00961964 0.40000000 0.40000000 0.40000000
v 0.04049306 0.20394859 0.01913582 0.40000000 0.40000000 0.40000000
v 0.04049306 0.20394859 0.00961964 0.40000000 0.40000000 0.40000000
v 0.08172646 0.20394859 0.00961964 0.40000000 0.40000000 0.40000000
v 0.08172646 0.20394859 0.00961964 0.40000000 0.40000000 0.40000000
v 0.08172695 0.20394859 0.01913582 0.40000000 0.40000000 0.40000000
v 0.04049306 0.20394859 0.01913582 0.40000000 0.40000000 0.40000000
v 0.04049306 0.20394859 0.00961964 0.40000000 0.40000000 0.40000000
v 0.04049306 0.20394859 0.01913582 0.40000000 0.40000000 0.40000000
v -0.00387559 0.20394859 0.01913582 0.40000000 0.40000000 0.40000000
v -0.00387559 0.20394859 0.01913582 0.40000000 0.40000000 0.40000000
v -0.00387559 0.20394859 0.00961964 0.40000000 0.40000000 0.40000000
v 0.04049306 0.20394859 0.00961964 0.40000000 0.40000000 0.40000000
v 0.04049306 0.20394859 0.00006294 0.40000000 0.40000000 0.40000000
v 0.04049306 0.20394859 0.00961964 0.40000000 0.40000000 0.40000000
v -0.00387559 0.20394859 0.00961964 0.40000000 0.40000000 0.40000000
v -0.00387559 0.20394859 0.00961964 0.40000000 0.40000000 0.40000000
v -0.00387559 0.20394859 0.00006300 0.40000000 0.40000000 0.40000000
v 0.04049306 0.20394859 0.00006294 0.40000000 0.40000000 0.40000000
v -0.04764024 0.21161753 0.02283711 0.40000000 0.40000000 0.40000000
v -0.00402159 0.21161753 0.02283711 0.40000000 0.40000000 0.40000000
v -0.00413096 0.21722592 0.02148091 0.40000000 0.40000000 0.40000000
v -0.00413096 0.21722592 0.02148091 0.40000000 0.40000000 0.40000000
v -0.04893663 0.21722592 0.02148091 0.40000000 0.40000000 0.40000000
v -0.04764024 0.21161753 0.02283711 0.40000000 0.40000000 0.40000000
v -0.08669541 0.21161753 0.02283711 0.40000000 0.40000000 0.40000000
v -0.04764024 0.21161753 0.02283711 0.40000000 0.40000000 0.40000000
v -0.04893663 0.21722592 0.02148091 0.40000000 0.40000000 0.40000000
v -0.04893663 0.21722592 0.02148091 0.40000000 0.40000000 0.40000000
v -0.08904747 0.21723472 0.02148006 0.40000000 0.40000000 0.40000000
v -0.08669541 0.21161753 0.02283711 0.40000000 0.40000000 0.40000000
v -0.04764024 0.21161753 0.02283711 0.40000000 0.40000000 0.40000000
v -0.08669541 0.21161753 0.02283711 0.40000000 0.40000000 0.40000000
v -0.08433653 0.20586655 0.02373012 0.40000000 0.40000000 0.40000000
v -0.08433653 0.20586655 0.02373012 0.40000000 0.40000000 0.40000000
v -0.04634385 0.20586655 0.02373018 0.40000000 0.40000000 0.40000000
v -0.04764024 0.21161753 0.02283711 0.40000000 0.40000000 0.40000000
v -0.00402159 0.21161753 0.02283711 0.40000000 0.40000000 0.40000000
v -0.04764024 0.21161753 0.02283711 0.40000000 0.40000000 0.40000000
v -0.04634385 0.20586655 0.02373018 0.40000000 0.40000000 0.40000000
v -0.04634385 0.20586655 0.02373018 0.40000000 0.40000000 0.40000000
v -0.00391172 0.20586655 0.02373012 0.40000000 0.40000000 0.40000000
v -0.00402159 0.21161753 0.02283711 0.40000000 0.40000000 0.40000000
v -0.04591172 0.20394859 0.02316786 0.40000000 0.40000000 0.40000000
v -0.04634385 0.20586655 0.02373018 0.40000000 0.40000000 0.40000000
v -0.08433653 0.20586655 0.02373012 0.40000000 0.40000000 0.40000000
v -0.08433653 0.20586655 0.02373012 0.40000000 0.40000000 0.40000000
v -0.08355039 0.20394859 0.02316786 0.40000000 0.40000000 0.40000000
v -0.04591172 0.20394859 0.02316786 0.40000000 0.40000000 0.40000000
v -0.04591221 0.20394859 0.01913582 0.40000000 0.40000000 0.40000000
v -0.04591172 0.20394859 0.02316786 0.40000000 0.40000000 0.40000000
v -0.08355039 0.20394859 0.02316786 0.40000000 0.40000000 0.40000000
v -0.08355039 0.20394859 0.02316786 0.40000000 0.40000000 0.40000000
v -0.08355039 0.20394859 0.01913582 0.40000000 0.40000000 0.40000000
v -0.04591221 0.20394859 0.01913582 0.40000000 0.40000000 0.40000000
v -0.04591172 0.20394859 0.02316786 0.40000000 0.40000000 0.40000000
v -0.04591221 0.20394859 0.01913582 0.40000000 0.40000000 0.40000000
v -0.00387559 0.20394859 0.01913582 0.40000000 0.40000000 0.40000000
v -0.00387559 0.20394859 0.01913582 0.40000000 0.40000000 0.40000000
v -0.00387510 0.20394859 0.02316786 0.40000000 0.40000000 0.40000000
v -0.04591172 0.20394859 0.02316786 0.40000000 0.40000000 0.40000000
v -0.04634385 0.20586655 0.02373018 0.40000000 0.40000000 0.40000000
v -0.04591172 0.20394859 0.02316786 0.40000000 0.40000000 0.40000000
v -0.00387510 0.20394859 0.02316786 0.40000000 0.40000000 0.40000000
v -0.00387510 0.20394859 0.02316786 0.40000000 0.40000000 0.40000000
v -0.00391172 0.20586655 0.02373012 0.40000000 0.40000000 0.40000000
v -0.04634385 0.20586655 0.02373018 0.40000000 0.40000000 0.40000000
v -0.04418370 0.19628061 -0.00554222 0.40000000 0.40000000 0.40000000
v -0.00372959 0.19628061 -0.00554222 0.40000000 0.40000000 0.40000000
v -0.00383897 0.20203257 -0.00517931 0.40000000 0.40000000 0.40000000
v -0.00383897 0.20203257 -0.00517931 0.40000000 0.40000000 0.40000000
v -0.04548008 0.20203158 -0.00517925 0.40000000 0.40000000 0.40000000
v -0.04418370 0.19628061 -0.00554222 0.40000000 0.40000000 0.40000000
v -0.08040538 0.19628061 -0.00554222 0.40000000 0.40000000 0.40000000
v -0.04418370 0.19628061 -0.00554222 0.40000000 0.40000000 0.40000000
v -0.04548008 0.20203158 -0.00517925 0.40000000 0.40000000 0.40000000
v -0.04548008 0.20203158 -0.00517925 0.40000000 0.40000000 0.40000000
v -0.08276377 0.20203257 -0.00517925 0.40000000 0.40000000 0.40000000
v -0.08040538 0.19628061 -0.00554222 0.40000000 0.40000000 0.40000000
v -0.04418370 0.19628061 -0.00554222 0.40000000 0.40000000 0.40000000
v -0.08040538 0.19628061 -0.00554222 0.40000000 0.40000000 0.40000000
v -0.07804698 0.18185288 -0.00554222 0.40000000 0.40000000 0.40000000
v -0.07804698 0.18185288 -0.00554222 0.40000000 0.40000000 0.40000000
v -0.04288731 0.18185288 -0.00554222 0.40000000 0.40000000 0.40000000
v -0.04418370 0.19628061 -0.00554222 0.40000000 0.40000000 0.40000000
v -0.00372959 0.19628061 -0.00554222 0.40000000 0.40000000 0.40000000
v -0.04418370 0.19628061 -0.00554222 0.40000000 0.40000000 0.40000000
v -0.04288731 0.18185288 -0.00554222 0.40000000 0.40000000 0.40000000
v -0.04288731 0.18185288 -0.00554222 0.40000000 0.40000000 0.40000000
v -0.00361924 0.18185288 -0.00554222 0.40000000 0.40000000 0.40000000
v -0.00372959 0.19628061 -0.00554222 0.40000000 0.40000000 0.40000000
v -0.04245518 -0.15895376 -0.00554222 0.40000000 0.40000000 0.40000000
v -0.04245518 -0.12199282 -0.00554222 0.40000000 0.40000000 0.40000000
v -0.07726182 -0.12199282 -0.00554222 0.40000000 0.40000000 0.40000000
v -0.07726182 -0.12199282 -0.00554222 0.40000000 0.40000000 0.40000000
v -0.07726084 -0.15895376 -0.00554222 0.40000000 0.40000000 0.40000000
v -0.04245518 -0.15895376 -0.00554222 0.40000000 0.40000000 0.40000000
v -0.04288731 -0.18283853 -0.00554222 0.40000000 0.40000000 0.40000000
v -0.04245518 -0.15895376 -0.00554222 0.40000000 0.40000000 0.40000000
v -0.07726084 -0.15895376 -0.00554222 0.40000000 0.40000000 0.40000000
v -0.07726084 -0.15895376 -0.00554222 0.40000000 0.40000000 0.40000000
v -0.07804698 -0.18283853 -0.00554222 0.40000000 0.40000000 0.40000000
v -0.04288731 -0.18283853 -0.00554222 0.40000000 0.40000000 0.40000000
v -0.04245518 -0.15895376 -0.00554222 0.40000000 0.40000000 0.40000000
v -0.04288731 -0.18283853 -0.00554222 0.40000000 0.40000000 0.40000000
v -0.00361924 -0.18283853 -0.00554222 0.40000000 0.40000000 0.40000000
v -0.00361924 -0.18283853 -0.00554222 0.40000000 0.40000000 0.40000000
v -0.00358311 -0.15895376 -0.00554222 0.40000000 0.40000000 0.40000000
v -0.04245518 -0.15895376 -0.00554222 0.40000000 0.40000000 0.40000000
v -0.04245518 -0.12199282 -0.00554222 0.40000000 0.40000000 0.40000000
v -0.04245518 -0.15895376 -0.00554222 0.40000000 0.40000000 0.40000000
v -0.00358311 -0.15895376 -0.00554222 0.40000000 0.40000000 0.40000000
v -0.00358311 -0.15895376 -0.00554222 0.40000000 0.40000000 0.40000000
v -0.00358311 -0.12199282 -0.00554222 0.40000000 0.40000000 0.40000000
v -0.04245518 -0.12199282 -0.00554222 0.40000000 0.40000000 0.40000000
v -0.04591172 -0.20358071 -0.00409044 0.40000000 0.40000000 0.40000000
v -0.04548008 -0.20166372 -0.00517925 0.40000000 0.40000000 0.40000000
v -0.08276426 -0.20166470 -0.00517925 0.40000000 0.40000000 0.40000000
v -0.08276426 -0.20166470 -0.00517925 0.40000000 0.40000000 0.40000000
v -0.08355039 -0.20358071 -0.00409044 0.40000000 0.40000000 0.40000000
v -0.04591172 -0.20358071 -0.00409044 0.40000000 0.40000000 0.40000000
v -0.04591221 -0.20358071 0.00006294 0.40000000 0.40000000 0.40000000
v -0.04591172 -0.20358071 -0.00409044 0.40000000 0.40000000 0.40000000
v -0.08355039 -0.20358071 -0.00409044 0.40000000 0.40000000 0.40000000
v -0.08355039 -0.20358071 -0.00409044 0.40000000 0.40000000 0.40000000
v -0.08355039 -0.20358071 0.00006300 0.40000000 0.40000000 0.40000000
v -0.04591221 -0.20358071 0.00006294 0.40000000 0.40000000 0.40000000
v -0.04591172 -0.20358071 -0.00409044 0.40000000 0.40000000 0.40000000
v -0.04591221 -0.20358071 0.00006294 0.40000000 0.40000000 0.40000000
v -0.00387559 -0.20358071 0.00006300 0.40000000 0.40000000 0.40000000
v -0.00387559 -0.20358071 0.00006300 0.40000000 0.40000000 0.40000000
v -0.00387510 -0.20358071 -0.00409044 0.40000000 0.40000000 0.40000000
v -0.04591172 -0.20358071 -0.00409044 0.40000000 0.40000000 0.40000000
v -0.04548008 -0.20166372 -0.00517925 0.40000000 0.40000000 0.40000000
v -0.04591172 -0.20358071 -0.00409044 0.40000000 0.40000000 0.40000000
v -0.00387510 -0.20358071 -0.00409044 0.40000000 0.40000000 0.40000000
v -0.00387510 -0.20358071 -0.00409044 0.40000000 0.40000000 0.40000000
v -0.00383897 -0.20166470 -0.00517925 0.40000000 0.40000000 0.40000000
v -0.04548008 -0.20166372 -0.00517925 0.40000000 0.40000000 0.40000000
v -0.04591172 -0.20358071 0.00961964 0.40000000 0.40000000 0.40000000
v -0.04591221 -0.20358071 0.00006294 0.40000000 0.40000000 0.40000000
v -0.08355039 -0.20358071 0.00006300 0.40000000 0.40000000 0.40000000
v -0.08355039 -0.20358071 0.00006300 0.40000000 0.40000000 0.40000000
v -0.08355039 -0.20358071 0.00961964 0.40000000 0.40000000 0.40000000
v -0.04591172 -0.20358071 0.00961964 0.40000000 0.40000000 0.40000000
v -0.04591221 -0.20358071 0.01913582 0.40000000 0.40000000 0.40000000
v -0.04591172 -0.20358071 0.00961964 0.40000000 0.40000000 0.40000000
v -0.08355039 -0.20358071 0.00961964 0.40000000 0.40000000 0.40000000
v -0.08355039 -0.20358071 0.00961964 0.40000000 0.40000000 0.40000000
v -0.08355039 -0.20358071 0.01913582 0.40000000 0.40000000 0.40000000
v -0.04591221 -0.20358071 0.01913582 0.40000000 0.40000000 0.40000000
v -0.04591172 -0.20358071 0.00961964 0.40000000 0.40000000 0.40000000
v -0.04591221 -0.20358071 0.01913582 0.40000000 0.40000000 0.40000000
v -0.00387559 -0.20358071 0.01913582 0.40000000 0.40000000 0.40000000
v -0.00387559 -0.20358071 0.01913582 0.40000000 0.40000000 0.40000000
v -0.00387510 -0.20358071 0.00961964 0.40000000 0.40000000 0.40000000
v -0.04591172 -0.20358071 0.00961964 0.40000000 0.40000000 0.40000000
v -0.04591221 -0.20358071 0.00006294 0.40000000 0.40000000 0.40000000
v -0.04591172 -0.20358071 0.00961964 0.40000000 0.40000000 0.40000000
v -0.00387510 -0.20358071 0.00961964 0.40000000 0.40000000 0.40000000
v -0.00387510 -0.20358071 0.00961964 0.40000000 0.40000000 0.40000000
v -0.00387559 -0.20358071 0.00006300 0.40000000 0.40000000 0.40000000
v -0.04591221 -0.20358071 0.00006294 0.40000000 0.40000000 0.40000000
v -0.04245518 -0.06968911 -0.00554222 0.40000000 0.40000000 0.40000000
v -0.04245518 -0.00859341 -0.00554222 0.40000000 0.40000000 0.40000000
v -0.07726182 -0.00859341 -0.00554222 0.40000000 0.40000000 0.40000000
v -0.07726182 -0.00859341 -0.00554222 0.40000000 0.40000000 0.40000000
v -0.07726084 -0.06968911 -0.00554222 0.40000000 0.40000000 0.40000000
v -0.04245518 -0.06968911 -0.00554222 0.40000000 0.40000000 0.40000000
v -0.04245518 -0.12199282 -0.00554222 0.40000000 0.40000000 0.40000000
v -0.04245518 -0.06968911 -0.00554222 0.40000000 0.40000000 0.40000000
v -0.07726084 -0.06968911 -0.00554222 0.40000000 0.40000000 0.40000000
v -0.07726084 -0.06968911 -0.00554222 0.40000000 0.40000000 0.40000000
v -0.07726182 -0.12199282 -0.00554222 0.40000000 0.40000000 0.40000000
v -0.04245518 -0.12199282 -0.00554222 0.40000000 0.40000000 0.40000000
v -0.04245518 -0.06968911 -0.00554222 0.40000000 0.40000000 0.40000000
v -0.04245518 -0.12199282 -0.00554222 0.40000000 0.40000000 0.40000000
v -0.00358311 -0.12199282 -0.00554222 0.40000000 0.40000000 0.40000000
v -0.00358311 -0.12199282 -0.00554222 0.40000000 0.40000000 0.40000000
v -0.00358311 -0.06968911 -0.00554222 0.40000000 0.40000000 0.40000000
v -0.04245518 -0.06968911 -0.00554222 0.40000000 0.40000000 0.40000000
v -0.04245518 -0.00859341 -0.00554222 0.40000000 0.40000000 0.40000000
v -0.04245518 -0.06968911 -0.00554222 0.40000000 0.40000000 0.40000000
v -0.00358311 -0.06968911 -0.00554222 0.40000000 0.40000000 0.40000000
v -0.00358311 -0.06968911 -0.00554222 0.40000000 0.40000000 0.40000000
v -0.00358311 -0.00859341 -0.00554222 0.40000000 0.40000000 0.40000000
v -0.04245518 -0.00859341 -0.00554222 0.40000000 0.40000000 0.40000000
v -0.04245518 0.05474351 -0.00554222 0.40000000 0.40000000 0.40000000
v -0.04245518 0.11176304 -0.00554222 0.40000000 0.40000000 0.40000000
v -0.07726182 0.11176304 -0.00554222 0.40000000 0.40000000 0.40000000
v -0.07726182 0.11176304 -0.00554222 0.40000000 0.40000000 0.40000000
v -0.07726084 0.05474351 -0.00554222 0.40000000 0.40000000 0.40000000
v -0.04245518 0.05474351 -0.00554222 0.40000000 0.40000000 0.40000000
v -0.04245518 -0.00859341 -0.00554222 0.40000000 0.40000000 0.40000000
v -0.04245518 0.05474351 -0.00554222 0.40000000 0.40000000 0.40000000
v -0.07726084 0.05474351 -0.00554222 0.40000000 0.40000000 0.40000000
v -0.07726084 0.05474351 -0.00554222 0.40000000 0.40000000 0.40000000
v -0.07726182 -0.00859341 -0.00554222 0.40000000 0.40000000 0.40000000
v -0.04245518 -0.00859341 -0.00554222 0.40000000 0.40000000 0.40000000
v -0.04245518 0.05474351 -0.00554222 0.40000000 0.40000000 0.40000000
v -0.04245518 -0.00859341 -0.00554222 0.40000000 0.40000000 0.40000000
v -0.00358311 -0.00859341 -0.00554222 0.40000000 0.40000000 0.40000000
v -0.00358311 -0.00859341 -0.00554222 0.40000000 0.40000000 0.40000000
v -0.00358311 0.05474351 -0.00554222 0.40000000 0.40000000 0.40000000
v -0.04245518 0.05474351 -0.00554222 0.40000000 0.40000000 0.40000000
v -0.04245518 0.11176304 -0.00554222 0.40000000 0.40000000 0.40000000
v -0.04245518 0.05474351 -0.00554222 0.40000000 0.40000000 0.40000000
v -0.00358311 0.05474351 -0.00554222 0.40000000 0.40000000 0.40000000
v -0.00358311 0.05474351 -0.00554222 0.40000000 0.40000000 0.40000000
v -0.00358311 0.11176304 -0.00554222 0.40000000 0.40000000 0.40000000
v -0.04245518 0.11176304 -0.00554222 0.40000000 0.40000000 0.40000000
v -0.04245518 0.15390658 -0.00554222 0.40000000 0.40000000 0.40000000
v -0.04288731 0.18185288 -0.00554222 0.40000000 0.40000000 0.40000000
v -0.07804698 0.18185288 -0.00554222 0.40000000 0.40000000 0.40000000
v -0.07804698 0.18185288 -0.00554222 0.40000000 0.40000000 0.40000000
v -0.07726084 0.15390658 -0.00554222 0.40000000 0.40000000 0.40000000
v -0.04245518 0.15390658 -0.00554222 0.40000000 0.40000000 0.40000000
v -0.04245518 0.11176304 -0.00554222 0.40000000 0.40000000 0.40000000
v -0.04245518 0.15390658 -0.00554222 0.40000000 0.40000000 0.40000000
v -0.07726084 0.15390658 -0.00554222 0.40000000 0.40000000 0.40000000
v -0.07726084 0.15390658 -0.00554222 0.40000000 0.40000000 0.40000000
v -0.07726182 0.11176304 -0.00554222 0.40000000 0.40000000 0.40000000
v -0.04245518 0.11176304 -0.00554222 0.40000000 0.40000000 0.40000000
v -0.04245518 0.15390658 -0.00554222 0.40000000 0.40000000 0.40000000
v -0.04245518 0.11176304 -0.00554222 0.40000000 0.40000000 0.40000000
v -0.00358311 0.11176304 -0.00554222 0.40000000 0.40000000 0.40000000
v -0.00358311 0.11176304 -0.00554222 0.40000000 0.40000000 0.40000000
v -0.00358311 0.15390658 -0.00554222 0.40000000 0.40000000 0.40000000
v -0.04245518 0.15390658 -0.00554222 0.40000000 0.40000000 0.40000000
v -0.04288731 0.18185288 -0.00554222 0.40000000 0.40000000 0.40000000
v -0.04245518 0.15390658 -0.00554222 0.40000000 0.40000000 0.40000000
v -0.00358311 0.15390658 -0.00554222 0.40000000 0.40000000 0.40000000
v -0.00358311 0.15390658 -0.00554222 0.40000000 0.40000000 0.40000000
v -0.00361924 0.18185288 -0.00554222 0.40000000 0.40000000 0.40000000
v -0.04288731 0.18185288 -0.00554222 0.40000000 0.40000000 0.40000000
v -0.11900498 -0.21127602 0.02169618 0.40000000 0.40000000 0.40000000
v -0.14074621 -0.20297231 0.02166829 0.40000000 0.40000000 0.40000000
v -0.13730967 -0.19800650 0.02270503 0.40000000 0.40000000 0.40000000
v -0.13730967 -0.19800650 0.02270503 0.40000000 0.40000000 0.40000000
v -0.11596250 -0.20637172 0.02273860 0.40000000 0.40000000 0.40000000
v -0.11900498 -0.21127602 0.02169618 0.40000000 0.40000000 0.40000000
v -0.08668565 -0.21137759 0.02173805 0.40000000 0.40000000 0.40000000
v -0.11900498 -0.21127602 0.02169618 0.40000000 0.40000000 0.40000000
v -0.11596250 -0.20637172 0.02273860 0.40000000 0.40000000 0.40000000
v -0.11596250 -0.20637172 0.02273860 0.40000000 0.40000000 0.40000000
v -0.08437657 -0.20668717 0.02278902 0.40000000 0.40000000 0.40000000
v -0.08668565 -0.21137759 0.02173805 0.40000000 0.40000000 0.40000000
v -0.11900498 -0.21127602 0.02169618 0.40000000 0.40000000 0.40000000
v -0.08668565 -0.21137759 0.02173805 0.40000000 0.40000000 0.40000000
v -0.08901817 -0.21636195 0.02063942 0.40000000 0.40000000 0.40000000
v -0.08901817 -0.21636195 0.02063942 0.40000000 0.40000000 0.40000000
v -0.12214073 -0.21646450 0.02061653 0.40000000 0.40000000 0.40000000
v -0.11900498 -0.21127602 0.02169618 0.40000000 0.40000000 0.40000000
v -0.14074621 -0.20297231 0.02166829 0.40000000 0.40000000 0.40000000
v -0.11900498 -0.21127602 0.02169618 0.40000000 0.40000000 0.40000000
v -0.12214073 -0.21646450 0.02061653 0.40000000 0.40000000 0.40000000
v -0.12214073 -0.21646450 0.02061653 0.40000000 0.40000000 0.40000000
v -0.14434922 -0.20817642 0.02060115 0.40000000 0.40000000 0.40000000
v -0.14074621 -0.20297231 0.02166829 0.40000000 0.40000000 0.40000000
v 0.14807706 -0.17832974 0.02169618 0.40000000 0.40000000 0.40000000
v 0.14066689 -0.20297329 0.02166829 0.40000000 0.40000000 0.40000000
v 0.13723232 -0.19800650 0.02270503 0.40000000 0.40000000 0.40000000
v 0.13723232 -0.19800650 0.02270503 0.40000000 0.40000000 0.40000000
v 0.14464249 -0.17375259 0.02273860 0.40000000 0.40000000 0.40000000
v 0.14807706 -0.17832974 0.02169618 0.40000000 0.40000000 0.40000000
v 0.14814736 -0.13689613 0.02173805 0.40000000 0.40000000 0.40000000
v 0.14807706 -0.17832974 0.02169618 0.40000000 0.40000000 0.40000000
v 0.14464249 -0.17375259 0.02273860 0.40000000 0.40000000 0.40000000
v 0.14464249 -0.17375259 0.02273860 0.40000000 0.40000000 0.40000000
v 0.14486367 -0.13323696 0.02278902 0.40000000 0.40000000 0.40000000
v 0.14814736 -0.13689613 0.02173805 0.40000000 0.40000000 0.40000000
v 0.14807706 -0.17832974 0.02169618 0.40000000 0.40000000 0.40000000
v 0.14814736 -0.13689613 0.02173805 0.40000000 0.40000000 0.40000000
v 0.15163857 -0.14058854 0.02063942 0.40000000 0.40000000 0.40000000
v 0.15163857 -0.14058854 0.02063942 0.40000000 0.40000000 0.40000000
v 0.15170985 -0.18304066 0.02061653 0.40000000 0.40000000 0.40000000
v 0.14807706 -0.17832974 0.02169618 0.40000000 0.40000000 0.40000000
v 0.14066689 -0.20297329 0.02166829 0.40000000 0.40000000 0.40000000
v 0.14807706 -0.17832974 0.02169618 0.40000000 0.40000000 0.40000000
v 0.15170985 -0.18304066 0.02061653 0.40000000 0.40000000 0.40000000
v 0.15170985 -0.18304066 0.02061653 0.40000000 0.40000000 0.40000000
v 0.14426796 -0.20817642 0.02060115 0.40000000 0.40000000 0.40000000
v 0.14066689 -0.20297329 0.02166829 0.40000000 0.40000000 0.40000000
v 0.11862392 0.21164390 0.02169618 0.40000000 0.40000000 0.40000000
v 0.14066689 0.20182066 0.02166829 0.40000000 0.40000000 0.40000000
v 0.13723281 0.19689585 0.02270503 0.40000000 0.40000000 0.40000000
v 0.13723281 0.19689585 0.02270503 0.40000000 0.40000000 0.40000000
v 0.11559267 0.20673960 0.02273860 0.40000000 0.40000000 0.40000000
v 0.11862392 0.21164390 0.02169618 0.40000000 0.40000000 0.40000000
v 0.08479238 0.21174449 0.02173805 0.40000000 0.40000000 0.40000000
v 0.11862392 0.21164390 0.02169618 0.40000000 0.40000000 0.40000000
v 0.11559267 0.20673960 0.02273860 0.40000000 0.40000000 0.40000000
v 0.11559267 0.20673960 0.02273860 0.40000000 0.40000000 0.40000000
v 0.08253505 0.20705405 0.02278902 0.40000000 0.40000000 0.40000000
v 0.08479238 0.21174449 0.02173805 0.40000000 0.40000000 0.40000000
v 0.11862392 0.21164390 0.02169618 0.40000000 0.40000000 0.40000000
v 0.08479238 0.21174449 0.02173805 0.40000000 0.40000000 0.40000000
v 0.08707363 0.21672983 0.02063942 0.40000000 0.40000000 0.40000000
v 0.08707363 0.21672983 0.02063942 0.40000000 0.40000000 0.40000000
v 0.12174892 0.21683140 0.02061653 0.40000000 0.40000000 0.40000000
v 0.11862392 0.21164390 0.02169618 0.40000000 0.40000000 0.40000000
v 0.14066689 0.20182066 0.02166829 0.40000000 0.40000000 0.40000000
v 0.11862392 0.21164390 0.02169618 0.40000000 0.40000000 0.40000000
v 0.12174892 0.21683140 0.02061653 0.40000000 0.40000000 0.40000000
v 0.12174892 0.21683140 0.02061653 0.40000000 0.40000000 0.40000000
v 0.14426748 0.20698375 0.02060115 0.40000000 0.40000000 0.40000000
v 0.14066689 0.20182066 0.02166829 0.40000000 0.40000000 0.40000000
v -0.14805578 0.17262046 0.02169618 0.40000000 0.40000000 0.40000000
v -0.14074621 0.20182066 0.02166829 0.40000000 0.40000000 0.40000000
v -0.13730918 0.19689585 0.02270503 0.40000000 0.40000000 0.40000000
v -0.13730918 0.19689585 0.02270503 0.40000000 0.40000000 0.40000000
v -0.14462119 0.16820835 0.02273860 0.40000000 0.40000000 0.40000000
v -0.14805578 0.17262046 0.02169618 0.40000000 0.40000000 0.40000000
v -0.14812608 0.12537241 0.02173805 0.40000000 0.40000000 0.40000000
v -0.14805578 0.17262046 0.02169618 0.40000000 0.40000000 0.40000000
v -0.14462119 0.16820835 0.02273860 0.40000000 0.40000000 0.40000000
v -0.14462119 0.16820835 0.02273860 0.40000000 0.40000000 0.40000000
v -0.14484239 0.12203647 0.02278902 0.40000000 0.40000000 0.40000000
v -0.14812608 0.12537241 0.02173805 0.40000000 0.40000000 0.40000000
v -0.14805578 0.17262046 0.02169618 0.40000000 0.40000000 0.40000000
v -0.14812608 0.12537241 0.02173805 0.40000000 0.40000000 0.40000000
v -0.15161631 0.12874155 0.02063942 0.40000000 0.40000000 0.40000000
v -0.15161631 0.12874155 0.02063942 0.40000000 0.40000000 0.40000000
v -0.15168858 0.17716733 0.02061653 0.40000000 0.40000000 0.40000000
v -0.14805578 0.17262046 0.02169618 0.40000000 0.40000000 0.40000000
v -0.14074621 0.20182066 0.02166829 0.40000000 0.40000000 0.40000000
v -0.14805578 0.17262046 0.02169618 0.40000000 0.40000000 0.40000000
v -0.15168858 0.17716733 0.02061653 0.40000000 0.40000000 0.40000000
v -0.15168858 0.17716733 0.02061653 0.40000000 0.40000000 0.40000000
v -0.14434971 0.20698375 0.02060115 0.40000000 0.40000000 0.40000000
v -0.14074621 0.20182066 0.02166829 0.40000000 0.40000000 0.40000000
v -0.11512803 -0.20520180 0.02260286 0.40000000 0.40000000 0.40000000
v -0.13646933 -0.19678774 0.02258156 0.40000000 0.40000000 0.40000000
v -0.13681456 -0.19727993 0.01898933 0.40000000 0.40000000 0.40000000
v -0.13681456 -0.19727993 0.01898933 0.40000000 0.40000000 0.40000000
v -0.11533018 -0.20572524 0.01899458 0.40000000 0.40000000 0.40000000
v -0.11512803 -0.20520180 0.02260286 0.40000000 0.40000000 0.40000000
v -0.08365147 -0.20555337 0.02263472 0.40000000 0.40000000 0.40000000
v -0.11512803 -0.20520180 0.02260286 0.40000000 0.40000000 0.40000000
v -0.11533018 -0.20572524 0.01899458 0.40000000 0.40000000 0.40000000
v -0.11533018 -0.20572524 0.01899458 0.40000000 0.40000000 0.40000000
v -0.08370225 -0.20603774 0.01900258 0.40000000 0.40000000 0.40000000
v -0.08365147 -0.20555337 0.02263472 0.40000000 0.40000000 0.40000000
v -0.11512803 -0.20520180 0.02260286 0.40000000 0.40000000 0.40000000
v -0.08365147 -0.20555337 0.02263472 0.40000000 0.40000000 0.40000000
v -0.08437657 -0.20668717 0.02278902 0.40000000 0.40000000 0.40000000
v -0.08437657 -0.20668717 0.02278902 0.40000000 0.40000000 0.40000000
v -0.11596250 -0.20637172 0.02273860 0.40000000 0.40000000 0.40000000
v -0.11512803 -0.20520180 0.02260286 0.40000000 0.40000000 0.40000000
v -0.13646933 -0.19678774 0.02258156 0.40000000 0.40000000 0.40000000
v -0.11512803 -0.20520180 0.02260286 0.40000000 0.40000000 0.40000000
v -0.11596250 -0.20637172 0.02273860 0.40000000 0.40000000 0.40000000
v -0.11596250 -0.20637172 0.02273860 0.40000000 0.40000000 0.40000000
v -0.13730967 -0.19800650 0.02270503 0.40000000 0.40000000 0.40000000
v -0.13646933 -0.19678774 0.02258156 0.40000000 0.40000000 0.40000000
v 0.14382362 -0.17248306 0.02260286 0.40000000 0.40000000 0.40000000
v 0.13639393 -0.19678774 0.02258156 0.40000000 0.40000000 0.40000000
v 0.13673818 -0.19727896 0.01898933 0.40000000 0.40000000 0.40000000
v 0.13673818 -0.19727896 0.01898933 0.40000000 0.40000000 0.40000000
v 0.14419033 -0.17277212 0.01899458 0.40000000 0.40000000 0.40000000
v 0.14382362 -0.17248306 0.02260286 0.40000000 0.40000000 0.40000000
v 0.14407021 -0.13208169 0.02263472 0.40000000 0.40000000 0.40000000
v 0.14382362 -0.17248306 0.02260286 0.40000000 0.40000000 0.40000000
v 0.14419033 -0.17277212 0.01899458 0.40000000 0.40000000 0.40000000
v 0.14419033 -0.17277212 0.01899458 0.40000000 0.40000000 0.40000000
v 0.14440858 -0.13215297 0.01900258 0.40000000 0.40000000 0.40000000
v 0.14407021 -0.13208169 0.02263472 0.40000000 0.40000000 0.40000000
v 0.14382362 -0.17248306 0.02260286 0.40000000 0.40000000 0.40000000
v 0.14407021 -0.13208169 0.02263472 0.40000000 0.40000000 0.40000000
v 0.14486367 -0.13323696 0.02278902 0.40000000 0.40000000 0.40000000
v 0.14486367 -0.13323696 0.02278902 0.40000000 0.40000000 0.40000000
v 0.14464249 -0.17375259 0.02273860 0.40000000 0.40000000 0.40000000
v 0.14382362 -0.17248306 0.02260286 0.40000000 0.40000000 0.40000000
v 0.13639393 -0.19678774 0.02258156 0.40000000 0.40000000 0.40000000
v 0.14382362 -0.17248306 0.02260286 0.40000000 0.40000000 0.40000000
v 0.14464249 -0.17375259 0.02273860 0.40000000 0.40000000 0.40000000
v 0.14464249 -0.17375259 0.02273860 0.40000000 0.40000000 0.40000000
v 0.13723232 -0.19800650 0.02270503 0.40000000 0.40000000 0.40000000
v 0.13639393 -0.19678774 0.02258156 0.40000000 0.40000000 0.40000000
v 0.11476162 0.20556968 0.02260286 0.40000000 0.40000000 0.40000000
v 0.13639393 0.19569077 0.02258156 0.40000000 0.40000000 0.40000000
v 0.13673818 0.19618297 0.01898933 0.40000000 0.40000000 0.40000000
v 0.13673818 0.19618297 0.01898933 0.40000000 0.40000000 0.40000000
v 0.11496377 0.20609312 0.01899458 0.40000000 0.40000000 0.40000000
v 0.11476162 0.20556968 0.02260286 0.40000000 0.40000000 0.40000000
v 0.08182753 0.20592123 0.02263472 0.40000000 0.40000000 0.40000000
v 0.11476162 0.20556968 0.02260286 0.40000000 0.40000000 0.40000000
v 0.11496377 0.20609312 0.01899458 0.40000000 0.40000000 0.40000000
v 0.11496377 0.20609312 0.01899458 0.40000000 0.40000000 0.40000000
v 0.08187832 0.20640562 0.01900258 0.40000000 0.40000000 0.40000000
v 0.08182753 0.20592123 0.02263472 0.40000000 0.40000000 0.40000000
v 0.11476162 0.20556968 0.02260286 0.40000000 0.40000000 0.40000000
v 0.08182753 0.20592123 0.02263472 0.40000000 0.40000000 0.40000000
v 0.08253505 0.20705405 0.02278902 0.40000000 0.40000000 0.40000000
v 0.08253505 0.20705405 0.02278902 0.40000000 0.40000000 0.40000000
v 0.11559267 0.20673960 0.02273860 0.40000000 0.40000000 0.40000000
v 0.11476162 0.20556968 0.02260286 0.40000000 0.40000000 0.40000000
v 0.13639393 0.19569077 0.02258156 0.40000000 0.40000000 0.40000000
v 0.11476162 0.20556968 0.02260286 0.40000000 0.40000000 0.40000000
v 0.11559267 0.20673960 0.02273860 0.40000000 0.40000000 0.40000000
v 0.11559267 0.20673960 0.02273860 0.40000000 0.40000000 0.40000000
v 0.13723281 0.19689585 0.02270503 0.40000000 0.40000000 0.40000000
v 0.13639393 0.19569077 0.02258156 0.40000000 0.40000000 0.40000000
v -0.14380234 0.16699448 0.02260286 0.40000000 0.40000000 0.40000000
v -0.13646933 0.19569077 0.02258156 0.40000000 0.40000000 0.40000000
v -0.13681407 0.19618297 0.01898933 0.40000000 0.40000000 0.40000000
v -0.13681407 0.19618297 0.01898933 0.40000000 0.40000000 0.40000000
v -0.14416905 0.16728257 0.01899458 0.40000000 0.40000000 0.40000000
v -0.14380234 0.16699448 0.02260286 0.40000000 0.40000000 0.40000000
v -0.14404893 0.12098862 0.02263472 0.40000000 0.40000000 0.40000000
v -0.14380234 0.16699448 0.02260286 0.40000000 0.40000000 0.40000000
v -0.14416905 0.16728257 0.01899458 0.40000000 0.40000000 0.40000000
v -0.14416905 0.16728257 0.01899458 0.40000000 0.40000000 0.40000000
v -0.14438780 0.12106089 0.01900258 0.40000000 0.40000000 0.40000000
v -0.14404893 0.12098862 0.02263472 0.40000000 0.40000000 0.40000000
v -0.14380234 0.16699448 0.02260286 0.40000000 0.40000000 0.40000000
v -0.14404893 0.12098862 0.02263472 0.40000000 0.40000000 0.40000000
v -0.14484239 0.12203647 0.02278902 0.40000000 0.40000000 0.40000000
v -0.14484239 0.12203647 0.02278902 0.40000000 0.40000000 0.40000000
v -0.14462119 0.16820835 0.02273860 0.40000000 0.40000000 0.40000000
v -0.14380234 0.16699448 0.02260286 0.40000000 0.40000000 0.40000000
v -0.13646933 0.19569077 0.02258156 0.40000000 0.40000000 0.40000000
v -0.14380234 0.16699448 0.02260286 0.40000000 0.40000000 0.40000000
v -0.14462119 0.16820835 0.02273860 0.40000000 0.40000000 0.40000000
v -0.14462119 0.16820835 0.02273860 0.40000000 0.40000000 0.40000000
v -0.13730918 0.19689585 0.02270503 0.40000000 0.40000000 0.40000000
v -0.13646933 0.19569077 0.02258156 0.40000000 0.40000000 0.40000000
v -0.11068125 -0.19678579 -0.00656041 0.40000000 0.40000000 0.40000000
v -0.13107139 -0.18900064 -0.00654033 0.40000000 0.40000000 0.40000000
v -0.12293418 -0.17881703 -0.00667467 0.40000000 0.40000000 0.40000000
v -0.12293418 -0.17881703 -0.00667467 0.40000000 0.40000000 0.40000000
v -0.10723692 -0.18305728 -0.00672673 0.40000000 0.40000000 0.40000000
v -0.11068125 -0.19678579 -0.00656041 0.40000000 0.40000000 0.40000000
v -0.08047422 -0.19685221 -0.00659056 0.40000000 0.40000000 0.40000000
v -0.11068125 -0.19678579 -0.00656041 0.40000000 0.40000000 0.40000000
v -0.10723692 -0.18305728 -0.00672673 0.40000000 0.40000000 0.40000000
v -0.10723692 -0.18305728 -0.00672673 0.40000000 0.40000000 0.40000000
v -0.07806456 -0.18307289 -0.00673436 0.40000000 0.40000000 0.40000000
v -0.08047422 -0.19685221 -0.00659056 0.40000000 0.40000000 0.40000000
v -0.11068125 -0.19678579 -0.00656041 0.40000000 0.40000000 0.40000000
v -0.08047422 -0.19685221 -0.00659056 0.40000000 0.40000000 0.40000000
v -0.08288829 -0.20339908 -0.00597679 0.40000000 0.40000000 0.40000000
v -0.08288829 -0.20339908 -0.00597679 0.40000000 0.40000000 0.40000000
v -0.11414170 -0.20326234 -0.00593157 0.40000000 0.40000000 0.40000000
v -0.11068125 -0.19678579 -0.00656041 0.40000000 0.40000000 0.40000000
v -0.13107139 -0.18900064 -0.00654033 0.40000000 0.40000000 0.40000000
v -0.11068125 -0.19678579 -0.00656041 0.40000000 0.40000000 0.40000000
v -0.11414170 -0.20326234 -0.00593157 0.40000000 0.40000000 0.40000000
v -0.11414170 -0.20326234 -0.00593157 0.40000000 0.40000000 0.40000000
v -0.13530529 -0.19510514 -0.00590148 0.40000000 0.40000000 0.40000000
v -0.13107139 -0.18900064 -0.00654033 0.40000000 0.40000000 0.40000000
v 0.13793007 -0.16582289 -0.00656041 0.40000000 0.40000000 0.40000000
v 0.13099892 -0.18900064 -0.00654033 0.40000000 0.40000000 0.40000000
v 0.12279433 -0.17881703 -0.00667467 0.40000000 0.40000000 0.40000000
v 0.12279433 -0.17881703 -0.00667467 0.40000000 0.40000000 0.40000000
v 0.12689541 -0.16067153 -0.00672673 0.40000000 0.40000000 0.40000000
v 0.13793007 -0.16582289 -0.00656041 0.40000000 0.40000000 0.40000000
v 0.13797645 -0.12706313 -0.00659056 0.40000000 0.40000000 0.40000000
v 0.13793007 -0.16582289 -0.00656041 0.40000000 0.40000000 0.40000000
v 0.12689541 -0.16067153 -0.00672673 0.40000000 0.40000000 0.40000000
v 0.12689541 -0.16067153 -0.00672673 0.40000000 0.40000000 0.40000000
v 0.12690713 -0.12326040 -0.00673436 0.40000000 0.40000000 0.40000000
v 0.13797645 -0.12706313 -0.00659056 0.40000000 0.40000000 0.40000000
v 0.13793007 -0.16582289 -0.00656041 0.40000000 0.40000000 0.40000000
v 0.13797645 -0.12706313 -0.00659056 0.40000000 0.40000000 0.40000000
v 0.14256142 -0.13087173 -0.00597679 0.40000000 0.40000000 0.40000000
v 0.14256142 -0.13087173 -0.00597679 0.40000000 0.40000000 0.40000000
v 0.14246573 -0.17099673 -0.00593157 0.40000000 0.40000000 0.40000000
v 0.13793007 -0.16582289 -0.00656041 0.40000000 0.40000000 0.40000000
v 0.13099892 -0.18900064 -0.00654033 0.40000000 0.40000000 0.40000000
v 0.13793007 -0.16582289 -0.00656041 0.40000000 0.40000000 0.40000000
v 0.14246573 -0.17099673 -0.00593157 0.40000000 0.40000000 0.40000000
v 0.14246573 -0.17099673 -0.00593157 0.40000000 0.40000000 0.40000000
v 0.13523085 -0.19510610 -0.00590148 0.40000000 0.40000000 0.40000000
v 0.13099892 -0.18900064 -0.00654033 0.40000000 0.40000000 0.40000000
v 0.11032949 0.19715269 -0.00656041 0.40000000 0.40000000 0.40000000
v 0.13099892 0.18795933 -0.00654033 0.40000000 0.40000000 0.40000000
v 0.12279433 0.17675327 -0.00667467 0.40000000 0.40000000 0.40000000
v 0.12279433 0.17675327 -0.00667467 0.40000000 0.40000000 0.40000000
v 0.10689589 0.18207064 -0.00672673 0.40000000 0.40000000 0.40000000
v 0.11032949 0.19715269 -0.00656041 0.40000000 0.40000000 0.40000000
v 0.07871962 0.19721812 -0.00659056 0.40000000 0.40000000 0.40000000
v 0.11032949 0.19715269 -0.00656041 0.40000000 0.40000000 0.40000000
v 0.10689589 0.18207064 -0.00672673 0.40000000 0.40000000 0.40000000
v 0.10689589 0.18207064 -0.00672673 0.40000000 0.40000000 0.40000000
v 0.07636220 0.18208726 -0.00673436 0.40000000 0.40000000 0.40000000
v 0.07871962 0.19721812 -0.00659056 0.40000000 0.40000000 0.40000000
v 0.11032949 0.19715269 -0.00656041 0.40000000 0.40000000 0.40000000
v 0.07871962 0.19721812 -0.00659056 0.40000000 0.40000000 0.40000000
v 0.08108193 0.20376694 -0.00597679 0.40000000 0.40000000 0.40000000
v 0.08108193 0.20376694 -0.00597679 0.40000000 0.40000000 0.40000000
v 0.11377822 0.20363022 -0.00593157 0.40000000 0.40000000 0.40000000
v 0.11032949 0.19715269 -0.00656041 0.40000000 0.40000000 0.40000000
v 0.13099892 0.18795933 -0.00654033 0.40000000 0.40000000 0.40000000
v 0.11032949 0.19715269 -0.00656041 0.40000000 0.40000000 0.40000000
v 0.11377822 0.20363022 -0.00593157 0.40000000 0.40000000 0.40000000
v 0.11377822 0.20363022 -0.00593157 0.40000000 0.40000000 0.40000000
v 0.13523085 0.19402280 -0.00590148 0.40000000 0.40000000 0.40000000
v 0.13099892 0.18795933 -0.00654033 0.40000000 0.40000000 0.40000000
v -0.13790879 0.16055405 -0.00656041 0.40000000 0.40000000 0.40000000
v -0.13107139 0.18795933 -0.00654033 0.40000000 0.40000000 0.40000000
v -0.12293418 0.17675327 -0.00667467 0.40000000 0.40000000 0.40000000
v -0.12293418 0.17675327 -0.00667467 0.40000000 0.40000000 0.40000000
v -0.12696397 0.15556870 -0.00672673 0.40000000 0.40000000 0.40000000
v -0.13790879 0.16055405 -0.00656041 0.40000000 0.40000000 0.40000000
v -0.13795517 0.11640171 -0.00659056 0.40000000 0.40000000 0.40000000
v -0.13790879 0.16055405 -0.00656041 0.40000000 0.40000000 0.40000000
v -0.12696397 0.15556870 -0.00672673 0.40000000 0.40000000 0.40000000
v -0.12696397 0.15556870 -0.00672673 0.40000000 0.40000000 0.40000000
v -0.12697569 0.11292222 -0.00673436 0.40000000 0.40000000 0.40000000
v -0.13795517 0.11640171 -0.00659056 0.40000000 0.40000000 0.40000000
v -0.13790879 0.16055405 -0.00656041 0.40000000 0.40000000 0.40000000
v -0.13795517 0.11640171 -0.00659056 0.40000000 0.40000000 0.40000000
v -0.14254063 0.11988608 -0.00597679 0.40000000 0.40000000 0.40000000
v -0.14254063 0.11988608 -0.00597679 0.40000000 0.40000000 0.40000000
v -0.14244445 0.16556284 -0.00593157 0.40000000 0.40000000 0.40000000
v -0.13790879 0.16055405 -0.00656041 0.40000000 0.40000000 0.40000000
v -0.13107139 0.18795933 -0.00654033 0.40000000 0.40000000 0.40000000
v -0.13790879 0.16055405 -0.00656041 0.40000000 0.40000000 0.40000000
v -0.14244445 0.16556284 -0.00593157 0.40000000 0.40000000 0.40000000
v -0.14244445 0.16556284 -0.00593157 0.40000000 0.40000000 0.40000000
v -0.13530578 0.19402280 -0.00590148 0.40000000 0.40000000 0.40000000
v -0.13107139 0.18795933 -0.00654033 0.40000000 0.40000000 0.40000000
v 0.10575136 -0.15895376 -0.00678221 0.40000000 0.40000000 0.40000000
v 0.10689589 -0.18305728 -0.00672673 0.40000000 0.40000000 0.40000000
v 0.07636220 -0.18307388 -0.00673436 0.40000000 0.40000000 0.40000000
v 0.07636220 -0.18307388 -0.00673436 0.40000000 0.40000000 0.40000000
v 0.07557607 -0.15895376 -0.00678221 0.40000000 0.40000000 0.40000000
v 0.10575136 -0.15895376 -0.00678221 0.40000000 0.40000000 0.40000000
v 0.10575136 -0.12199282 -0.00678221 0.40000000 0.40000000 0.40000000
v 0.10575136 -0.15895376 -0.00678221 0.40000000 0.40000000 0.40000000
v 0.07557607 -0.15895376 -0.00678221 0.40000000 0.40000000 0.40000000
v 0.07557607 -0.15895376 -0.00678221 0.40000000 0.40000000 0.40000000
v 0.07557607 -0.12199282 -0.00678227 0.40000000 0.40000000 0.40000000
v 0.10575136 -0.12199282 -0.00678221 0.40000000 0.40000000 0.40000000
v 0.10575136 -0.15895376 -0.00678221 0.40000000 0.40000000 0.40000000
v 0.10575136 -0.12199282 -0.00678221 0.40000000 0.40000000 0.40000000
v 0.12690713 -0.12326040 -0.00673436 0.40000000 0.40000000 0.40000000
v 0.12690713 -0.12326040 -0.00673436 0.40000000 0.40000000 0.40000000
v 0.12689541 -0.16067153 -0.00672673 0.40000000 0.40000000 0.40000000
v 0.10575136 -0.15895376 -0.00678221 0.40000000 0.40000000 0.40000000
v 0.10689589 -0.18305728 -0.00672673 0.40000000 0.40000000 0.40000000
v 0.10575136 -0.15895376 -0.00678221 0.40000000 0.40000000 0.40000000
v 0.12689541 -0.16067153 -0.00672673 0.40000000 0.40000000 0.40000000
v 0.12689541 -0.16067153 -0.00672673 0.40000000 0.40000000 0.40000000
v 0.12279433 -0.17881703 -0.00667467 0.40000000 0.40000000 0.40000000
v 0.10689589 -0.18305728 -0.00672673 0.40000000 0.40000000 0.40000000
v 0.11496962 -0.20561294 -0.00448863 0.40000000 0.40000000 0.40000000
v 0.11501552 -0.20582876 -0.00003655 0.40000000 0.40000000 0.40000000
v 0.08189150 -0.20610610 -0.00004411 0.40000000 0.40000000 0.40000000
v 0.08189150 -0.20610610 -0.00004411 0.40000000 0.40000000 0.40000000
v 0.08187978 -0.20582876 -0.00451879 0.40000000 0.40000000 0.40000000
v 0.11496962 -0.20561294 -0.00448863 0.40000000 0.40000000 0.40000000
v 0.11377822 -0.20326234 -0.00593157 0.40000000 0.40000000 0.40000000
v 0.11496962 -0.20561294 -0.00448863 0.40000000 0.40000000 0.40000000
v 0.08187978 -0.20582876 -0.00451879 0.40000000 0.40000000 0.40000000
v 0.08187978 -0.20582876 -0.00451879 0.40000000 0.40000000 0.40000000
v 0.08108242 -0.20339908 -0.00597685 0.40000000 0.40000000 0.40000000
v 0.11377822 -0.20326234 -0.00593157 0.40000000 0.40000000 0.40000000
v 0.11496962 -0.20561294 -0.00448863 0.40000000 0.40000000 0.40000000
v 0.11377822 -0.20326234 -0.00593157 0.40000000 0.40000000 0.40000000
v 0.13523085 -0.19510610 -0.00590148 0.40000000 0.40000000 0.40000000
v 0.13523085 -0.19510610 -0.00590148 0.40000000 0.40000000 0.40000000
v 0.13672549 -0.19726138 -0.00446855 0.40000000 0.40000000 0.40000000
v 0.11496962 -0.20561294 -0.00448863 0.40000000 0.40000000 0.40000000
v 0.11501552 -0.20582876 -0.00003655 0.40000000 0.40000000 0.40000000
v 0.11496962 -0.20561294 -0.00448863 0.40000000 0.40000000 0.40000000
v 0.13672549 -0.19726138 -0.00446855 0.40000000 0.40000000 0.40000000
v 0.13672549 -0.19726138 -0.00446855 0.40000000 0.40000000 0.40000000
v 0.13682120 -0.19739810 -0.00003154 0.40000000 0.40000000 0.40000000
v 0.11501552 -0.20582876 -0.00003655 0.40000000 0.40000000 0.40000000
v 0.14411123 0.16729037 -0.00448863 0.40000000 0.40000000 0.40000000
v 0.14426211 0.16735679 -0.00003655 0.40000000 0.40000000 0.40000000
v 0.14445692 0.12107944 -0.00004411 0.40000000 0.40000000 0.40000000
v 0.14445692 0.12107944 -0.00004411 0.40000000 0.40000000 0.40000000
v 0.14426211 0.12106284 -0.00451879 0.40000000 0.40000000 0.40000000
v 0.14411123 0.16729037 -0.00448863 0.40000000 0.40000000 0.40000000
v 0.14246573 0.16556284 -0.00593157 0.40000000 0.40000000 0.40000000
v 0.14411123 0.16729037 -0.00448863 0.40000000 0.40000000 0.40000000
v 0.14426211 0.12106284 -0.00451879 0.40000000 0.40000000 0.40000000
v 0.14426211 0.12106284 -0.00451879 0.40000000 0.40000000 0.40000000
v 0.14256191 0.11988608 -0.00597685 0.40000000 0.40000000 0.40000000
v 0.14246573 0.16556284 -0.00593157 0.40000000 0.40000000 0.40000000
v 0.14411123 0.16729037 -0.00448863 0.40000000 0.40000000 0.40000000
v 0.14246573 0.16556284 -0.00593157 0.40000000 0.40000000 0.40000000
v 0.13523085 0.19402280 -0.00590148 0.40000000 0.40000000 0.40000000
v 0.13523085 0.19402280 -0.00590148 0.40000000 0.40000000 0.40000000
v 0.13672549 0.19616538 -0.00446855 0.40000000 0.40000000 0.40000000
v 0.14411123 0.16729037 -0.00448863 0.40000000 0.40000000 0.40000000
v 0.14426211 0.16735679 -0.00003655 0.40000000 0.40000000 0.40000000
v 0.14411123 0.16729037 -0.00448863 0.40000000 0.40000000 0.40000000
v 0.13672549 0.19616538 -0.00446855 0.40000000 0.40000000 0.40000000
v 0.13672549 0.19616538 -0.00446855 0.40000000 0.40000000 0.40000000
v 0.13682169 0.19630210 -0.00003154 0.40000000 0.40000000 0.40000000
v 0.14426211 0.16735679 -0.00003655 0.40000000 0.40000000 0.40000000
v -0.11533604 0.20598081 -0.00448863 0.40000000 0.40000000 0.40000000
v -0.11538194 0.20619664 -0.00003655 0.40000000 0.40000000 0.40000000
v -0.08371446 0.20647398 -0.00004411 0.40000000 0.40000000 0.40000000
v -0.08371446 0.20647398 -0.00004411 0.40000000 0.40000000 0.40000000
v -0.08370323 0.20619664 -0.00451879 0.40000000 0.40000000 0.40000000
v -0.11533604 0.20598081 -0.00448863 0.40000000 0.40000000 0.40000000
v -0.11414170 0.20363022 -0.00593157 0.40000000 0.40000000 0.40000000
v -0.11533604 0.20598081 -0.00448863 0.40000000 0.40000000 0.40000000
v -0.08370323 0.20619664 -0.00451879 0.40000000 0.40000000 0.40000000
v -0.08370323 0.20619664 -0.00451879 0.40000000 0.40000000 0.40000000
v -0.08288829 0.20376694 -0.00597685 0.40000000 0.40000000 0.40000000
v -0.11414170 0.20363022 -0.00593157 0.40000000 0.40000000 0.40000000
v -0.11533604 0.20598081 -0.00448863 0.40000000 0.40000000 0.40000000
v -0.11414170 0.20363022 -0.00593157 0.40000000 0.40000000 0.40000000
v -0.13530578 0.19402280 -0.00590148 0.40000000 0.40000000 0.40000000
v -0.13530578 0.19402280 -0.00590148 0.40000000 0.40000000 0.40000000
v -0.13680138 0.19616538 -0.00446855 0.40000000 0.40000000 0.40000000
v -0.11533604 0.20598081 -0.00448863 0.40000000 0.40000000 0.40000000
v -0.11538194 0.20619664 -0.00003655 0.40000000 0.40000000 0.40000000
v -0.11533604 0.20598081 -0.00448863 0.40000000 0.40000000 0.40000000
v -0.13680138 0.19616538 -0.00446855 0.40000000 0.40000000 0.40000000
v -0.13680138 0.19616538 -0.00446855 0.40000000 0.40000000 0.40000000
v -0.13689707 0.19630112 -0.00003154 0.40000000 0.40000000 0.40000000
v -0.11538194 0.20619664 -0.00003655 0.40000000 0.40000000 0.40000000
v -0.14408995 -0.17277993 -0.00448863 0.40000000 0.40000000 0.40000000
v -0.14424083 -0.17284635 -0.00003655 0.40000000 0.40000000 0.40000000
v -0.14443564 -0.13217251 -0.00004411 0.40000000 0.40000000 0.40000000
v -0.14443564 -0.13217251 -0.00004411 0.40000000 0.40000000 0.40000000
v -0.14424083 -0.13215591 -0.00451879 0.40000000 0.40000000 0.40000000
v -0.14408995 -0.17277993 -0.00448863 0.40000000 0.40000000 0.40000000
v -0.14244445 -0.17099673 -0.00593157 0.40000000 0.40000000 0.40000000
v -0.14408995 -0.17277993 -0.00448863 0.40000000 0.40000000 0.40000000
v -0.14424083 -0.13215591 -0.00451879 0.40000000 0.40000000 0.40000000
v -0.14424083 -0.13215591 -0.00451879 0.40000000 0.40000000 0.40000000
v -0.14254113 -0.13087173 -0.00597685 0.40000000 0.40000000 0.40000000
v -0.14244445 -0.17099673 -0.00593157 0.40000000 0.40000000 0.40000000
v -0.14408995 -0.17277993 -0.00448863 0.40000000 0.40000000 0.40000000
v -0.14244445 -0.17099673 -0.00593157 0.40000000 0.40000000 0.40000000
v -0.13530529 -0.19510514 -0.00590148 0.40000000 0.40000000 0.40000000
v -0.13530529 -0.19510514 -0.00590148 0.40000000 0.40000000 0.40000000
v -0.13680138 -0.19726138 -0.00446855 0.40000000 0.40000000 0.40000000
v -0.14408995 -0.17277993 -0.00448863 0.40000000 0.40000000 0.40000000
v -0.14424083 -0.17284635 -0.00003655 0.40000000 0.40000000 0.40000000
v -0.14408995 -0.17277993 -0.00448863 0.40000000 0.40000000 0.40000000
v -0.13680138 -0.19726138 -0.00446855 0.40000000 0.40000000 0.40000000
v -0.13680138 -0.19726138 -0.00446855 0.40000000 0.40000000 0.40000000
v -0.13689660 -0.19739711 -0.00003154 0.40000000 0.40000000 0.40000000
v -0.14424083 -0.17284635 -0.00003655 0.40000000 0.40000000 0.40000000
v 0.11503115 -0.20590004 0.00961964 0.40000000 0.40000000 0.40000000
v 0.11496377 -0.20572524 0.01899458 0.40000000 0.40000000 0.40000000
v 0.08187783 -0.20603774 0.01900258 0.40000000 0.40000000 0.40000000
v 0.08187783 -0.20603774 0.01900258 0.40000000 0.40000000 0.40000000
v 0.08189492 -0.20619889 0.00961964 0.40000000 0.40000000 0.40000000
v 0.11503115 -0.20590004 0.00961964 0.40000000 0.40000000 0.40000000
v 0.11501552 -0.20582876 -0.00003655 0.40000000 0.40000000 0.40000000
v 0.11503115 -0.20590004 0.00961964 0.40000000 0.40000000 0.40000000
v 0.08189492 -0.20619889 0.00961964 0.40000000 0.40000000 0.40000000
v 0.08189492 -0.20619889 0.00961964 0.40000000 0.40000000 0.40000000
v 0.08189150 -0.20610610 -0.00004411 0.40000000 0.40000000 0.40000000
v 0.11501552 -0.20582876 -0.00003655 0.40000000 0.40000000 0.40000000
v 0.11503115 -0.20590004 0.00961964 0.40000000 0.40000000 0.40000000
v 0.11501552 -0.20582876 -0.00003655 0.40000000 0.40000000 0.40000000
v 0.13682120 -0.19739810 -0.00003154 0.40000000 0.40000000 0.40000000
v 0.13682120 -0.19739810 -0.00003154 0.40000000 0.40000000 0.40000000
v 0.13685293 -0.19744302 0.00961964 0.40000000 0.40000000 0.40000000
v 0.11503115 -0.20590004 0.00961964 0.40000000 0.40000000 0.40000000
v 0.11496377 -0.20572524 0.01899458 0.40000000 0.40000000 0.40000000
v 0.11503115 -0.20590004 0.00961964 0.40000000 0.40000000 0.40000000
v 0.13685293 -0.19744302 0.00961964 0.40000000 0.40000000 0.40000000
v 0.13685293 -0.19744302 0.00961964 0.40000000 0.40000000 0.40000000
v 0.13673818 -0.19727896 0.01898933 0.40000000 0.40000000 0.40000000
v 0.11496377 -0.20572524 0.01899458 0.40000000 0.40000000 0.40000000
v 0.14431240 0.16737925 0.00961964 0.40000000 0.40000000 0.40000000
v 0.14419033 0.16728257 0.01899458 0.40000000 0.40000000 0.40000000
v 0.14440811 0.12106187 0.01900258 0.40000000 0.40000000 0.40000000
v 0.14440811 0.12106187 0.01900258 0.40000000 0.40000000 0.40000000
v 0.14452139 0.12108530 0.00961964 0.40000000 0.40000000 0.40000000
v 0.14431240 0.16737925 0.00961964 0.40000000 0.40000000 0.40000000
v 0.14426211 0.16735679 -0.00003655 0.40000000 0.40000000 0.40000000
v 0.14431240 0.16737925 0.00961964 0.40000000 0.40000000 0.40000000
v 0.14452139 0.12108530 0.00961964 0.40000000 0.40000000 0.40000000
v 0.14452139 0.12108530 0.00961964 0.40000000 0.40000000 0.40000000
v 0.14445692 0.12107944 -0.00004411 0.40000000 0.40000000 0.40000000
v 0.14426211 0.16735679 -0.00003655 0.40000000 0.40000000 0.40000000
v 0.14431240 0.16737925 0.00961964 0.40000000 0.40000000 0.40000000
v 0.14426211 0.16735679 -0.00003655 0.40000000 0.40000000 0.40000000
v 0.13682169 0.19630210 -0.00003154 0.40000000 0.40000000 0.40000000
v 0.13682169 0.19630210 -0.00003154 0.40000000 0.40000000 0.40000000
v 0.13685293 0.19634701 0.00961964 0.40000000 0.40000000 0.40000000
v 0.14431240 0.16737925 0.00961964 0.40000000 0.40000000 0.40000000
v 0.14419033 0.16728257 0.01899458 0.40000000 0.40000000 0.40000000
v 0.14431240 0.16737925 0.00961964 0.40000000 0.40000000 0.40000000
v 0.13685293 0.19634701 0.00961964 0.40000000 0.40000000 0.40000000
v 0.13685293 0.19634701 0.00961964 0.40000000 0.40000000 0.40000000
v 0.13673818 0.19618297 0.01898933 0.40000000 0.40000000 0.40000000
v 0.14419033 0.16728257 0.01899458 0.40000000 0.40000000 0.40000000
v -0.11539756 0.20626792 0.00961964 0.40000000 0.40000000 0.40000000
v -0.11533018 0.20609312 0.01899458 0.40000000 0.40000000 0.40000000
v -0.08370176 0.20640562 0.01900258 0.40000000 0.40000000 0.40000000
v -0.08370176 0.20640562 0.01900258 0.40000000 0.40000000 0.40000000
v -0.08371885 0.20656675 0.00961964 0.40000000 0.40000000 0.40000000
v -0.11539756 0.20626792 0.00961964 0.40000000 0.40000000 0.40000000
v -0.11538194 0.20619664 -0.00003655 0.40000000 0.40000000 0.40000000
v -0.11539756 0.20626792 0.00961964 0.40000000 0.40000000 0.40000000
v -0.08371885 0.20656675 0.00961964 0.40000000 0.40000000 0.40000000
v -0.08371885 0.20656675 0.00961964 0.40000000 0.40000000 0.40000000
v -0.08371446 0.20647398 -0.00004411 0.40000000 0.40000000 0.40000000
v -0.11538194 0.20619664 -0.00003655 0.40000000 0.40000000 0.40000000
v -0.11539756 0.20626792 0.00961964 0.40000000 0.40000000 0.40000000
v -0.11538194 0.20619664 -0.00003655 0.40000000 0.40000000 0.40000000
v -0.13689707 0.19630112 -0.00003154 0.40000000 0.40000000 0.40000000
v -0.13689707 0.19630112 -0.00003154 0.40000000 0.40000000 0.40000000
v -0.13692881 0.19634701 0.00961964 0.40000000 0.40000000 0.40000000
v -0.11539756 0.20626792 0.00961964 0.40000000 0.40000000 0.40000000
v -0.11533018 0.20609312 0.01899458 0.40000000 0.40000000 0.40000000
v -0.11539756 0.20626792 0.00961964 0.40000000 0.40000000 0.40000000
v -0.13692881 0.19634701 0.00961964 0.40000000 0.40000000 0.40000000
v -0.13692881 0.19634701 0.00961964 0.40000000 0.40000000 0.40000000
v -0.13681407 0.19618297 0.01898933 0.40000000 0.40000000 0.40000000
v -0.11533018 0.20609312 0.01899458 0.40000000 0.40000000 0.40000000
v -0.14429112 -0.17286782 0.00961964 0.40000000 0.40000000 0.40000000
v -0.14416905 -0.17277212 0.01899458 0.40000000 0.40000000 0.40000000
v -0.14438681 -0.13215297 0.01900258 0.40000000 0.40000000 0.40000000
v -0.14438681 -0.13215297 0.01900258 0.40000000 0.40000000 0.40000000
v -0.14450011 -0.13217738 0.00961964 0.40000000 0.40000000 0.40000000
v -0.14429112 -0.17286782 0.00961964 0.40000000 0.40000000 0.40000000
v -0.14424083 -0.17284635 -0.00003655 0.40000000 0.40000000 0.40000000
v -0.14429112 -0.17286782 0.00961964 0.40000000 0.40000000 0.40000000
v -0.14450011 -0.13217738 0.00961964 0.40000000 0.40000000 0.40000000
v -0.14450011 -0.13217738 0.00961964 0.40000000 0.40000000 0.40000000
v -0.14443564 -0.13217251 -0.00004411 0.40000000 0.40000000 0.40000000
v -0.14424083 -0.17284635 -0.00003655 0.40000000 0.40000000 0.40000000
v -0.14429112 -0.17286782 0.00961964 0.40000000 0.40000000 0.40000000
v -0.14424083 -0.17284635 -0.00003655 0.40000000 0.40000000 0.40000000
v -0.13689660 -0.19739711 -0.00003154 0.40000000 0.40000000 0.40000000
v -0.13689660 -0.19739711 -0.00003154 0.40000000 0.40000000 0.40000000
v -0.13692881 -0.19744302 0.00961964 0.40000000 0.40000000 0.40000000
v -0.14429112 -0.17286782 0.00961964 0.40000000 0.40000000 0.40000000
v -0.14416905 -0.17277212 0.01899458 0.40000000 0.40000000 0.40000000
v -0.14429112 -0.17286782 0.00961964 0.40000000 0.40000000 0.40000000
v -0.13692881 -0.19744302 0.00961964 0.40000000 0.40000000 0.40000000
v -0.13692881 -0.19744302 0.00961964 0.40000000 0.40000000 0.40000000
v -0.13681456 -0.19727993 0.01898933 0.40000000 0.40000000 0.40000000
v -0.14416905 -0.17277212 0.01899458 0.40000000 0.40000000 0.40000000
v 0.14817080 -0.07822036 0.02175203 0.40000000 0.40000000 0.40000000
v 0.14814736 -0.13689613 0.02173805 0.40000000 0.40000000 0.40000000
v 0.14486367 -0.13323696 0.02278902 0.40000000 0.40000000 0.40000000
v 0.14486367 -0.13323696 0.02278902 0.40000000 0.40000000 0.40000000
v 0.14493740 -0.07608755 0.02280574 0.40000000 0.40000000 0.40000000
v 0.14817080 -0.07822036 0.02175203 0.40000000 0.40000000 0.40000000
v 0.14817080 -0.00966567 0.02175203 0.40000000 0.40000000 0.40000000
v 0.14817080 -0.07822036 0.02175203 0.40000000 0.40000000 0.40000000
v 0.14493740 -0.07608755 0.02280574 0.40000000 0.40000000 0.40000000
v 0.14493740 -0.07608755 0.02280574 0.40000000 0.40000000 0.40000000
v 0.14493740 -0.00939712 0.02280574 0.40000000 0.40000000 0.40000000
v 0.14817080 -0.00966567 0.02175203 0.40000000 0.40000000 0.40000000
v 0.14817080 -0.07822036 0.02175203 0.40000000 0.40000000 0.40000000
v 0.14817080 -0.00966567 0.02175203 0.40000000 0.40000000 0.40000000
v 0.15161416 -0.00993423 0.02064705 0.40000000 0.40000000 0.40000000
v 0.15161416 -0.00993423 0.02064705 0.40000000 0.40000000 0.40000000
v 0.15161416 -0.08035317 0.02064705 0.40000000 0.40000000 0.40000000
v 0.14817080 -0.07822036 0.02175203 0.40000000 0.40000000 0.40000000
v 0.14814736 -0.13689613 0.02173805 0.40000000 0.40000000 0.40000000
v 0.14817080 -0.07822036 0.02175203 0.40000000 0.40000000 0.40000000
v 0.15161416 -0.08035317 0.02064705 0.40000000 0.40000000 0.40000000
v 0.15161416 -0.08035317 0.02064705 0.40000000 0.40000000 0.40000000
v 0.15163857 -0.14058854 0.02063942 0.40000000 0.40000000 0.40000000
v 0.14814736 -0.13689613 0.02173805 0.40000000 0.40000000 0.40000000
v -0.14805578 -0.17832974 0.02169618 0.40000000 0.40000000 0.40000000
v -0.14462119 -0.17375259 0.02273860 0.40000000 0.40000000 0.40000000
v -0.13730967 -0.19800650 0.02270503 0.40000000 0.40000000 0.40000000
v -0.13730967 -0.19800650 0.02270503 0.40000000 0.40000000 0.40000000
v -0.14074621 -0.20297231 0.02166829 0.40000000 0.40000000 0.40000000
v -0.14805578 -0.17832974 0.02169618 0.40000000 0.40000000 0.40000000
v -0.15168858 -0.18304066 0.02061653 0.40000000 0.40000000 0.40000000
v -0.14805578 -0.17832974 0.02169618 0.40000000 0.40000000 0.40000000
v -0.14074621 -0.20297231 0.02166829 0.40000000 0.40000000 0.40000000
v -0.14074621 -0.20297231 0.02166829 0.40000000 0.40000000 0.40000000
v -0.14434922 -0.20817642 0.02060115 0.40000000 0.40000000 0.40000000
v -0.15168858 -0.18304066 0.02061653 0.40000000 0.40000000 0.40000000
v -0.14805578 -0.17832974 0.02169618 0.40000000 0.40000000 0.40000000
v -0.15168858 -0.18304066 0.02061653 0.40000000 0.40000000 0.40000000
v -0.15161631 -0.14058854 0.02063942 0.40000000 0.40000000 0.40000000
v -0.15161631 -0.14058854 0.02063942 0.40000000 0.40000000 0.40000000
v -0.14812608 -0.13689613 0.02173805 0.40000000 0.40000000 0.40000000
v -0.14805578 -0.17832974 0.02169618 0.40000000 0.40000000 0.40000000
v -0.14462119 -0.17375259 0.02273860 0.40000000 0.40000000 0.40000000
v -0.14805578 -0.17832974 0.02169618 0.40000000 0.40000000 0.40000000
v -0.14812608 -0.13689613 0.02173805 0.40000000 0.40000000 0.40000000
v -0.14812608 -0.13689613 0.02173805 0.40000000 0.40000000 0.40000000
v -0.14484239 -0.13323696 0.02278902 0.40000000 0.40000000 0.40000000
v -0.14462119 -0.17375259 0.02273860 0.40000000 0.40000000 0.40000000
v 0.14415224 -0.07537661 0.02264540 0.40000000 0.40000000 0.40000000
v 0.14407021 -0.13208169 0.02263472 0.40000000 0.40000000 0.40000000
v 0.14440858 -0.13215297 0.01900258 0.40000000 0.40000000 0.40000000
v 0.14440858 -0.13215297 0.01900258 0.40000000 0.40000000 0.40000000
v 0.14448135 -0.07537661 0.01900520 0.40000000 0.40000000 0.40000000
v 0.14415224 -0.07537661 0.02264540 0.40000000 0.40000000 0.40000000
v 0.14415224 -0.00930825 0.02264540 0.40000000 0.40000000 0.40000000
v 0.14415224 -0.07537661 0.02264540 0.40000000 0.40000000 0.40000000
v 0.14448135 -0.07537661 0.01900520 0.40000000 0.40000000 0.40000000
v 0.14448135 -0.07537661 0.01900520 0.40000000 0.40000000 0.40000000
v 0.14448085 -0.00930825 0.01900526 0.40000000 0.40000000 0.40000000
v 0.14415224 -0.00930825 0.02264540 0.40000000 0.40000000 0.40000000
v 0.14415224 -0.07537661 0.02264540 0.40000000 0.40000000 0.40000000
v 0.14415224 -0.00930825 0.02264540 0.40000000 0.40000000 0.40000000
v 0.14493740 -0.00939712 0.02280574 0.40000000 0.40000000 0.40000000
v 0.14493740 -0.00939712 0.02280574 0.40000000 0.40000000 0.40000000
v 0.14493740 -0.07608755 0.02280574 0.40000000 0.40000000 0.40000000
v 0.14415224 -0.07537661 0.02264540 0.40000000 0.40000000 0.40000000
v 0.14407021 -0.13208169 0.02263472 0.40000000 0.40000000 0.40000000
v 0.14415224 -0.07537661 0.02264540 0.40000000 0.40000000 0.40000000
v 0.14493740 -0.07608755 0.02280574 0.40000000 0.40000000 0.40000000
v 0.14493740 -0.07608755 0.02280574 0.40000000 0.40000000 0.40000000
v 0.14486367 -0.13323696 0.02278902 0.40000000 0.40000000 0.40000000
v 0.14407021 -0.13208169 0.02263472 0.40000000 0.40000000 0.40000000
v -0.14380234 -0.17248306 0.02260280 0.40000000 0.40000000 0.40000000
v -0.14404893 -0.13208169 0.02263472 0.40000000 0.40000000 0.40000000
v -0.14438681 -0.13215297 0.01900258 0.40000000 0.40000000 0.40000000
v -0.14438681 -0.13215297 0.01900258 0.40000000 0.40000000 0.40000000
v -0.14416905 -0.17277212 0.01899458 0.40000000 0.40000000 0.40000000
v -0.14380234 -0.17248306 0.02260280 0.40000000 0.40000000 0.40000000
v -0.13646933 -0.19678774 0.02258156 0.40000000 0.40000000 0.40000000
v -0.14380234 -0.17248306 0.02260280 0.40000000 0.40000000 0.40000000
v -0.14416905 -0.17277212 0.01899458 0.40000000 0.40000000 0.40000000
v -0.14416905 -0.17277212 0.01899458 0.40000000 0.40000000 0.40000000
v -0.13681456 -0.19727993 0.01898933 0.40000000 0.40000000 0.40000000
v -0.13646933 -0.19678774 0.02258156 0.40000000 0.40000000 0.40000000
v -0.14380234 -0.17248306 0.02260280 0.40000000 0.40000000 0.40000000
v -0.13646933 -0.19678774 0.02258156 0.40000000 0.40000000 0.40000000
v -0.13730967 -0.19800650 0.02270503 0.40000000 0.40000000 0.40000000
v -0.13730967 -0.19800650 0.02270503 0.40000000 0.40000000 0.40000000
v -0.14462119 -0.17375259 0.02273860 0.40000000 0.40000000 0.40000000
v -0.14380234 -0.17248306 0.02260280 0.40000000 0.40000000 0.40000000
v -0.14404893 -0.13208169 0.02263472 0.40000000 0.40000000 0.40000000
v -0.14380234 -0.17248306 0.02260280 0.40000000 0.40000000 0.40000000
v -0.14462119 -0.17375259 0.02273860 0.40000000 0.40000000 0.40000000
v -0.14462119 -0.17375259 0.02273860 0.40000000 0.40000000 0.40000000
v -0.14484239 -0.13323696 0.02278902 0.40000000 0.40000000 0.40000000
v -0.14404893 -0.13208169 0.02263472 0.40000000 0.40000000 0.40000000
v 0.13799208 -0.07253286 -0.00660063 0.40000000 0.40000000 0.40000000
v 0.13797645 -0.12706313 -0.00659056 0.40000000 0.40000000 0.40000000
v 0.12690713 -0.12326040 -0.00673436 0.40000000 0.40000000 0.40000000
v 0.12690713 -0.12326040 -0.00673436 0.40000000 0.40000000 0.40000000
v 0.12691103 -0.07040005 -0.00673686 0.40000000 0.40000000 0.40000000
v 0.13799208 -0.07253286 -0.00660063 0.40000000 0.40000000 0.40000000
v 0.13799208 -0.00895083 -0.00660063 0.40000000 0.40000000 0.40000000
v 0.13799208 -0.07253286 -0.00660063 0.40000000 0.40000000 0.40000000
v 0.12691103 -0.07040005 -0.00673686 0.40000000 0.40000000 0.40000000
v 0.12691103 -0.07040005 -0.00673686 0.40000000 0.40000000 0.40000000
v 0.12691103 -0.00868325 -0.00673686 0.40000000 0.40000000 0.40000000
v 0.13799208 -0.00895083 -0.00660063 0.40000000 0.40000000 0.40000000
v 0.13799208 -0.07253286 -0.00660063 0.40000000 0.40000000 0.40000000
v 0.13799208 -0.00895083 -0.00660063 0.40000000 0.40000000 0.40000000
v 0.14259365 -0.00921938 -0.00599187 0.40000000 0.40000000 0.40000000
v 0.14259365 -0.00921938 -0.00599187 0.40000000 0.40000000 0.40000000
v 0.14259316 -0.07466567 -0.00599187 0.40000000 0.40000000 0.40000000
v 0.13799208 -0.07253286 -0.00660063 0.40000000 0.40000000 0.40000000
v 0.13797645 -0.12706313 -0.00659056 0.40000000 0.40000000 0.40000000
v 0.13799208 -0.07253286 -0.00660063 0.40000000 0.40000000 0.40000000
v 0.14259316 -0.07466567 -0.00599187 0.40000000 0.40000000 0.40000000
v 0.14259316 -0.07466567 -0.00599187 0.40000000 0.40000000 0.40000000
v 0.14256142 -0.13087173 -0.00597679 0.40000000 0.40000000 0.40000000
v 0.13797645 -0.12706313 -0.00659056 0.40000000 0.40000000 0.40000000
v -0.13790879 -0.16582289 -0.00656041 0.40000000 0.40000000 0.40000000
v -0.12696397 -0.16067153 -0.00672673 0.40000000 0.40000000 0.40000000
v -0.12293418 -0.17881703 -0.00667467 0.40000000 0.40000000 0.40000000
v -0.12293418 -0.17881703 -0.00667467 0.40000000 0.40000000 0.40000000
v -0.13107139 -0.18900064 -0.00654033 0.40000000 0.40000000 0.40000000
v -0.13790879 -0.16582289 -0.00656041 0.40000000 0.40000000 0.40000000
v -0.14244445 -0.17099673 -0.00593157 0.40000000 0.40000000 0.40000000
v -0.13790879 -0.16582289 -0.00656041 0.40000000 0.40000000 0.40000000
v -0.13107139 -0.18900064 -0.00654033 0.40000000 0.40000000 0.40000000
v -0.13107139 -0.18900064 -0.00654033 0.40000000 0.40000000 0.40000000
v -0.13530529 -0.19510514 -0.00590148 0.40000000 0.40000000 0.40000000
v -0.14244445 -0.17099673 -0.00593157 0.40000000 0.40000000 0.40000000
v -0.13790879 -0.16582289 -0.00656041 0.40000000 0.40000000 0.40000000
v -0.14244445 -0.17099673 -0.00593157 0.40000000 0.40000000 0.40000000
v -0.14254113 -0.13087173 -0.00597685 0.40000000 0.40000000 0.40000000
v -0.14254113 -0.13087173 -0.00597685 0.40000000 0.40000000 0.40000000
v -0.13795517 -0.12706313 -0.00659056 0.40000000 0.40000000 0.40000000
v -0.13790879 -0.16582289 -0.00656041 0.40000000 0.40000000 0.40000000
v -0.12696397 -0.16067153 -0.00672673 0.40000000 0.40000000 0.40000000
v -0.13790879 -0.16582289 -0.00656041 0.40000000 0.40000000 0.40000000
v -0.13795517 -0.12706313 -0.00659056 0.40000000 0.40000000 0.40000000
v -0.13795517 -0.12706313 -0.00659056 0.40000000 0.40000000 0.40000000
v -0.12697569 -0.12326040 -0.00673436 0.40000000 0.40000000 0.40000000
v -0.12696397 -0.16067153 -0.00672673 0.40000000 0.40000000 0.40000000
v 0.10575136 -0.06968911 -0.00678221 0.40000000 0.40000000 0.40000000
v 0.10575136 -0.12199282 -0.00678221 0.40000000 0.40000000 0.40000000
v 0.07557607 -0.12199282 -0.00678227 0.40000000 0.40000000 0.40000000
v 0.07557607 -0.12199282 -0.00678227 0.40000000 0.40000000 0.40000000
v 0.07557607 -0.06968911 -0.00678221 0.40000000 0.40000000 0.40000000
v 0.10575136 -0.06968911 -0.00678221 0.40000000 0.40000000 0.40000000
v 0.10575136 -0.00859341 -0.00678221 0.40000000 0.40000000 0.40000000
v 0.10575136 -0.06968911 -0.00678221 0.40000000 0.40000000 0.40000000
v 0.07557607 -0.06968911 -0.00678221 0.40000000 0.40000000 0.40000000
v 0.07557607 -0.06968911 -0.00678221 0.40000000 0.40000000 0.40000000
v 0.07557607 -0.00859438 -0.00678227 0.40000000 0.40000000 0.40000000
v 0.10575136 -0.00859341 -0.00678221 0.40000000 0.40000000 0.40000000
v 0.10575136 -0.06968911 -0.00678221 0.40000000 0.40000000 0.40000000
v 0.10575136 -0.00859341 -0.00678221 0.40000000 0.40000000 0.40000000
v 0.12691103 -0.00868325 -0.00673686 0.40000000 0.40000000 0.40000000
v 0.12691103 -0.00868325 -0.00673686 0.40000000 0.40000000 0.40000000
v 0.12691103 -0.07040005 -0.00673686 0.40000000 0.40000000 0.40000000
v 0.10575136 -0.06968911 -0.00678221 0.40000000 0.40000000 0.40000000
v 0.10575136 -0.12199282 -0.00678221 0.40000000 0.40000000 0.40000000
v 0.10575136 -0.06968911 -0.00678221 0.40000000 0.40000000 0.40000000
v 0.12691103 -0.07040005 -0.00673686 0.40000000 0.40000000 0.40000000
v 0.12691103 -0.07040005 -0.00673686 0.40000000 0.40000000 0.40000000
v 0.12690713 -0.12326040 -0.00673436 0.40000000 0.40000000 0.40000000
v 0.10575136 -0.12199282 -0.00678221 0.40000000 0.40000000 0.40000000
v 0.14411123 -0.17277993 -0.00448863 0.40000000 0.40000000 0.40000000
v 0.14426211 -0.13215591 -0.00451879 0.40000000 0.40000000 0.40000000
v 0.14445692 -0.13217251 -0.00004411 0.40000000 0.40000000 0.40000000
v 0.14445692 -0.13217251 -0.00004411 0.40000000 0.40000000 0.40000000
v 0.14426211 -0.17284635 -0.00003655 0.40000000 0.40000000 0.40000000
v 0.14411123 -0.17277993 -0.00448863 0.40000000 0.40000000 0.40000000
v 0.13672549 -0.19726138 -0.00446855 0.40000000 0.40000000 0.40000000
v 0.14411123 -0.17277993 -0.00448863 0.40000000 0.40000000 0.40000000
v 0.14426211 -0.17284635 -0.00003655 0.40000000 0.40000000 0.40000000
v 0.14426211 -0.17284635 -0.00003655 0.40000000 0.40000000 0.40000000
v 0.13682120 -0.19739810 -0.00003154 0.40000000 0.40000000 0.40000000
v 0.13672549 -0.19726138 -0.00446855 0.40000000 0.40000000 0.40000000
v 0.14411123 -0.17277993 -0.00448863 0.40000000 0.40000000 0.40000000
v 0.13672549 -0.19726138 -0.00446855 0.40000000 0.40000000 0.40000000
v 0.13523085 -0.19510610 -0.00590148 0.40000000 0.40000000 0.40000000
v 0.13523085 -0.19510610 -0.00590148 0.40000000 0.40000000 0.40000000
v 0.14246573 -0.17099673 -0.00593157 0.40000000 0.40000000 0.40000000
v 0.14411123 -0.17277993 -0.00448863 0.40000000 0.40000000 0.40000000
v 0.14426211 -0.13215591 -0.00451879 0.40000000 0.40000000 0.40000000
v 0.14411123 -0.17277993 -0.00448863 0.40000000 0.40000000 0.40000000
v 0.14246573 -0.17099673 -0.00593157 0.40000000 0.40000000 0.40000000
v 0.14246573 -0.17099673 -0.00593157 0.40000000 0.40000000 0.40000000
v 0.14256142 -0.13087173 -0.00597679 0.40000000 0.40000000 0.40000000
v 0.14426211 -0.13215591 -0.00451879 0.40000000 0.40000000 0.40000000
v -0.14429112 -0.07537661 -0.00452886 0.40000000 0.40000000 0.40000000
v -0.14424083 -0.13215591 -0.00451879 0.40000000 0.40000000 0.40000000
v -0.14443564 -0.13217251 -0.00004411 0.40000000 0.40000000 0.40000000
v -0.14443564 -0.13217251 -0.00004411 0.40000000 0.40000000 0.40000000
v -0.14450011 -0.07537661 -0.00004668 0.40000000 0.40000000 0.40000000
v -0.14429112 -0.07537661 -0.00452886 0.40000000 0.40000000 0.40000000
v -0.14429112 -0.00930825 -0.00452886 0.40000000 0.40000000 0.40000000
v -0.14429112 -0.07537661 -0.00452886 0.40000000 0.40000000 0.40000000
v -0.14450011 -0.07537661 -0.00004668 0.40000000 0.40000000 0.40000000
v -0.14450011 -0.07537661 -0.00004668 0.40000000 0.40000000 0.40000000
v -0.14450011 -0.00930825 -0.00004662 0.40000000 0.40000000 0.40000000
v -0.14429112 -0.00930825 -0.00452886 0.40000000 0.40000000 0.40000000
v -0.14429112 -0.07537661 -0.00452886 0.40000000 0.40000000 0.40000000
v -0.14429112 -0.00930825 -0.00452886 0.40000000 0.40000000 0.40000000
v -0.14257237 -0.00921938 -0.00599193 0.40000000 0.40000000 0.40000000
v -0.14257237 -0.00921938 -0.00599193 0.40000000 0.40000000 0.40000000
v -0.14257188 -0.07466567 -0.00599187 0.40000000 0.40000000 0.40000000
v -0.14429112 -0.07537661 -0.00452886 0.40000000 0.40000000 0.40000000
v -0.14424083 -0.13215591 -0.00451879 0.40000000 0.40000000 0.40000000
v -0.14429112 -0.07537661 -0.00452886 0.40000000 0.40000000 0.40000000
v -0.14257188 -0.07466567 -0.00599187 0.40000000 0.40000000 0.40000000
v -0.14257188 -0.07466567 -0.00599187 0.40000000 0.40000000 0.40000000
v -0.14254113 -0.13087173 -0.00597685 0.40000000 0.40000000 0.40000000
v -0.14424083 -0.13215591 -0.00451879 0.40000000 0.40000000 0.40000000
v 0.14431240 -0.17286782 0.00961964 0.40000000 0.40000000 0.40000000
v 0.14452139 -0.13217738 0.00961964 0.40000000 0.40000000 0.40000000
v 0.14440858 -0.13215297 0.01900258 0.40000000 0.40000000 0.40000000
v 0.14440858 -0.13215297 0.01900258 0.40000000 0.40000000 0.40000000
v 0.14419033 -0.17277212 0.01899458 0.40000000 0.40000000 0.40000000
v 0.14431240 -0.17286782 0.00961964 0.40000000 0.40000000 0.40000000
v 0.13685293 -0.19744302 0.00961964 0.40000000 0.40000000 0.40000000
v 0.14431240 -0.17286782 0.00961964 0.40000000 0.40000000 0.40000000
v 0.14419033 -0.17277212 0.01899458 0.40000000 0.40000000 0.40000000
v 0.14419033 -0.17277212 0.01899458 0.40000000 0.40000000 0.40000000
v 0.13673818 -0.19727896 0.01898933 0.40000000 0.40000000 0.40000000
v 0.13685293 -0.19744302 0.00961964 0.40000000 0.40000000 0.40000000
v 0.14431240 -0.17286782 0.00961964 0.40000000 0.40000000 0.40000000
v 0.13685293 -0.19744302 0.00961964 0.40000000 0.40000000 0.40000000
v 0.13682120 -0.19739810 -0.00003154 0.40000000 0.40000000 0.40000000
v 0.13682120 -0.19739810 -0.00003154 0.40000000 0.40000000 0.40000000
v 0.14426211 -0.17284635 -0.00003655 0.40000000 0.40000000 0.40000000
v 0.14431240 -0.17286782 0.00961964 0.40000000 0.40000000 0.40000000
v 0.14452139 -0.13217738 0.00961964 0.40000000 0.40000000 0.40000000
v 0.14431240 -0.17286782 0.00961964 0.40000000 0.40000000 0.40000000
v 0.14426211 -0.17284635 -0.00003655 0.40000000 0.40000000 0.40000000
v 0.14426211 -0.17284635 -0.00003655 0.40000000 0.40000000 0.40000000
v 0.14445692 -0.13217251 -0.00004411 0.40000000 0.40000000 0.40000000
v 0.14452139 -0.13217738 0.00961964 0.40000000 0.40000000 0.40000000
v -0.14456993 -0.07537661 0.00961964 0.40000000 0.40000000 0.40000000
v -0.14450011 -0.13217738 0.00961964 0.40000000 0.40000000 0.40000000
v -0.14438681 -0.13215297 0.01900258 0.40000000 0.40000000 0.40000000
v -0.14438681 -0.13215297 0.01900258 0.40000000 0.40000000 0.40000000
v -0.14446007 -0.07537661 0.01900520 0.40000000 0.40000000 0.40000000
v -0.14456993 -0.07537661 0.00961964 0.40000000 0.40000000 0.40000000
v -0.14456993 -0.00930825 0.00961964 0.40000000 0.40000000 0.40000000
v -0.14456993 -0.07537661 0.00961964 0.40000000 0.40000000 0.40000000
v -0.14446007 -0.07537661 0.01900520 0.40000000 0.40000000 0.40000000
v -0.14446007 -0.07537661 0.01900520 0.40000000 0.40000000 0.40000000
v -0.14446007 -0.00930825 0.01900520 0.40000000 0.40000000 0.40000000
v -0.14456993 -0.00930825 0.00961964 0.40000000 0.40000000 0.40000000
v -0.14456993 -0.07537661 0.00961964 0.40000000 0.40000000 0.40000000
v -0.14456993 -0.00930825 0.00961964 0.40000000 0.40000000 0.40000000
v -0.14450011 -0.00930825 -0.00004662 0.40000000 0.40000000 0.40000000
v -0.14450011 -0.00930825 -0.00004662 0.40000000 0.40000000 0.40000000
v -0.14450011 -0.07537661 -0.00004668 0.40000000 0.40000000 0.40000000
v -0.14456993 -0.07537661 0.00961964 0.40000000 0.40000000 0.40000000
v -0.14450011 -0.13217738 0.00961964 0.40000000 0.40000000 0.40000000
v -0.14456993 -0.07537661 0.00961964 0.40000000 0.40000000 0.40000000
v -0.14450011 -0.07537661 -0.00004668 0.40000000 0.40000000 0.40000000
v -0.14450011 -0.07537661 -0.00004668 0.40000000 0.40000000 0.40000000
v -0.14443564 -0.13217251 -0.00004411 0.40000000 0.40000000 0.40000000
v -0.14450011 -0.13217738 0.00961964 0.40000000 0.40000000 0.40000000
v -0.14814952 -0.07822036 0.02175203 0.40000000 0.40000000 0.40000000
v -0.14491612 -0.07608755 0.02280574 0.40000000 0.40000000 0.40000000
v -0.14484239 -0.13323696 0.02278902 0.40000000 0.40000000 0.40000000
v -0.14484239 -0.13323696 0.02278902 0.40000000 0.40000000 0.40000000
v -0.14812608 -0.13689613 0.02173805 0.40000000 0.40000000 0.40000000
v -0.14814952 -0.07822036 0.02175203 0.40000000 0.40000000 0.40000000
v -0.15159288 -0.08035317 0.02064705 0.40000000 0.40000000 0.40000000
v -0.14814952 -0.07822036 0.02175203 0.40000000 0.40000000 0.40000000
v -0.14812608 -0.13689613 0.02173805 0.40000000 0.40000000 0.40000000
v -0.14812608 -0.13689613 0.02173805 0.40000000 0.40000000 0.40000000
v -0.15161631 -0.14058854 0.02063942 0.40000000 0.40000000 0.40000000
v -0.15159288 -0.08035317 0.02064705 0.40000000 0.40000000 0.40000000
v -0.14814952 -0.07822036 0.02175203 0.40000000 0.40000000 0.40000000
v -0.15159288 -0.08035317 0.02064705 0.40000000 0.40000000 0.40000000
v -0.15159239 -0.00993423 0.02064705 0.40000000 0.40000000 0.40000000
v -0.15159239 -0.00993423 0.02064705 0.40000000 0.40000000 0.40000000
v -0.14814952 -0.00966567 0.02175203 0.40000000 0.40000000 0.40000000
v -0.14814952 -0.07822036 0.02175203 0.40000000 0.40000000 0.40000000
v -0.14491612 -0.07608755 0.02280574 0.40000000 0.40000000 0.40000000
v -0.14814952 -0.07822036 0.02175203 0.40000000 0.40000000 0.40000000
v -0.14814952 -0.00966567 0.02175203 0.40000000 0.40000000 0.40000000
v -0.14814952 -0.00966567 0.02175203 0.40000000 0.40000000 0.40000000
v -0.14491563 -0.00939712 0.02280574 0.40000000 0.40000000 0.40000000
v -0.14491612 -0.07608755 0.02280574 0.40000000 0.40000000 0.40000000
v -0.14413096 -0.07537661 0.02264540 0.40000000 0.40000000 0.40000000
v -0.14413096 -0.00930825 0.02264540 0.40000000 0.40000000 0.40000000
v -0.14446007 -0.00930825 0.01900520 0.40000000 0.40000000 0.40000000
v -0.14446007 -0.00930825 0.01900520 0.40000000 0.40000000 0.40000000
v -0.14446007 -0.07537661 0.01900520 0.40000000 0.40000000 0.40000000
v -0.14413096 -0.07537661 0.02264540 0.40000000 0.40000000 0.40000000
v -0.14404893 -0.13208169 0.02263472 0.40000000 0.40000000 0.40000000
v -0.14413096 -0.07537661 0.02264540 0.40000000 0.40000000 0.40000000
v -0.14446007 -0.07537661 0.01900520 0.40000000 0.40000000 0.40000000
v -0.14446007 -0.07537661 0.01900520 0.40000000 0.40000000 0.40000000
v -0.14438681 -0.13215297 0.01900258 0.40000000 0.40000000 0.40000000
v -0.14404893 -0.13208169 0.02263472 0.40000000 0.40000000 0.40000000
v -0.14413096 -0.07537661 0.02264540 0.40000000 0.40000000 0.40000000
v -0.14404893 -0.13208169 0.02263472 0.40000000 0.40000000 0.40000000
v -0.14484239 -0.13323696 0.02278902 0.40000000 0.40000000 0.40000000
v -0.14484239 -0.13323696 0.02278902 0.40000000 0.40000000 0.40000000
v -0.14491612 -0.07608755 0.02280574 0.40000000 0.40000000 0.40000000
v -0.14413096 -0.07537661 0.02264540 0.40000000 0.40000000 0.40000000
v -0.14413096 -0.00930825 0.02264540 0.40000000 0.40000000 0.40000000
v -0.14413096 -0.07537661 0.02264540 0.40000000 0.40000000 0.40000000
v -0.14491612 -0.07608755 0.02280574 0.40000000 0.40000000 0.40000000
v -0.14491612 -0.07608755 0.02280574 0.40000000 0.40000000 0.40000000
v -0.14491563 -0.00939712 0.02280574 0.40000000 0.40000000 0.40000000
v -0.14413096 -0.00930825 0.02264540 0.40000000 0.40000000 0.40000000
v -0.13797081 -0.07253286 -0.00660063 0.40000000 0.40000000 0.40000000
v -0.12697911 -0.07040005 -0.00673686 0.40000000 0.40000000 0.40000000
v -0.12697569 -0.12326040 -0.00673436 0.40000000 0.40000000 0.40000000
v -0.12697569 -0.12326040 -0.00673436 0.40000000 0.40000000 0.40000000
v -0.13795517 -0.12706313 -0.00659056 0.40000000 0.40000000 0.40000000
v -0.13797081 -0.07253286 -0.00660063 0.40000000 0.40000000 0.40000000
v -0.14257188 -0.07466567 -0.00599187 0.40000000 0.40000000 0.40000000
v -0.13797081 -0.07253286 -0.00660063 0.40000000 0.40000000 0.40000000
v -0.13795517 -0.12706313 -0.00659056 0.40000000 0.40000000 0.40000000
v -0.13795517 -0.12706313 -0.00659056 0.40000000 0.40000000 0.40000000
v -0.14254113 -0.13087173 -0.00597685 0.40000000 0.40000000 0.40000000
v -0.14257188 -0.07466567 -0.00599187 0.40000000 0.40000000 0.40000000
v -0.13797081 -0.07253286 -0.00660063 0.40000000 0.40000000 0.40000000
v -0.14257188 -0.07466567 -0.00599187 0.40000000 0.40000000 0.40000000
v -0.14257237 -0.00921938 -0.00599193 0.40000000 0.40000000 0.40000000
v -0.14257237 -0.00921938 -0.00599193 0.40000000 0.40000000 0.40000000
v -0.13797081 -0.00895083 -0.00660063 0.40000000 0.40000000 0.40000000
v -0.13797081 -0.07253286 -0.00660063 0.40000000 0.40000000 0.40000000
v -0.12697911 -0.07040005 -0.00673686 0.40000000 0.40000000 0.40000000
v -0.13797081 -0.07253286 -0.00660063 0.40000000 0.40000000 0.40000000
v -0.13797081 -0.00895083 -0.00660063 0.40000000 0.40000000 0.40000000
v -0.13797081 -0.00895083 -0.00660063 0.40000000 0.40000000 0.40000000
v -0.12697959 -0.00868325 -0.00673686 0.40000000 0.40000000 0.40000000
v -0.12697911 -0.07040005 -0.00673686 0.40000000 0.40000000 0.40000000
v 0.14431240 -0.07537661 -0.00452886 0.40000000 0.40000000 0.40000000
v 0.14431240 -0.00930825 -0.00452886 0.40000000 0.40000000 0.40000000
v 0.14452139 -0.00930825 -0.00004662 0.40000000 0.40000000 0.40000000
v 0.14452139 -0.00930825 -0.00004662 0.40000000 0.40000000 0.40000000
v 0.14452139 -0.07537661 -0.00004668 0.40000000 0.40000000 0.40000000
v 0.14431240 -0.07537661 -0.00452886 0.40000000 0.40000000 0.40000000
v 0.14426211 -0.13215591 -0.00451879 0.40000000 0.40000000 0.40000000
v 0.14431240 -0.07537661 -0.00452886 0.40000000 0.40000000 0.40000000
v 0.14452139 -0.07537661 -0.00004668 0.40000000 0.40000000 0.40000000
v 0.14452139 -0.07537661 -0.00004668 0.40000000 0.40000000 0.40000000
v 0.14445692 -0.13217251 -0.00004411 0.40000000 0.40000000 0.40000000
v 0.14426211 -0.13215591 -0.00451879 0.40000000 0.40000000 0.40000000
v 0.14431240 -0.07537661 -0.00452886 0.40000000 0.40000000 0.40000000
v 0.14426211 -0.13215591 -0.00451879 0.40000000 0.40000000 0.40000000
v 0.14256142 -0.13087173 -0.00597679 0.40000000 0.40000000 0.40000000
v 0.14256142 -0.13087173 -0.00597679 0.40000000 0.40000000 0.40000000
v 0.14259316 -0.07466567 -0.00599187 0.40000000 0.40000000 0.40000000
v 0.14431240 -0.07537661 -0.00452886 0.40000000 0.40000000 0.40000000
v 0.14431240 -0.00930825 -0.00452886 0.40000000 0.40000000 0.40000000
v 0.14431240 -0.07537661 -0.00452886 0.40000000 0.40000000 0.40000000
v 0.14259316 -0.07466567 -0.00599187 0.40000000 0.40000000 0.40000000
v 0.14259316 -0.07466567 -0.00599187 0.40000000 0.40000000 0.40000000
v 0.14259365 -0.00921938 -0.00599187 0.40000000 0.40000000 0.40000000
v 0.14431240 -0.00930825 -0.00452886 0.40000000 0.40000000 0.40000000
v 0.14459121 -0.07537661 0.00961964 0.40000000 0.40000000 0.40000000
v 0.14459121 -0.00930825 0.00961964 0.40000000 0.40000000 0.40000000
v 0.14448085 -0.00930825 0.01900526 0.40000000 0.40000000 0.40000000
v 0.14448085 -0.00930825 0.01900526 0.40000000 0.40000000 0.40000000
v 0.14448135 -0.07537661 0.01900520 0.40000000 0.40000000 0.40000000
v 0.14459121 -0.07537661 0.00961964 0.40000000 0.40000000 0.40000000
v 0.14452139 -0.13217738 0.00961964 0.40000000 0.40000000 0.40000000
v 0.14459121 -0.07537661 0.00961964 0.40000000 0.40000000 0.40000000
v 0.14448135 -0.07537661 0.01900520 0.40000000 0.40000000 0.40000000
v 0.14448135 -0.07537661 0.01900520 0.40000000 0.40000000 0.40000000
v 0.14440858 -0.13215297 0.01900258 0.40000000 0.40000000 0.40000000
v 0.14452139 -0.13217738 0.00961964 0.40000000 0.40000000 0.40000000
v 0.14459121 -0.07537661 0.00961964 0.40000000 0.40000000 0.40000000
v 0.14452139 -0.13217738 0.00961964 0.40000000 0.40000000 0.40000000
v 0.14445692 -0.13217251 -0.00004411 0.40000000 0.40000000 0.40000000
v 0.14445692 -0.13217251 -0.00004411 0.40000000 0.40000000 0.40000000
v 0.14452139 -0.07537661 -0.00004668 0.40000000 0.40000000 0.40000000
v 0.14459121 -0.07537661 0.00961964 0.40000000 0.40000000 0.40000000
v 0.14459121 -0.00930825 0.00961964 0.40000000 0.40000000 0.40000000
v 0.14459121 -0.07537661 0.00961964 0.40000000 0.40000000 0.40000000
v 0.14452139 -0.07537661 -0.00004668 0.40000000 0.40000000 0.40000000
v 0.14452139 -0.07537661 -0.00004668 0.40000000 0.40000000 0.40000000
v 0.14452139 -0.00930825 -0.00004662 0.40000000 0.40000000 0.40000000
v 0.14459121 -0.00930825 0.00961964 0.40000000 0.40000000 0.40000000
v 0.14817080 0.06140464 0.02175203 0.40000000 0.40000000 0.40000000
v 0.14493740 0.05973960 0.02280574 0.40000000 0.40000000 0.40000000
v 0.14486367 0.12203647 0.02278895 0.40000000 0.40000000 0.40000000
v 0.14486367 0.12203647 0.02278895 0.40000000 0.40000000 0.40000000
v 0.14814736 0.12537241 0.02173805 0.40000000 0.40000000 0.40000000
v 0.14817080 0.06140464 0.02175203 0.40000000 0.40000000 0.40000000
v 0.15161416 0.06306968 0.02064705 0.40000000 0.40000000 0.40000000
v 0.14817080 0.06140464 0.02175203 0.40000000 0.40000000 0.40000000
v 0.14814736 0.12537241 0.02173805 0.40000000 0.40000000 0.40000000
v 0.14814736 0.12537241 0.02173805 0.40000000 0.40000000 0.40000000
v 0.15163857 0.12874155 0.02063942 0.40000000 0.40000000 0.40000000
v 0.15161416 0.06306968 0.02064705 0.40000000 0.40000000 0.40000000
v 0.14817080 0.06140464 0.02175203 0.40000000 0.40000000 0.40000000
v 0.15161416 0.06306968 0.02064705 0.40000000 0.40000000 0.40000000
v 0.15161416 -0.00993423 0.02064705 0.40000000 0.40000000 0.40000000
v 0.15161416 -0.00993423 0.02064705 0.40000000 0.40000000 0.40000000
v 0.14817080 -0.00966567 0.02175203 0.40000000 0.40000000 0.40000000
v 0.14817080 0.06140464 0.02175203 0.40000000 0.40000000 0.40000000
v 0.14493740 0.05973960 0.02280574 0.40000000 0.40000000 0.40000000
v 0.14817080 0.06140464 0.02175203 0.40000000 0.40000000 0.40000000
v 0.14817080 -0.00966567 0.02175203 0.40000000 0.40000000 0.40000000
v 0.14817080 -0.00966567 0.02175203 0.40000000 0.40000000 0.40000000
v 0.14493740 -0.00939712 0.02280574 0.40000000 0.40000000 0.40000000
v 0.14493740 0.05973960 0.02280574 0.40000000 0.40000000 0.40000000
v 0.14415224 0.05918394 0.02264540 0.40000000 0.40000000 0.40000000
v 0.14415224 -0.00930825 0.02264540 0.40000000 0.40000000 0.40000000
v 0.14448085 -0.00930825 0.01900526 0.40000000 0.40000000 0.40000000
v 0.14448085 -0.00930825 0.01900526 0.40000000 0.40000000 0.40000000
v 0.14448135 0.05918394 0.01900520 0.40000000 0.40000000 0.40000000
v 0.14415224 0.05918394 0.02264540 0.40000000 0.40000000 0.40000000
v 0.14407021 0.12098862 0.02263472 0.40000000 0.40000000 0.40000000
v 0.14415224 0.05918394 0.02264540 0.40000000 0.40000000 0.40000000
v 0.14448135 0.05918394 0.01900520 0.40000000 0.40000000 0.40000000
v 0.14448135 0.05918394 0.01900520 0.40000000 0.40000000 0.40000000
v 0.14440811 0.12106187 0.01900258 0.40000000 0.40000000 0.40000000
v 0.14407021 0.12098862 0.02263472 0.40000000 0.40000000 0.40000000
v 0.14415224 0.05918394 0.02264540 0.40000000 0.40000000 0.40000000
v 0.14407021 0.12098862 0.02263472 0.40000000 0.40000000 0.40000000
v 0.14486367 0.12203647 0.02278895 0.40000000 0.40000000 0.40000000
v 0.14486367 0.12203647 0.02278895 0.40000000 0.40000000 0.40000000
v 0.14493740 0.05973960 0.02280574 0.40000000 0.40000000 0.40000000
v 0.14415224 0.05918394 0.02264540 0.40000000 0.40000000 0.40000000
v 0.14415224 -0.00930825 0.02264540 0.40000000 0.40000000 0.40000000
v 0.14415224 0.05918394 0.02264540 0.40000000 0.40000000 0.40000000
v 0.14493740 0.05973960 0.02280574 0.40000000 0.40000000 0.40000000
v 0.14493740 0.05973960 0.02280574 0.40000000 0.40000000 0.40000000
v 0.14493740 -0.00939712 0.02280574 0.40000000 0.40000000 0.40000000
v 0.14415224 -0.00930825 0.02264540 0.40000000 0.40000000 0.40000000
v 0.13799208 0.05696323 -0.00660063 0.40000000 0.40000000 0.40000000
v 0.12691103 0.05529819 -0.00673686 0.40000000 0.40000000 0.40000000
v 0.12690713 0.11292222 -0.00673436 0.40000000 0.40000000 0.40000000
v 0.12690713 0.11292222 -0.00673436 0.40000000 0.40000000 0.40000000
v 0.13797645 0.11640171 -0.00659056 0.40000000 0.40000000 0.40000000
v 0.13799208 0.05696323 -0.00660063 0.40000000 0.40000000 0.40000000
v 0.14259316 0.05862827 -0.00599187 0.40000000 0.40000000 0.40000000
v 0.13799208 0.05696323 -0.00660063 0.40000000 0.40000000 0.40000000
v 0.13797645 0.11640171 -0.00659056 0.40000000 0.40000000 0.40000000
v 0.13797645 0.11640171 -0.00659056 0.40000000 0.40000000 0.40000000
v 0.14256191 0.11988608 -0.00597685 0.40000000 0.40000000 0.40000000
v 0.14259316 0.05862827 -0.00599187 0.40000000 0.40000000 0.40000000
v 0.13799208 0.05696323 -0.00660063 0.40000000 0.40000000 0.40000000
v 0.14259316 0.05862827 -0.00599187 0.40000000 0.40000000 0.40000000
v 0.14259365 -0.00921938 -0.00599187 0.40000000 0.40000000 0.40000000
v 0.14259365 -0.00921938 -0.00599187 0.40000000 0.40000000 0.40000000
v 0.13799208 -0.00895083 -0.00660063 0.40000000 0.40000000 0.40000000
v 0.13799208 0.05696323 -0.00660063 0.40000000 0.40000000 0.40000000
v 0.12691103 0.05529819 -0.00673686 0.40000000 0.40000000 0.40000000
v 0.13799208 0.05696323 -0.00660063 0.40000000 0.40000000 0.40000000
v 0.13799208 -0.00895083 -0.00660063 0.40000000 0.40000000 0.40000000
v 0.13799208 -0.00895083 -0.00660063 0.40000000 0.40000000 0.40000000
v 0.12691103 -0.00868325 -0.00673686 0.40000000 0.40000000 0.40000000
v 0.12691103 0.05529819 -0.00673686 0.40000000 0.40000000 0.40000000
v 0.10575136 0.05474351 -0.00678221 0.40000000 0.40000000 0.40000000
v 0.10575136 -0.00859341 -0.00678221 0.40000000 0.40000000 0.40000000
v 0.07557607 -0.00859438 -0.00678227 0.40000000 0.40000000 0.40000000
v 0.07557607 -0.00859438 -0.00678227 0.40000000 0.40000000 0.40000000
v 0.07557607 0.05474351 -0.00678221 0.40000000 0.40000000 0.40000000
v 0.10575136 0.05474351 -0.00678221 0.40000000 0.40000000 0.40000000
v 0.10575136 0.11176304 -0.00678221 0.40000000 0.40000000 0.40000000
v 0.10575136 0.05474351 -0.00678221 0.40000000 0.40000000 0.40000000
v 0.07557607 0.05474351 -0.00678221 0.40000000 0.40000000 0.40000000
v 0.07557607 0.05474351 -0.00678221 0.40000000 0.40000000 0.40000000
v 0.07557607 0.11176304 -0.00678227 0.40000000 0.40000000 0.40000000
v 0.10575136 0.11176304 -0.00678221 0.40000000 0.40000000 0.40000000
v 0.10575136 0.05474351 -0.00678221 0.40000000 0.40000000 0.40000000
v 0.10575136 0.11176304 -0.00678221 0.40000000 0.40000000 0.40000000
v 0.12690713 0.11292222 -0.00673436 0.40000000 0.40000000 0.40000000
v 0.12690713 0.11292222 -0.00673436 0.40000000 0.40000000 0.40000000
v 0.12691103 0.05529819 -0.00673686 0.40000000 0.40000000 0.40000000
v 0.10575136 0.05474351 -0.00678221 0.40000000 0.40000000 0.40000000
v 0.10575136 -0.00859341 -0.00678221 0.40000000 0.40000000 0.40000000
v 0.10575136 0.05474351 -0.00678221 0.40000000 0.40000000 0.40000000
v 0.12691103 0.05529819 -0.00673686 0.40000000 0.40000000 0.40000000
v 0.12691103 0.05529819 -0.00673686 0.40000000 0.40000000 0.40000000
v 0.12691103 -0.00868325 -0.00673686 0.40000000 0.40000000 0.40000000
v 0.10575136 -0.00859341 -0.00678221 0.40000000 0.40000000 0.40000000
v -0.14429112 0.05918394 -0.00452886 0.40000000 0.40000000 0.40000000
v -0.14429112 -0.00930825 -0.00452886 0.40000000 0.40000000 0.40000000
v -0.14450011 -0.00930825 -0.00004662 0.40000000 0.40000000 0.40000000
v -0.14450011 -0.00930825 -0.00004662 0.40000000 0.40000000 0.40000000
v -0.14450011 0.05918394 -0.00004668 0.40000000 0.40000000 0.40000000
v -0.14429112 0.05918394 -0.00452886 0.40000000 0.40000000 0.40000000
v -0.14424083 0.12106284 -0.00451879 0.40000000 0.40000000 0.40000000
v -0.14429112 0.05918394 -0.00452886 0.40000000 0.40000000 0.40000000
v -0.14450011 0.05918394 -0.00004668 0.40000000 0.40000000 0.40000000
v -0.14450011 0.05918394 -0.00004668 0.40000000 0.40000000 0.40000000
v -0.14443564 0.12107944 -0.00004411 0.40000000 0.40000000 0.40000000
v -0.14424083 0.12106284 -0.00451879 0.40000000 0.40000000 0.40000000
v -0.14429112 0.05918394 -0.00452886 0.40000000 0.40000000 0.40000000
v -0.14424083 0.12106284 -0.00451879 0.40000000 0.40000000 0.40000000
v -0.14254063 0.11988608 -0.00597679 0.40000000 0.40000000 0.40000000
v -0.14254063 0.11988608 -0.00597679 0.40000000 0.40000000 0.40000000
v -0.14257188 0.05862827 -0.00599187 0.40000000 0.40000000 0.40000000
v -0.14429112 0.05918394 -0.00452886 0.40000000 0.40000000 0.40000000
v -0.14429112 -0.00930825 -0.00452886 0.40000000 0.40000000 0.40000000
v -0.14429112 0.05918394 -0.00452886 0.40000000 0.40000000 0.40000000
v -0.14257188 0.05862827 -0.00599187 0.40000000 0.40000000 0.40000000
v -0.14257188 0.05862827 -0.00599187 0.40000000 0.40000000 0.40000000
v -0.14257237 -0.00921938 -0.00599193 0.40000000 0.40000000 0.40000000
v -0.14429112 -0.00930825 -0.00452886 0.40000000 0.40000000 0.40000000
v -0.14456993 0.05918394 0.00961964 0.40000000 0.40000000 0.40000000
v -0.14456993 -0.00930825 0.00961964 0.40000000 0.40000000 0.40000000
v -0.14446007 -0.00930825 0.01900520 0.40000000 0.40000000 0.40000000
v -0.14446007 -0.00930825 0.01900520 0.40000000 0.40000000 0.40000000
v -0.14446007 0.05918394 0.01900520 0.40000000 0.40000000 0.40000000
v -0.14456993 0.05918394 0.00961964 0.40000000 0.40000000 0.40000000
v -0.14450011 0.12108530 0.00961964 0.40000000 0.40000000 0.40000000
v -0.14456993 0.05918394 0.00961964 0.40000000 0.40000000 0.40000000
v -0.14446007 0.05918394 0.01900520 0.40000000 0.40000000 0.40000000
v -0.14446007 0.05918394 0.01900520 0.40000000 0.40000000 0.40000000
v -0.14438780 0.12106089 0.01900258 0.40000000 0.40000000 0.40000000
v -0.14450011 0.12108530 0.00961964 0.40000000 0.40000000 0.40000000
v -0.14456993 0.05918394 0.00961964 0.40000000 0.40000000 0.40000000
v -0.14450011 0.12108530 0.00961964 0.40000000 0.40000000 0.40000000
v -0.14443564 0.12107944 -0.00004411 0.40000000 0.40000000 0.40000000
v -0.14443564 0.12107944 -0.00004411 0.40000000 0.40000000 0.40000000
v -0.14450011 0.05918394 -0.00004668 0.40000000 0.40000000 0.40000000
v -0.14456993 0.05918394 0.00961964 0.40000000 0.40000000 0.40000000
v -0.14456993 -0.00930825 0.00961964 0.40000000 0.40000000 0.40000000
v -0.14456993 0.05918394 0.00961964 0.40000000 0.40000000 0.40000000
v -0.14450011 0.05918394 -0.00004668 0.40000000 0.40000000 0.40000000
v -0.14450011 0.05918394 -0.00004668 0.40000000 0.40000000 0.40000000
v -0.14450011 -0.00930825 -0.00004662 0.40000000 0.40000000 0.40000000
v -0.14456993 -0.00930825 0.00961964 0.40000000 0.40000000 0.40000000
v -0.14814952 0.06140464 0.02175203 0.40000000 0.40000000 0.40000000
v -0.14812608 0.12537241 0.02173805 0.40000000 0.40000000 0.40000000
v -0.14484239 0.12203647 0.02278902 0.40000000 0.40000000 0.40000000
v -0.14484239 0.12203647 0.02278902 0.40000000 0.40000000 0.40000000
v -0.14491612 0.05973960 0.02280574 0.40000000 0.40000000 0.40000000
v -0.14814952 0.06140464 0.02175203 0.40000000 0.40000000 0.40000000
v -0.14814952 -0.00966567 0.02175203 0.40000000 0.40000000 0.40000000
v -0.14814952 0.06140464 0.02175203 0.40000000 0.40000000 0.40000000
v -0.14491612 0.05973960 0.02280574 0.40000000 0.40000000 0.40000000
v -0.14491612 0.05973960 0.02280574 0.40000000 0.40000000 0.40000000
v -0.14491563 -0.00939712 0.02280574 0.40000000 0.40000000 0.40000000
v -0.14814952 -0.00966567 0.02175203 0.40000000 0.40000000 0.40000000
v -0.14814952 0.06140464 0.02175203 0.40000000 0.40000000 0.40000000
v -0.14814952 -0.00966567 0.02175203 0.40000000 0.40000000 0.40000000
v -0.15159239 -0.00993423 0.02064705 0.40000000 0.40000000 0.40000000
v -0.15159239 -0.00993423 0.02064705 0.40000000 0.40000000 0.40000000
v -0.15159288 0.06306968 0.02064705 0.40000000 0.40000000 0.40000000
v -0.14814952 0.06140464 0.02175203 0.40000000 0.40000000 0.40000000
v -0.14812608 0.12537241 0.02173805 0.40000000 0.40000000 0.40000000
v -0.14814952 0.06140464 0.02175203 0.40000000 0.40000000 0.40000000
v -0.15159288 0.06306968 0.02064705 0.40000000 0.40000000 0.40000000
v -0.15159288 0.06306968 0.02064705 0.40000000 0.40000000 0.40000000
v -0.15161631 0.12874155 0.02063942 0.40000000 0.40000000 0.40000000
v -0.14812608 0.12537241 0.02173805 0.40000000 0.40000000 0.40000000
v -0.14413096 0.05918394 0.02264540 0.40000000 0.40000000 0.40000000
v -0.14404893 0.12098862 0.02263472 0.40000000 0.40000000 0.40000000
v -0.14438780 0.12106089 0.01900258 0.40000000 0.40000000 0.40000000
v -0.14438780 0.12106089 0.01900258 0.40000000 0.40000000 0.40000000
v -0.14446007 0.05918394 0.01900520 0.40000000 0.40000000 0.40000000
v -0.14413096 0.05918394 0.02264540 0.40000000 0.40000000 0.40000000
v -0.14413096 -0.00930825 0.02264540 0.40000000 0.40000000 0.40000000
v -0.14413096 0.05918394 0.02264540 0.40000000 0.40000000 0.40000000
v -0.14446007 0.05918394 0.01900520 0.40000000 0.40000000 0.40000000
v -0.14446007 0.05918394 0.01900520 0.40000000 0.40000000 0.40000000
v -0.14446007 -0.00930825 0.01900520 0.40000000 0.40000000 0.40000000
v -0.14413096 -0.00930825 0.02264540 0.40000000 0.40000000 0.40000000
v -0.14413096 0.05918394 0.02264540 0.40000000 0.40000000 0.40000000
v -0.14413096 -0.00930825 0.02264540 0.40000000 0.40000000 0.40000000
v -0.14491563 -0.00939712 0.02280574 0.40000000 0.40000000 0.40000000
v -0.14491563 -0.00939712 0.02280574 0.40000000 0.40000000 0.40000000
v -0.14491612 0.05973960 0.02280574 0.40000000 0.40000000 0.40000000
v -0.14413096 0.05918394 0.02264540 0.40000000 0.40000000 0.40000000
v -0.14404893 0.12098862 0.02263472 0.40000000 0.40000000 0.40000000
v -0.14413096 0.05918394 0.02264540 0.40000000 0.40000000 0.40000000
v -0.14491612 0.05973960 0.02280574 0.40000000 0.40000000 0.40000000
v -0.14491612 0.05973960 0.02280574 0.40000000 0.40000000 0.40000000
v -0.14484239 0.12203647 0.02278902 0.40000000 0.40000000 0.40000000
v -0.14404893 0.12098862 0.02263472 0.40000000 0.40000000 0.40000000
v -0.13797081 0.05696421 -0.00660063 0.40000000 0.40000000 0.40000000
v -0.13795517 0.11640171 -0.00659056 0.40000000 0.40000000 0.40000000
v -0.12697569 0.11292222 -0.00673436 0.40000000 0.40000000 0.40000000
v -0.12697569 0.11292222 -0.00673436 0.40000000 0.40000000 0.40000000
v -0.12697911 0.05529819 -0.00673686 0.40000000 0.40000000 0.40000000
v -0.13797081 0.05696421 -0.00660063 0.40000000 0.40000000 0.40000000
v -0.13797081 -0.00895083 -0.00660063 0.40000000 0.40000000 0.40000000
v -0.13797081 0.05696421 -0.00660063 0.40000000 0.40000000 0.40000000
v -0.12697911 0.05529819 -0.00673686 0.40000000 0.40000000 0.40000000
v -0.12697911 0.05529819 -0.00673686 0.40000000 0.40000000 0.40000000
v -0.12697959 -0.00868325 -0.00673686 0.40000000 0.40000000 0.40000000
v -0.13797081 -0.00895083 -0.00660063 0.40000000 0.40000000 0.40000000
v -0.13797081 0.05696421 -0.00660063 0.40000000 0.40000000 0.40000000
v -0.13797081 -0.00895083 -0.00660063 0.40000000 0.40000000 0.40000000
v -0.14257237 -0.00921938 -0.00599193 0.40000000 0.40000000 0.40000000
v -0.14257237 -0.00921938 -0.00599193 0.40000000 0.40000000 0.40000000
v -0.14257188 0.05862827 -0.00599187 0.40000000 0.40000000 0.40000000
v -0.13797081 0.05696421 -0.00660063 0.40000000 0.40000000 0.40000000
v -0.13795517 0.11640171 -0.00659056 0.40000000 0.40000000 0.40000000
v -0.13797081 0.05696421 -0.00660063 0.40000000 0.40000000 0.40000000
v -0.14257188 0.05862827 -0.00599187 0.40000000 0.40000000 0.40000000
v -0.14257188 0.05862827 -0.00599187 0.40000000 0.40000000 0.40000000
v -0.14254063 0.11988608 -0.00597679 0.40000000 0.40000000 0.40000000
v -0.13795517 0.11640171 -0.00659056 0.40000000 0.40000000 0.40000000
v 0.14431240 0.05918394 -0.00452886 0.40000000 0.40000000 0.40000000
v 0.14426211 0.12106284 -0.00451879 0.40000000 0.40000000 0.40000000
v 0.14445692 0.12107944 -0.00004411 0.40000000 0.40000000 0.40000000
v 0.14445692 0.12107944 -0.00004411 0.40000000 0.40000000 0.40000000
v 0.14452139 0.05918394 -0.00004668 0.40000000 0.40000000 0.40000000
v 0.14431240 0.05918394 -0.00452886 0.40000000 0.40000000 0.40000000
v 0.14431240 -0.00930825 -0.00452886 0.40000000 0.40000000 0.40000000
v 0.14431240 0.05918394 -0.00452886 0.40000000 0.40000000 0.40000000
v 0.14452139 0.05918394 -0.00004668 0.40000000 0.40000000 0.40000000
v 0.14452139 0.05918394 -0.00004668 0.40000000 0.40000000 0.40000000
v 0.14452139 -0.00930825 -0.00004662 0.40000000 0.40000000 0.40000000
v 0.14431240 -0.00930825 -0.00452886 0.40000000 0.40000000 0.40000000
v 0.14431240 0.05918394 -0.00452886 0.40000000 0.40000000 0.40000000
v 0.14431240 -0.00930825 -0.00452886 0.40000000 0.40000000 0.40000000
v 0.14259365 -0.00921938 -0.00599187 0.40000000 0.40000000 0.40000000
v 0.14259365 -0.00921938 -0.00599187 0.40000000 0.40000000 0.40000000
v 0.14259316 0.05862827 -0.00599187 0.40000000 0.40000000 0.40000000
v 0.14431240 0.05918394 -0.00452886 0.40000000 0.40000000 0.40000000
v 0.14426211 0.12106284 -0.00451879 0.40000000 0.40000000 0.40000000
v 0.14431240 0.05918394 -0.00452886 0.40000000 0.40000000 0.40000000
v 0.14259316 0.05862827 -0.00599187 0.40000000 0.40000000 0.40000000
v 0.14259316 0.05862827 -0.00599187 0.40000000 0.40000000 0.40000000
v 0.14256191 0.11988608 -0.00597685 0.40000000 0.40000000 0.40000000
v 0.14426211 0.12106284 -0.00451879 0.40000000 0.40000000 0.40000000
v 0.14459121 0.05918394 0.00961964 0.40000000 0.40000000 0.40000000
v 0.14452139 0.12108530 0.00961964 0.40000000 0.40000000 0.40000000
v 0.14440811 0.12106187 0.01900258 0.40000000 0.40000000 0.40000000
v 0.14440811 0.12106187 0.01900258 0.40000000 0.40000000 0.40000000
v 0.14448135 0.05918394 0.01900520 0.40000000 0.40000000 0.40000000
v 0.14459121 0.05918394 0.00961964 0.40000000 0.40000000 0.40000000
v 0.14459121 -0.00930825 0.00961964 0.40000000 0.40000000 0.40000000
v 0.14459121 0.05918394 0.00961964 0.40000000 0.40000000 0.40000000
v 0.14448135 0.05918394 0.01900520 0.40000000 0.40000000 0.40000000
v 0.14448135 0.05918394 0.01900520 0.40000000 0.40000000 0.40000000
v 0.14448085 -0.00930825 0.01900526 0.40000000 0.40000000 0.40000000
v 0.14459121 -0.00930825 0.00961964 0.40000000 0.40000000 0.40000000
v 0.14459121 0.05918394 0.00961964 0.40000000 0.40000000 0.40000000
v 0.14459121 -0.00930825 0.00961964 0.40000000 0.40000000 0.40000000
v 0.14452139 -0.00930825 -0.00004662 0.40000000 0.40000000 0.40000000
v 0.14452139 -0.00930825 -0.00004662 0.40000000 0.40000000 0.40000000
v 0.14452139 0.05918394 -0.00004668 0.40000000 0.40000000 0.40000000
v 0.14459121 0.05918394 0.00961964 0.40000000 0.40000000 0.40000000
v 0.14452139 0.12108530 0.00961964 0.40000000 0.40000000 0.40000000
v 0.14459121 0.05918394 0.00961964 0.40000000 0.40000000 0.40000000
v 0.14452139 0.05918394 -0.00004668 0.40000000 0.40000000 0.40000000
v 0.14452139 0.05918394 -0.00004668 0.40000000 0.40000000 0.40000000
v 0.14445692 0.12107944 -0.00004411 0.40000000 0.40000000 0.40000000
v 0.14452139 0.12108530 0.00961964 0.40000000 0.40000000 0.40000000
v 0.14807706 0.17262046 0.02169618 0.40000000 0.40000000 0.40000000
v 0.14464249 0.16820835 0.02273860 0.40000000 0.40000000 0.40000000
v 0.13723281 0.19689585 0.02270503 0.40000000 0.40000000 0.40000000
v 0.13723281 0.19689585 0.02270503 0.40000000 0.40000000 0.40000000
v 0.14066689 0.20182066 0.02166829 0.40000000 0.40000000 0.40000000
v 0.14807706 0.17262046 0.02169618 0.40000000 0.40000000 0.40000000
v 0.15170985 0.17716636 0.02061653 0.40000000 0.40000000 0.40000000
v 0.14807706 0.17262046 0.02169618 0.40000000 0.40000000 0.40000000
v 0.14066689 0.20182066 0.02166829 0.40000000 0.40000000 0.40000000
v 0.14066689 0.20182066 0.02166829 0.40000000 0.40000000 0.40000000
v 0.14426748 0.20698375 0.02060115 0.40000000 0.40000000 0.40000000
v 0.15170985 0.17716636 0.02061653 0.40000000 0.40000000 0.40000000
v 0.14807706 0.17262046 0.02169618 0.40000000 0.40000000 0.40000000
v 0.15170985 0.17716636 0.02061653 0.40000000 0.40000000 0.40000000
v 0.15163857 0.12874155 0.02063942 0.40000000 0.40000000 0.40000000
v 0.15163857 0.12874155 0.02063942 0.40000000 0.40000000 0.40000000
v 0.14814736 0.12537241 0.02173805 0.40000000 0.40000000 0.40000000
v 0.14807706 0.17262046 0.02169618 0.40000000 0.40000000 0.40000000
v 0.14464249 0.16820835 0.02273860 0.40000000 0.40000000 0.40000000
v 0.14807706 0.17262046 0.02169618 0.40000000 0.40000000 0.40000000
v 0.14814736 0.12537241 0.02173805 0.40000000 0.40000000 0.40000000
v 0.14814736 0.12537241 0.02173805 0.40000000 0.40000000 0.40000000
v 0.14486367 0.12203647 0.02278895 0.40000000 0.40000000 0.40000000
v 0.14464249 0.16820835 0.02273860 0.40000000 0.40000000 0.40000000
v 0.14382362 0.16699448 0.02260280 0.40000000 0.40000000 0.40000000
v 0.14407021 0.12098862 0.02263472 0.40000000 0.40000000 0.40000000
v 0.14440811 0.12106187 0.01900258 0.40000000 0.40000000 0.40000000
v 0.14440811 0.12106187 0.01900258 0.40000000 0.40000000 0.40000000
v 0.14419033 0.16728257 0.01899458 0.40000000 0.40000000 0.40000000
v 0.14382362 0.16699448 0.02260280 0.40000000 0.40000000 0.40000000
v 0.13639393 0.19569077 0.02258156 0.40000000 0.40000000 0.40000000
v 0.14382362 0.16699448 0.02260280 0.40000000 0.40000000 0.40000000
v 0.14419033 0.16728257 0.01899458 0.40000000 0.40000000 0.40000000
v 0.14419033 0.16728257 0.01899458 0.40000000 0.40000000 0.40000000
v 0.13673818 0.19618297 0.01898933 0.40000000 0.40000000 0.40000000
v 0.13639393 0.19569077 0.02258156 0.40000000 0.40000000 0.40000000
v 0.14382362 0.16699448 0.02260280 0.40000000 0.40000000 0.40000000
v 0.13639393 0.19569077 0.02258156 0.40000000 0.40000000 0.40000000
v 0.13723281 0.19689585 0.02270503 0.40000000 0.40000000 0.40000000
v 0.13723281 0.19689585 0.02270503 0.40000000 0.40000000 0.40000000
v 0.14464249 0.16820835 0.02273860 0.40000000 0.40000000 0.40000000
v 0.14382362 0.16699448 0.02260280 0.40000000 0.40000000 0.40000000
v 0.14407021 0.12098862 0.02263472 0.40000000 0.40000000 0.40000000
v 0.14382362 0.16699448 0.02260280 0.40000000 0.40000000 0.40000000
v 0.14464249 0.16820835 0.02273860 0.40000000 0.40000000 0.40000000
v 0.14464249 0.16820835 0.02273860 0.40000000 0.40000000 0.40000000
v 0.14486367 0.12203647 0.02278895 0.40000000 0.40000000 0.40000000
v 0.14407021 0.12098862 0.02263472 0.40000000 0.40000000 0.40000000
v 0.13793007 0.16055405 -0.00656041 0.40000000 0.40000000 0.40000000
v 0.12689541 0.15556870 -0.00672673 0.40000000 0.40000000 0.40000000
v 0.12279433 0.17675327 -0.00667467 0.40000000 0.40000000 0.40000000
v 0.12279433 0.17675327 -0.00667467 0.40000000 0.40000000 0.40000000
v 0.13099892 0.18795933 -0.00654033 0.40000000 0.40000000 0.40000000
v 0.13793007 0.16055405 -0.00656041 0.40000000 0.40000000 0.40000000
v 0.14246573 0.16556284 -0.00593157 0.40000000 0.40000000 0.40000000
v 0.13793007 0.16055405 -0.00656041 0.40000000 0.40000000 0.40000000
v 0.13099892 0.18795933 -0.00654033 0.40000000 0.40000000 0.40000000
v 0.13099892 0.18795933 -0.00654033 0.40000000 0.40000000 0.40000000
v 0.13523085 0.19402280 -0.00590148 0.40000000 0.40000000 0.40000000
v 0.14246573 0.16556284 -0.00593157 0.40000000 0.40000000 0.40000000
v 0.13793007 0.16055405 -0.00656041 0.40000000 0.40000000 0.40000000
v 0.14246573 0.16556284 -0.00593157 0.40000000 0.40000000 0.40000000
v 0.14256191 0.11988608 -0.00597685 0.40000000 0.40000000 0.40000000
v 0.14256191 0.11988608 -0.00597685 0.40000000 0.40000000 0.40000000
v 0.13797645 0.11640171 -0.00659056 0.40000000 0.40000000 0.40000000
v 0.13793007 0.16055405 -0.00656041 0.40000000 0.40000000 0.40000000
v 0.12689541 0.15556870 -0.00672673 0.40000000 0.40000000 0.40000000
v 0.13793007 0.16055405 -0.00656041 0.40000000 0.40000000 0.40000000
v 0.13797645 0.11640171 -0.00659056 0.40000000 0.40000000 0.40000000
v 0.13797645 0.11640171 -0.00659056 0.40000000 0.40000000 0.40000000
v 0.12690713 0.11292222 -0.00673436 0.40000000 0.40000000 0.40000000
v 0.12689541 0.15556870 -0.00672673 0.40000000 0.40000000 0.40000000
v 0.10575136 0.15390658 -0.00678221 0.40000000 0.40000000 0.40000000
v 0.10575136 0.11176304 -0.00678221 0.40000000 0.40000000 0.40000000
v 0.07557607 0.11176304 -0.00678227 0.40000000 0.40000000 0.40000000
v 0.07557607 0.11176304 -0.00678227 0.40000000 0.40000000 0.40000000
v 0.07557607 0.15390658 -0.00678221 0.40000000 0.40000000 0.40000000
v 0.10575136 0.15390658 -0.00678221 0.40000000 0.40000000 0.40000000
v 0.10689589 0.18207064 -0.00672673 0.40000000 0.40000000 0.40000000
v 0.10575136 0.15390658 -0.00678221 0.40000000 0.40000000 0.40000000
v 0.07557607 0.15390658 -0.00678221 0.40000000 0.40000000 0.40000000
v 0.07557607 0.15390658 -0.00678221 0.40000000 0.40000000 0.40000000
v 0.07636220 0.18208726 -0.00673436 0.40000000 0.40000000 0.40000000
v 0.10689589 0.18207064 -0.00672673 0.40000000 0.40000000 0.40000000
v 0.10575136 0.15390658 -0.00678221 0.40000000 0.40000000 0.40000000
v 0.10689589 0.18207064 -0.00672673 0.40000000 0.40000000 0.40000000
v 0.12279433 0.17675327 -0.00667467 0.40000000 0.40000000 0.40000000
v 0.12279433 0.17675327 -0.00667467 0.40000000 0.40000000 0.40000000
v 0.12689541 0.15556870 -0.00672673 0.40000000 0.40000000 0.40000000
v 0.10575136 0.15390658 -0.00678221 0.40000000 0.40000000 0.40000000
v 0.10575136 0.11176304 -0.00678221 0.40000000 0.40000000 0.40000000
v 0.10575136 0.15390658 -0.00678221 0.40000000 0.40000000 0.40000000
v 0.12689541 0.15556870 -0.00672673 0.40000000 0.40000000 0.40000000
v 0.12689541 0.15556870 -0.00672673 0.40000000 0.40000000 0.40000000
v 0.12690713 0.11292222 -0.00673436 0.40000000 0.40000000 0.40000000
v 0.10575136 0.11176304 -0.00678221 0.40000000 0.40000000 0.40000000
v -0.14408995 0.16729037 -0.00448863 0.40000000 0.40000000 0.40000000
v -0.14424083 0.12106284 -0.00451879 0.40000000 0.40000000 0.40000000
v -0.14443564 0.12107944 -0.00004411 0.40000000 0.40000000 0.40000000
v -0.14443564 0.12107944 -0.00004411 0.40000000 0.40000000 0.40000000
v -0.14424083 0.16735679 -0.00003655 0.40000000 0.40000000 0.40000000
v -0.14408995 0.16729037 -0.00448863 0.40000000 0.40000000 0.40000000
v -0.13680138 0.19616538 -0.00446855 0.40000000 0.40000000 0.40000000
v -0.14408995 0.16729037 -0.00448863 0.40000000 0.40000000 0.40000000
v -0.14424083 0.16735679 -0.00003655 0.40000000 0.40000000 0.40000000
v -0.14424083 0.16735679 -0.00003655 0.40000000 0.40000000 0.40000000
v -0.13689707 0.19630112 -0.00003154 0.40000000 0.40000000 0.40000000
v -0.13680138 0.19616538 -0.00446855 0.40000000 0.40000000 0.40000000
v -0.14408995 0.16729037 -0.00448863 0.40000000 0.40000000 0.40000000
v -0.13680138 0.19616538 -0.00446855 0.40000000 0.40000000 0.40000000
v -0.13530578 0.19402280 -0.00590148 0.40000000 0.40000000 0.40000000
v -0.13530578 0.19402280 -0.00590148 0.40000000 0.40000000 0.40000000
v -0.14244445 0.16556284 -0.00593157 0.40000000 0.40000000 0.40000000
v -0.14408995 0.16729037 -0.00448863 0.40000000 0.40000000 0.40000000
v -0.14424083 0.12106284 -0.00451879 0.40000000 0.40000000 0.40000000
v -0.14408995 0.16729037 -0.00448863 0.40000000 0.40000000 0.40000000
v -0.14244445 0.16556284 -0.00593157 0.40000000 0.40000000 0.40000000
v -0.14244445 0.16556284 -0.00593157 0.40000000 0.40000000 0.40000000
v -0.14254063 0.11988608 -0.00597679 0.40000000 0.40000000 0.40000000
v -0.14424083 0.12106284 -0.00451879 0.40000000 0.40000000 0.40000000
v -0.14429161 0.16737925 0.00961964 0.40000000 0.40000000 0.40000000
v -0.14450011 0.12108530 0.00961964 0.40000000 0.40000000 0.40000000
v -0.14438780 0.12106089 0.01900258 0.40000000 0.40000000 0.40000000
v -0.14438780 0.12106089 0.01900258 0.40000000 0.40000000 0.40000000
v -0.14416905 0.16728257 0.01899458 0.40000000 0.40000000 0.40000000
v -0.14429161 0.16737925 0.00961964 0.40000000 0.40000000 0.40000000
v -0.13692881 0.19634701 0.00961964 0.40000000 0.40000000 0.40000000
v -0.14429161 0.16737925 0.00961964 0.40000000 0.40000000 0.40000000
v -0.14416905 0.16728257 0.01899458 0.40000000 0.40000000 0.40000000
v -0.14416905 0.16728257 0.01899458 0.40000000 0.40000000 0.40000000
v -0.13681407 0.19618297 0.01898933 0.40000000 0.40000000 0.40000000
v -0.13692881 0.19634701 0.00961964 0.40000000 0.40000000 0.40000000
v -0.14429161 0.16737925 0.00961964 0.40000000 0.40000000 0.40000000
v -0.13692881 0.19634701 0.00961964 0.40000000 0.40000000 0.40000000
v -0.13689707 0.19630112 -0.00003154 0.40000000 0.40000000 0.40000000
v -0.13689707 0.19630112 -0.00003154 0.40000000 0.40000000 0.40000000
v -0.14424083 0.16735679 -0.00003655 0.40000000 0.40000000 0.40000000
v -0.14429161 0.16737925 0.00961964 0.40000000 0.40000000 0.40000000
v -0.14450011 0.12108530 0.00961964 0.40000000 0.40000000 0.40000000
v -0.14429161 0.16737925 0.00961964 0.40000000 0.40000000 0.40000000
v -0.14424083 0.16735679 -0.00003655 0.40000000 0.40000000 0.40000000
v -0.14424083 0.16735679 -0.00003655 0.40000000 0.40000000 0.40000000
v -0.14443564 0.12107944 -0.00004411 0.40000000 0.40000000 0.40000000
v -0.14450011 0.12108530 0.00961964 0.40000000 0.40000000 0.40000000
v -0.04764024 -0.21141079 0.02175203 0.40000000 0.40000000 0.40000000
v -0.08668565 -0.21137759 0.02173805 0.40000000 0.40000000 0.40000000
v -0.08437657 -0.20668717 0.02278902 0.40000000 0.40000000 0.40000000
v -0.08437657 -0.20668717 0.02278902 0.40000000 0.40000000 0.40000000
v -0.04634434 -0.20679262 0.02280574 0.40000000 0.40000000 0.40000000
v -0.04764024 -0.21141079 0.02175203 0.40000000 0.40000000 0.40000000
v -0.00402159 -0.21141079 0.02175203 0.40000000 0.40000000 0.40000000
v -0.04764024 -0.21141079 0.02175203 0.40000000 0.40000000 0.40000000
v -0.04634434 -0.20679262 0.02280574 0.40000000 0.40000000 0.40000000
v -0.04634434 -0.20679262 0.02280574 0.40000000 0.40000000 0.40000000
v -0.00391172 -0.20679262 0.02280574 0.40000000 0.40000000 0.40000000
v -0.00402159 -0.21141079 0.02175203 0.40000000 0.40000000 0.40000000
v -0.04764024 -0.21141079 0.02175203 0.40000000 0.40000000 0.40000000
v -0.00402159 -0.21141079 0.02175203 0.40000000 0.40000000 0.40000000
v -0.00413096 -0.21632779 0.02064705 0.40000000 0.40000000 0.40000000
v -0.00413096 -0.21632779 0.02064705 0.40000000 0.40000000 0.40000000
v -0.04893614 -0.21632876 0.02064705 0.40000000 0.40000000 0.40000000
v -0.04764024 -0.21141079 0.02175203 0.40000000 0.40000000 0.40000000
v -0.08668565 -0.21137759 0.02173805 0.40000000 0.40000000 0.40000000
v -0.04764024 -0.21141079 0.02175203 0.40000000 0.40000000 0.40000000
v -0.04893614 -0.21632876 0.02064705 0.40000000 0.40000000 0.40000000
v -0.04893614 -0.21632876 0.02064705 0.40000000 0.40000000 0.40000000
v -0.08901817 -0.21636195 0.02063942 0.40000000 0.40000000 0.40000000
v -0.08668565 -0.21137759 0.02173805 0.40000000 0.40000000 0.40000000
v -0.11900596 0.21164390 0.02169618 0.40000000 0.40000000 0.40000000
v -0.11596299 0.20673960 0.02273860 0.40000000 0.40000000 0.40000000
v -0.13730918 0.19689585 0.02270503 0.40000000 0.40000000 0.40000000
v -0.13730918 0.19689585 0.02270503 0.40000000 0.40000000 0.40000000
v -0.14074621 0.20182066 0.02166829 0.40000000 0.40000000 0.40000000
v -0.11900596 0.21164390 0.02169618 0.40000000 0.40000000 0.40000000
v -0.12214170 0.21683140 0.02061653 0.40000000 0.40000000 0.40000000
v -0.11900596 0.21164390 0.02169618 0.40000000 0.40000000 0.40000000
v -0.14074621 0.20182066 0.02166829 0.40000000 0.40000000 0.40000000
v -0.14074621 0.20182066 0.02166829 0.40000000 0.40000000 0.40000000
v -0.14434971 0.20698375 0.02060115 0.40000000 0.40000000 0.40000000
v -0.12214170 0.21683140 0.02061653 0.40000000 0.40000000 0.40000000
v -0.11900596 0.21164390 0.02169618 0.40000000 0.40000000 0.40000000
v -0.12214170 0.21683140 0.02061653 0.40000000 0.40000000 0.40000000
v -0.08901866 0.21672983 0.02063942 0.40000000 0.40000000 0.40000000
v -0.08901866 0.21672983 0.02063942 0.40000000 0.40000000 0.40000000
v -0.08668614 0.21174449 0.02173805 0.40000000 0.40000000 0.40000000
v -0.11900596 0.21164390 0.02169618 0.40000000 0.40000000 0.40000000
v -0.11596299 0.20673960 0.02273860 0.40000000 0.40000000 0.40000000
v -0.11900596 0.21164390 0.02169618 0.40000000 0.40000000 0.40000000
v -0.08668614 0.21174449 0.02173805 0.40000000 0.40000000 0.40000000
v -0.08668614 0.21174449 0.02173805 0.40000000 0.40000000 0.40000000
v -0.08437657 0.20705405 0.02278902 0.40000000 0.40000000 0.40000000
v -0.11596299 0.20673960 0.02273860 0.40000000 0.40000000 0.40000000
v -0.04591221 -0.20567057 0.02264540 0.40000000 0.40000000 0.40000000
v -0.08365147 -0.20555337 0.02263472 0.40000000 0.40000000 0.40000000
v -0.08370225 -0.20603774 0.01900258 0.40000000 0.40000000 0.40000000
v -0.08370225 -0.20603774 0.01900258 0.40000000 0.40000000 0.40000000
v -0.04591221 -0.20614126 0.01900520 0.40000000 0.40000000 0.40000000
v -0.04591221 -0.20567057 0.02264540 0.40000000 0.40000000 0.40000000
v -0.00387559 -0.20567057 0.02264540 0.40000000 0.40000000 0.40000000
v -0.04591221 -0.20567057 0.02264540 0.40000000 0.40000000 0.40000000
v -0.04591221 -0.20614126 0.01900520 0.40000000 0.40000000 0.40000000
v -0.04591221 -0.20614126 0.01900520 0.40000000 0.40000000 0.40000000
v -0.00387510 -0.20614126 0.01900526 0.40000000 0.40000000 0.40000000
v -0.00387559 -0.20567057 0.02264540 0.40000000 0.40000000 0.40000000
v -0.04591221 -0.20567057 0.02264540 0.40000000 0.40000000 0.40000000
v -0.00387559 -0.20567057 0.02264540 0.40000000 0.40000000 0.40000000
v -0.00391172 -0.20679262 0.02280574 0.40000000 0.40000000 0.40000000
v -0.00391172 -0.20679262 0.02280574 0.40000000 0.40000000 0.40000000
v -0.04634434 -0.20679262 0.02280574 0.40000000 0.40000000 0.40000000
v -0.04591221 -0.20567057 0.02264540 0.40000000 0.40000000 0.40000000
v -0.08365147 -0.20555337 0.02263472 0.40000000 0.40000000 0.40000000
v -0.04591221 -0.20567057 0.02264540 0.40000000 0.40000000 0.40000000
v -0.04634434 -0.20679262 0.02280574 0.40000000 0.40000000 0.40000000
v -0.04634434 -0.20679262 0.02280574 0.40000000 0.40000000 0.40000000
v -0.08437657 -0.20668717 0.02278902 0.40000000 0.40000000 0.40000000
v -0.08365147 -0.20555337 0.02263472 0.40000000 0.40000000 0.40000000
v -0.11512803 0.20556968 0.02260280 0.40000000 0.40000000 0.40000000
v -0.08365147 0.20592123 0.02263472 0.40000000 0.40000000 0.40000000
v -0.08370176 0.20640562 0.01900258 0.40000000 0.40000000 0.40000000
v -0.08370176 0.20640562 0.01900258 0.40000000 0.40000000 0.40000000
v -0.11533018 0.20609312 0.01899458 0.40000000 0.40000000 0.40000000
v -0.11512803 0.20556968 0.02260280 0.40000000 0.40000000 0.40000000
v -0.13646933 0.19569077 0.02258156 0.40000000 0.40000000 0.40000000
v -0.11512803 0.20556968 0.02260280 0.40000000 0.40000000 0.40000000
v -0.11533018 0.20609312 0.01899458 0.40000000 0.40000000 0.40000000
v -0.11533018 0.20609312 0.01899458 0.40000000 0.40000000 0.40000000
v -0.13681407 0.19618297 0.01898933 0.40000000 0.40000000 0.40000000
v -0.13646933 0.19569077 0.02258156 0.40000000 0.40000000 0.40000000
v -0.11512803 0.20556968 0.02260280 0.40000000 0.40000000 0.40000000
v -0.13646933 0.19569077 0.02258156 0.40000000 0.40000000 0.40000000
v -0.13730918 0.19689585 0.02270503 0.40000000 0.40000000 0.40000000
v -0.13730918 0.19689585 0.02270503 0.40000000 0.40000000 0.40000000
v -0.11596299 0.20673960 0.02273860 0.40000000 0.40000000 0.40000000
v -0.11512803 0.20556968 0.02260280 0.40000000 0.40000000 0.40000000
v -0.08365147 0.20592123 0.02263472 0.40000000 0.40000000 0.40000000
v -0.11512803 0.20556968 0.02260280 0.40000000 0.40000000 0.40000000
v -0.11596299 0.20673960 0.02273860 0.40000000 0.40000000 0.40000000
v -0.11596299 0.20673960 0.02273860 0.40000000 0.40000000 0.40000000
v -0.08437657 0.20705405 0.02278902 0.40000000 0.40000000 0.40000000
v -0.08365147 0.20592123 0.02263472 0.40000000 0.40000000 0.40000000
v -0.04418370 -0.19687368 -0.00660063 0.40000000 0.40000000 0.40000000
v -0.08047422 -0.19685221 -0.00659056 0.40000000 0.40000000 0.40000000
v -0.07806456 -0.18307289 -0.00673436 0.40000000 0.40000000 0.40000000
v -0.07806456 -0.18307289 -0.00673436 0.40000000 0.40000000 0.40000000
v -0.04288731 -0.18307877 -0.00673686 0.40000000 0.40000000 0.40000000
v -0.04418370 -0.19687368 -0.00660063 0.40000000 0.40000000 0.40000000
v -0.00372959 -0.19687368 -0.00660063 0.40000000 0.40000000 0.40000000
v -0.04418370 -0.19687368 -0.00660063 0.40000000 0.40000000 0.40000000
v -0.04288731 -0.18307877 -0.00673686 0.40000000 0.40000000 0.40000000
v -0.04288731 -0.18307877 -0.00673686 0.40000000 0.40000000 0.40000000
v -0.00361924 -0.18307877 -0.00673686 0.40000000 0.40000000 0.40000000
v -0.00372959 -0.19687368 -0.00660063 0.40000000 0.40000000 0.40000000
v -0.04418370 -0.19687368 -0.00660063 0.40000000 0.40000000 0.40000000
v -0.00372959 -0.19687368 -0.00660063 0.40000000 0.40000000 0.40000000
v -0.00383897 -0.20344497 -0.00599187 0.40000000 0.40000000 0.40000000
v -0.00383897 -0.20344497 -0.00599187 0.40000000 0.40000000 0.40000000
v -0.04548008 -0.20344497 -0.00599187 0.40000000 0.40000000 0.40000000
v -0.04418370 -0.19687368 -0.00660063 0.40000000 0.40000000 0.40000000
v -0.08047422 -0.19685221 -0.00659056 0.40000000 0.40000000 0.40000000
v -0.04418370 -0.19687368 -0.00660063 0.40000000 0.40000000 0.40000000
v -0.04548008 -0.20344497 -0.00599187 0.40000000 0.40000000 0.40000000
v -0.04548008 -0.20344497 -0.00599187 0.40000000 0.40000000 0.40000000
v -0.08288829 -0.20339908 -0.00597679 0.40000000 0.40000000 0.40000000
v -0.08047422 -0.19685221 -0.00659056 0.40000000 0.40000000 0.40000000
v -0.11068174 0.19715269 -0.00656041 0.40000000 0.40000000 0.40000000
v -0.10723741 0.18207064 -0.00672673 0.40000000 0.40000000 0.40000000
v -0.12293418 0.17675327 -0.00667467 0.40000000 0.40000000 0.40000000
v -0.12293418 0.17675327 -0.00667467 0.40000000 0.40000000 0.40000000
v -0.13107139 0.18795933 -0.00654033 0.40000000 0.40000000 0.40000000
v -0.11068174 0.19715269 -0.00656041 0.40000000 0.40000000 0.40000000
v -0.11414170 0.20363022 -0.00593157 0.40000000 0.40000000 0.40000000
v -0.11068174 0.19715269 -0.00656041 0.40000000 0.40000000 0.40000000
v -0.13107139 0.18795933 -0.00654033 0.40000000 0.40000000 0.40000000
v -0.13107139 0.18795933 -0.00654033 0.40000000 0.40000000 0.40000000
v -0.13530578 0.19402280 -0.00590148 0.40000000 0.40000000 0.40000000
v -0.11414170 0.20363022 -0.00593157 0.40000000 0.40000000 0.40000000
v -0.11068174 0.19715269 -0.00656041 0.40000000 0.40000000 0.40000000
v -0.11414170 0.20363022 -0.00593157 0.40000000 0.40000000 0.40000000
v -0.08288829 0.20376694 -0.00597685 0.40000000 0.40000000 0.40000000
v -0.08288829 0.20376694 -0.00597685 0.40000000 0.40000000 0.40000000
v -0.08047422 0.19721812 -0.00659056 0.40000000 0.40000000 0.40000000
v -0.11068174 0.19715269 -0.00656041 0.40000000 0.40000000 0.40000000
v -0.10723741 0.18207064 -0.00672673 0.40000000 0.40000000 0.40000000
v -0.11068174 0.19715269 -0.00656041 0.40000000 0.40000000 0.40000000
v -0.08047422 0.19721812 -0.00659056 0.40000000 0.40000000 0.40000000
v -0.08047422 0.19721812 -0.00659056 0.40000000 0.40000000 0.40000000
v -0.07806456 0.18208726 -0.00673436 0.40000000 0.40000000 0.40000000
v -0.10723741 0.18207064 -0.00672673 0.40000000 0.40000000 0.40000000
v -0.10608897 -0.15895376 -0.00678221 0.40000000 0.40000000 0.40000000
v -0.07726084 -0.15895376 -0.00678221 0.40000000 0.40000000 0.40000000
v -0.07806456 -0.18307289 -0.00673436 0.40000000 0.40000000 0.40000000
v -0.07806456 -0.18307289 -0.00673436 0.40000000 0.40000000 0.40000000
v -0.10723692 -0.18305728 -0.00672673 0.40000000 0.40000000 0.40000000
v -0.10608897 -0.15895376 -0.00678221 0.40000000 0.40000000 0.40000000
v -0.12696397 -0.16067153 -0.00672673 0.40000000 0.40000000 0.40000000
v -0.10608897 -0.15895376 -0.00678221 0.40000000 0.40000000 0.40000000
v -0.10723692 -0.18305728 -0.00672673 0.40000000 0.40000000 0.40000000
v -0.10723692 -0.18305728 -0.00672673 0.40000000 0.40000000 0.40000000
v -0.12293418 -0.17881703 -0.00667467 0.40000000 0.40000000 0.40000000
v -0.12696397 -0.16067153 -0.00672673 0.40000000 0.40000000 0.40000000
v -0.10608897 -0.15895376 -0.00678221 0.40000000 0.40000000 0.40000000
v -0.12696397 -0.16067153 -0.00672673 0.40000000 0.40000000 0.40000000
v -0.12697569 -0.12326040 -0.00673436 0.40000000 0.40000000 0.40000000
v -0.12697569 -0.12326040 -0.00673436 0.40000000 0.40000000 0.40000000
v -0.10608897 -0.12199282 -0.00678221 0.40000000 0.40000000 0.40000000
v -0.10608897 -0.15895376 -0.00678221 0.40000000 0.40000000 0.40000000
v -0.07726084 -0.15895376 -0.00678221 0.40000000 0.40000000 0.40000000
v -0.10608897 -0.15895376 -0.00678221 0.40000000 0.40000000 0.40000000
v -0.10608897 -0.12199282 -0.00678221 0.40000000 0.40000000 0.40000000
v -0.10608897 -0.12199282 -0.00678221 0.40000000 0.40000000 0.40000000
v -0.07726182 -0.12199282 -0.00678227 0.40000000 0.40000000 0.40000000
v -0.07726084 -0.15895376 -0.00678221 0.40000000 0.40000000 0.40000000
v -0.11533604 -0.20561294 -0.00448863 0.40000000 0.40000000 0.40000000
v -0.08370323 -0.20582876 -0.00451879 0.40000000 0.40000000 0.40000000
v -0.08371495 -0.20610610 -0.00004411 0.40000000 0.40000000 0.40000000
v -0.08371495 -0.20610610 -0.00004411 0.40000000 0.40000000 0.40000000
v -0.11538194 -0.20582876 -0.00003655 0.40000000 0.40000000 0.40000000
v -0.11533604 -0.20561294 -0.00448863 0.40000000 0.40000000 0.40000000
v -0.13680138 -0.19726138 -0.00446855 0.40000000 0.40000000 0.40000000
v -0.11533604 -0.20561294 -0.00448863 0.40000000 0.40000000 0.40000000
v -0.11538194 -0.20582876 -0.00003655 0.40000000 0.40000000 0.40000000
v -0.11538194 -0.20582876 -0.00003655 0.40000000 0.40000000 0.40000000
v -0.13689660 -0.19739711 -0.00003154 0.40000000 0.40000000 0.40000000
v -0.13680138 -0.19726138 -0.00446855 0.40000000 0.40000000 0.40000000
v -0.11533604 -0.20561294 -0.00448863 0.40000000 0.40000000 0.40000000
v -0.13680138 -0.19726138 -0.00446855 0.40000000 0.40000000 0.40000000
v -0.13530529 -0.19510514 -0.00590148 0.40000000 0.40000000 0.40000000
v -0.13530529 -0.19510514 -0.00590148 0.40000000 0.40000000 0.40000000
v -0.11414170 -0.20326234 -0.00593157 0.40000000 0.40000000 0.40000000
v -0.11533604 -0.20561294 -0.00448863 0.40000000 0.40000000 0.40000000
v -0.08370323 -0.20582876 -0.00451879 0.40000000 0.40000000 0.40000000
v -0.11533604 -0.20561294 -0.00448863 0.40000000 0.40000000 0.40000000
v -0.11414170 -0.20326234 -0.00593157 0.40000000 0.40000000 0.40000000
v -0.11414170 -0.20326234 -0.00593157 0.40000000 0.40000000 0.40000000
v -0.08288829 -0.20339908 -0.00597679 0.40000000 0.40000000 0.40000000
v -0.08370323 -0.20582876 -0.00451879 0.40000000 0.40000000 0.40000000
v -0.04591221 0.20626792 -0.00452886 0.40000000 0.40000000 0.40000000
v -0.08370323 0.20619664 -0.00451879 0.40000000 0.40000000 0.40000000
v -0.08371446 0.20647398 -0.00004411 0.40000000 0.40000000 0.40000000
v -0.08371446 0.20647398 -0.00004411 0.40000000 0.40000000 0.40000000
v -0.04591221 0.20656675 -0.00004668 0.40000000 0.40000000 0.40000000
v -0.04591221 0.20626792 -0.00452886 0.40000000 0.40000000 0.40000000
v -0.00387559 0.20626792 -0.00452886 0.40000000 0.40000000 0.40000000
v -0.04591221 0.20626792 -0.00452886 0.40000000 0.40000000 0.40000000
v -0.04591221 0.20656675 -0.00004668 0.40000000 0.40000000 0.40000000
v -0.04591221 0.20656675 -0.00004668 0.40000000 0.40000000 0.40000000
v -0.00387510 0.20656675 -0.00004662 0.40000000 0.40000000 0.40000000
v -0.00387559 0.20626792 -0.00452886 0.40000000 0.40000000 0.40000000
v -0.04591221 0.20626792 -0.00452886 0.40000000 0.40000000 0.40000000
v -0.00387559 0.20626792 -0.00452886 0.40000000 0.40000000 0.40000000
v -0.00383897 0.20381187 -0.00599193 0.40000000 0.40000000 0.40000000
v -0.00383897 0.20381187 -0.00599193 0.40000000 0.40000000 0.40000000
v -0.04548008 0.20381187 -0.00599187 0.40000000 0.40000000 0.40000000
v -0.04591221 0.20626792 -0.00452886 0.40000000 0.40000000 0.40000000
v -0.08370323 0.20619664 -0.00451879 0.40000000 0.40000000 0.40000000
v -0.04591221 0.20626792 -0.00452886 0.40000000 0.40000000 0.40000000
v -0.04548008 0.20381187 -0.00599187 0.40000000 0.40000000 0.40000000
v -0.04548008 0.20381187 -0.00599187 0.40000000 0.40000000 0.40000000
v -0.08288829 0.20376694 -0.00597685 0.40000000 0.40000000 0.40000000
v -0.08370323 0.20619664 -0.00451879 0.40000000 0.40000000 0.40000000
v -0.11539756 -0.20590004 0.00961964 0.40000000 0.40000000 0.40000000
v -0.08371885 -0.20619889 0.00961964 0.40000000 0.40000000 0.40000000
v -0.08370225 -0.20603774 0.01900258 0.40000000 0.40000000 0.40000000
v -0.08370225 -0.20603774 0.01900258 0.40000000 0.40000000 0.40000000
v -0.11533018 -0.20572524 0.01899458 0.40000000 0.40000000 0.40000000
v -0.11539756 -0.20590004 0.00961964 0.40000000 0.40000000 0.40000000
v -0.13692881 -0.19744302 0.00961964 0.40000000 0.40000000 0.40000000
v -0.11539756 -0.20590004 0.00961964 0.40000000 0.40000000 0.40000000
v -0.11533018 -0.20572524 0.01899458 0.40000000 0.40000000 0.40000000
v -0.11533018 -0.20572524 0.01899458 0.40000000 0.40000000 0.40000000
v -0.13681456 -0.19727993 0.01898933 0.40000000 0.40000000 0.40000000
v -0.13692881 -0.19744302 0.00961964 0.40000000 0.40000000 0.40000000
v -0.11539756 -0.20590004 0.00961964 0.40000000 0.40000000 0.40000000
v -0.13692881 -0.19744302 0.00961964 0.40000000 0.40000000 0.40000000
v -0.13689660 -0.19739711 -0.00003154 0.40000000 0.40000000 0.40000000
v -0.13689660 -0.19739711 -0.00003154 0.40000000 0.40000000 0.40000000
v -0.11538194 -0.20582876 -0.00003655 0.40000000 0.40000000 0.40000000
v -0.11539756 -0.20590004 0.00961964 0.40000000 0.40000000 0.40000000
v -0.08371885 -0.20619889 0.00961964 0.40000000 0.40000000 0.40000000
v -0.11539756 -0.20590004 0.00961964 0.40000000 0.40000000 0.40000000
v -0.11538194 -0.20582876 -0.00003655 0.40000000 0.40000000 0.40000000
v -0.11538194 -0.20582876 -0.00003655 0.40000000 0.40000000 0.40000000
v -0.08371495 -0.20610610 -0.00004411 0.40000000 0.40000000 0.40000000
v -0.08371885 -0.20619889 0.00961964 0.40000000 0.40000000 0.40000000
v -0.04591221 0.20666538 0.00961964 0.40000000 0.40000000 0.40000000
v -0.08371885 0.20656675 0.00961964 0.40000000 0.40000000 0.40000000
v -0.08370176 0.20640562 0.01900258 0.40000000 0.40000000 0.40000000
v -0.08370176 0.20640562 0.01900258 0.40000000 0.40000000 0.40000000
v -0.04591221 0.20650913 0.01900520 0.40000000 0.40000000 0.40000000
v -0.04591221 0.20666538 0.00961964 0.40000000 0.40000000 0.40000000
v -0.00387559 0.20666538 0.00961964 0.40000000 0.40000000 0.40000000
v -0.04591221 0.20666538 0.00961964 0.40000000 0.40000000 0.40000000
v -0.04591221 0.20650913 0.01900520 0.40000000 0.40000000 0.40000000
v -0.04591221 0.20650913 0.01900520 0.40000000 0.40000000 0.40000000
v -0.00387510 0.20650913 0.01900520 0.40000000 0.40000000 0.40000000
v -0.00387559 0.20666538 0.00961964 0.40000000 0.40000000 0.40000000
v -0.04591221 0.20666538 0.00961964 0.40000000 0.40000000 0.40000000
v -0.00387559 0.20666538 0.00961964 0.40000000 0.40000000 0.40000000
v -0.00387510 0.20656675 -0.00004662 0.40000000 0.40000000 0.40000000
v -0.00387510 0.20656675 -0.00004662 0.40000000 0.40000000 0.40000000
v -0.04591221 0.20656675 -0.00004668 0.40000000 0.40000000 0.40000000
v -0.04591221 0.20666538 0.00961964 0.40000000 0.40000000 0.40000000
v -0.08371885 0.20656675 0.00961964 0.40000000 0.40000000 0.40000000
v -0.04591221 0.20666538 0.00961964 0.40000000 0.40000000 0.40000000
v -0.04591221 0.20656675 -0.00004668 0.40000000 0.40000000 0.40000000
v -0.04591221 0.20656675 -0.00004668 0.40000000 0.40000000 0.40000000
v -0.08371446 0.20647398 -0.00004411 0.40000000 0.40000000 0.40000000
v -0.08371885 0.20656675 0.00961964 0.40000000 0.40000000 0.40000000
v -0.10608897 -0.06968911 -0.00678221 0.40000000 0.40000000 0.40000000
v -0.07726084 -0.06968911 -0.00678221 0.40000000 0.40000000 0.40000000
v -0.07726182 -0.12199282 -0.00678227 0.40000000 0.40000000 0.40000000
v -0.07726182 -0.12199282 -0.00678227 0.40000000 0.40000000 0.40000000
v -0.10608897 -0.12199282 -0.00678221 0.40000000 0.40000000 0.40000000
v -0.10608897 -0.06968911 -0.00678221 0.40000000 0.40000000 0.40000000
v -0.12697911 -0.07040005 -0.00673686 0.40000000 0.40000000 0.40000000
v -0.10608897 -0.06968911 -0.00678221 0.40000000 0.40000000 0.40000000
v -0.10608897 -0.12199282 -0.00678221 0.40000000 0.40000000 0.40000000
v -0.10608897 -0.12199282 -0.00678221 0.40000000 0.40000000 0.40000000
v -0.12697569 -0.12326040 -0.00673436 0.40000000 0.40000000 0.40000000
v -0.12697911 -0.07040005 -0.00673686 0.40000000 0.40000000 0.40000000
v -0.10608897 -0.06968911 -0.00678221 0.40000000 0.40000000 0.40000000
v -0.12697911 -0.07040005 -0.00673686 0.40000000 0.40000000 0.40000000
v -0.12697959 -0.00868325 -0.00673686 0.40000000 0.40000000 0.40000000
v -0.12697959 -0.00868325 -0.00673686 0.40000000 0.40000000 0.40000000
v -0.10608897 -0.00859438 -0.00678221 0.40000000 0.40000000 0.40000000
v -0.10608897 -0.06968911 -0.00678221 0.40000000 0.40000000 0.40000000
v -0.07726084 -0.06968911 -0.00678221 0.40000000 0.40000000 0.40000000
v -0.10608897 -0.06968911 -0.00678221 0.40000000 0.40000000 0.40000000
v -0.10608897 -0.00859438 -0.00678221 0.40000000 0.40000000 0.40000000
v -0.10608897 -0.00859438 -0.00678221 0.40000000 0.40000000 0.40000000
v -0.07726182 -0.00859438 -0.00678227 0.40000000 0.40000000 0.40000000
v -0.07726084 -0.06968911 -0.00678221 0.40000000 0.40000000 0.40000000
v -0.10608897 0.05474351 -0.00678221 0.40000000 0.40000000 0.40000000
v -0.07726084 0.05474351 -0.00678221 0.40000000 0.40000000 0.40000000
v -0.07726182 -0.00859438 -0.00678227 0.40000000 0.40000000 0.40000000
v -0.07726182 -0.00859438 -0.00678227 0.40000000 0.40000000 0.40000000
v -0.10608897 -0.00859438 -0.00678221 0.40000000 0.40000000 0.40000000
v -0.10608897 0.05474351 -0.00678221 0.40000000 0.40000000 0.40000000
v -0.12697911 0.05529819 -0.00673686 0.40000000 0.40000000 0.40000000
v -0.10608897 0.05474351 -0.00678221 0.40000000 0.40000000 0.40000000
v -0.10608897 -0.00859438 -0.00678221 0.40000000 0.40000000 0.40000000
v -0.10608897 -0.00859438 -0.00678221 0.40000000 0.40000000 0.40000000
v -0.12697959 -0.00868325 -0.00673686 0.40000000 0.40000000 0.40000000
v -0.12697911 0.05529819 -0.00673686 0.40000000 0.40000000 0.40000000
v -0.10608897 0.05474351 -0.00678221 0.40000000 0.40000000 0.40000000
v -0.12697911 0.05529819 -0.00673686 0.40000000 0.40000000 0.40000000
v -0.12697569 0.11292222 -0.00673436 0.40000000 0.40000000 0.40000000
v -0.12697569 0.11292222 -0.00673436 0.40000000 0.40000000 0.40000000
v -0.10608897 0.11176304 -0.00678221 0.40000000 0.40000000 0.40000000
v -0.10608897 0.05474351 -0.00678221 0.40000000 0.40000000 0.40000000
v -0.07726084 0.05474351 -0.00678221 0.40000000 0.40000000 0.40000000
v -0.10608897 0.05474351 -0.00678221 0.40000000 0.40000000 0.40000000
v -0.10608897 0.11176304 -0.00678221 0.40000000 0.40000000 0.40000000
v -0.10608897 0.11176304 -0.00678221 0.40000000 0.40000000 0.40000000
v -0.07726182 0.11176304 -0.00678227 0.40000000 0.40000000 0.40000000
v -0.07726084 0.05474351 -0.00678221 0.40000000 0.40000000 0.40000000
v -0.10608897 0.15390658 -0.00678221 0.40000000 0.40000000 0.40000000
v -0.07726084 0.15390658 -0.00678221 0.40000000 0.40000000 0.40000000
v -0.07726182 0.11176304 -0.00678227 0.40000000 0.40000000 0.40000000
v -0.07726182 0.11176304 -0.00678227 0.40000000 0.40000000 0.40000000
v -0.10608897 0.11176304 -0.00678221 0.40000000 0.40000000 0.40000000
v -0.10608897 0.15390658 -0.00678221 0.40000000 0.40000000 0.40000000
v -0.12696397 0.15556870 -0.00672673 0.40000000 0.40000000 0.40000000
v -0.10608897 0.15390658 -0.00678221 0.40000000 0.40000000 0.40000000
v -0.10608897 0.11176304 -0.00678221 0.40000000 0.40000000 0.40000000
v -0.10608897 0.11176304 -0.00678221 0.40000000 0.40000000 0.40000000
v -0.12697569 0.11292222 -0.00673436 0.40000000 0.40000000 0.40000000
v -0.12696397 0.15556870 -0.00672673 0.40000000 0.40000000 0.40000000
v -0.10608897 0.15390658 -0.00678221 0.40000000 0.40000000 0.40000000
v -0.12696397 0.15556870 -0.00672673 0.40000000 0.40000000 0.40000000
v -0.12293418 0.17675327 -0.00667467 0.40000000 0.40000000 0.40000000
v -0.12293418 0.17675327 -0.00667467 0.40000000 0.40000000 0.40000000
v -0.10723741 0.18207064 -0.00672673 0.40000000 0.40000000 0.40000000
v -0.10608897 0.15390658 -0.00678221 0.40000000 0.40000000 0.40000000
v -0.07726084 0.15390658 -0.00678221 0.40000000 0.40000000 0.40000000
v -0.10608897 0.15390658 -0.00678221 0.40000000 0.40000000 0.40000000
v -0.10723741 0.18207064 -0.00672673 0.40000000 0.40000000 0.40000000
v -0.10723741 0.18207064 -0.00672673 0.40000000 0.40000000 0.40000000
v -0.07806456 0.18208726 -0.00673436 0.40000000 0.40000000 0.40000000
v -0.07726084 0.15390658 -0.00678221 0.40000000 0.40000000 0.40000000
v 0.04201650 0.21177769 0.02175203 0.40000000 0.40000000 0.40000000
v 0.08479238 0.21174449 0.02173805 0.40000000 0.40000000 0.40000000
v 0.08253505 0.20705405 0.02278902 0.40000000 0.40000000 0.40000000
v 0.08253505 0.20705405 0.02278902 0.40000000 0.40000000 0.40000000
v 0.04087392 0.20715952 0.02280574 0.40000000 0.40000000 0.40000000
v 0.04201650 0.21177769 0.02175203 0.40000000 0.40000000 0.40000000
v -0.00402159 0.21177769 0.02175203 0.40000000 0.40000000 0.40000000
v 0.04201650 0.21177769 0.02175203 0.40000000 0.40000000 0.40000000
v 0.04087392 0.20715952 0.02280574 0.40000000 0.40000000 0.40000000
v 0.04087392 0.20715952 0.02280574 0.40000000 0.40000000 0.40000000
v -0.00391172 0.20715952 0.02280574 0.40000000 0.40000000 0.40000000
v -0.00402159 0.21177769 0.02175203 0.40000000 0.40000000 0.40000000
v 0.04201650 0.21177769 0.02175203 0.40000000 0.40000000 0.40000000
v -0.00402159 0.21177769 0.02175203 0.40000000 0.40000000 0.40000000
v -0.00413096 0.21669565 0.02064705 0.40000000 0.40000000 0.40000000
v -0.00413096 0.21669565 0.02064705 0.40000000 0.40000000 0.40000000
v 0.04315908 0.21669565 0.02064711 0.40000000 0.40000000 0.40000000
v 0.04201650 0.21177769 0.02175203 0.40000000 0.40000000 0.40000000
v 0.08479238 0.21174449 0.02173805 0.40000000 0.40000000 0.40000000
v 0.04201650 0.21177769 0.02175203 0.40000000 0.40000000 0.40000000
v 0.04315908 0.21669565 0.02064711 0.40000000 0.40000000 0.40000000
v 0.04315908 0.21669565 0.02064711 0.40000000 0.40000000 0.40000000
v 0.08707363 0.21672983 0.02063942 0.40000000 0.40000000 0.40000000
v 0.08479238 0.21174449 0.02173805 0.40000000 0.40000000 0.40000000
v 0.04049306 0.20603843 0.02264540 0.40000000 0.40000000 0.40000000
v 0.08182753 0.20592123 0.02263472 0.40000000 0.40000000 0.40000000
v 0.08187832 0.20640562 0.01900258 0.40000000 0.40000000 0.40000000
v 0.08187832 0.20640562 0.01900258 0.40000000 0.40000000 0.40000000
v 0.04049306 0.20650913 0.01900520 0.40000000 0.40000000 0.40000000
v 0.04049306 0.20603843 0.02264540 0.40000000 0.40000000 0.40000000
v -0.00387559 0.20603843 0.02264540 0.40000000 0.40000000 0.40000000
v 0.04049306 0.20603843 0.02264540 0.40000000 0.40000000 0.40000000
v 0.04049306 0.20650913 0.01900520 0.40000000 0.40000000 0.40000000
v 0.04049306 0.20650913 0.01900520 0.40000000 0.40000000 0.40000000
v -0.00387510 0.20650913 0.01900520 0.40000000 0.40000000 0.40000000
v -0.00387559 0.20603843 0.02264540 0.40000000 0.40000000 0.40000000
v 0.04049306 0.20603843 0.02264540 0.40000000 0.40000000 0.40000000
v -0.00387559 0.20603843 0.02264540 0.40000000 0.40000000 0.40000000
v -0.00391172 0.20715952 0.02280574 0.40000000 0.40000000 0.40000000
v -0.00391172 0.20715952 0.02280574 0.40000000 0.40000000 0.40000000
v 0.04087392 0.20715952 0.02280574 0.40000000 0.40000000 0.40000000
v 0.04049306 0.20603843 0.02264540 0.40000000 0.40000000 0.40000000
v 0.08182753 0.20592123 0.02263472 0.40000000 0.40000000 0.40000000
v 0.04049306 0.20603843 0.02264540 0.40000000 0.40000000 0.40000000
v 0.04087392 0.20715952 0.02280574 0.40000000 0.40000000 0.40000000
v 0.04087392 0.20715952 0.02280574 0.40000000 0.40000000 0.40000000
v 0.08253505 0.20705405 0.02278902 0.40000000 0.40000000 0.40000000
v 0.08182753 0.20592123 0.02263472 0.40000000 0.40000000 0.40000000
v 0.03896962 0.19724154 -0.00660063 0.40000000 0.40000000 0.40000000
v 0.07871962 0.19721812 -0.00659056 0.40000000 0.40000000 0.40000000
v 0.07636220 0.18208726 -0.00673436 0.40000000 0.40000000 0.40000000
v 0.07636220 0.18208726 -0.00673436 0.40000000 0.40000000 0.40000000
v 0.03782705 0.18209311 -0.00673686 0.40000000 0.40000000 0.40000000
v 0.03896962 0.19724154 -0.00660063 0.40000000 0.40000000 0.40000000
v -0.00372959 0.19724058 -0.00660063 0.40000000 0.40000000 0.40000000
v 0.03896962 0.19724154 -0.00660063 0.40000000 0.40000000 0.40000000
v 0.03782705 0.18209311 -0.00673686 0.40000000 0.40000000 0.40000000
v 0.03782705 0.18209311 -0.00673686 0.40000000 0.40000000 0.40000000
v -0.00361924 0.18209311 -0.00673686 0.40000000 0.40000000 0.40000000
v -0.00372959 0.19724058 -0.00660063 0.40000000 0.40000000 0.40000000
v 0.03896962 0.19724154 -0.00660063 0.40000000 0.40000000 0.40000000
v -0.00372959 0.19724058 -0.00660063 0.40000000 0.40000000 0.40000000
v -0.00383897 0.20381187 -0.00599193 0.40000000 0.40000000 0.40000000
v -0.00383897 0.20381187 -0.00599193 0.40000000 0.40000000 0.40000000
v 0.04011220 0.20381187 -0.00599187 0.40000000 0.40000000 0.40000000
v 0.03896962 0.19724154 -0.00660063 0.40000000 0.40000000 0.40000000
v 0.07871962 0.19721812 -0.00659056 0.40000000 0.40000000 0.40000000
v 0.03896962 0.19724154 -0.00660063 0.40000000 0.40000000 0.40000000
v 0.04011220 0.20381187 -0.00599187 0.40000000 0.40000000 0.40000000
v 0.04011220 0.20381187 -0.00599187 0.40000000 0.40000000 0.40000000
v 0.08108193 0.20376694 -0.00597679 0.40000000 0.40000000 0.40000000
v 0.07871962 0.19721812 -0.00659056 0.40000000 0.40000000 0.40000000
v 0.03744619 -0.15895376 -0.00678221 0.40000000 0.40000000 0.40000000
v 0.07557607 -0.15895376 -0.00678221 0.40000000 0.40000000 0.40000000
v 0.07636220 -0.18307388 -0.00673436 0.40000000 0.40000000 0.40000000
v 0.07636220 -0.18307388 -0.00673436 0.40000000 0.40000000 0.40000000
v 0.03782705 -0.18307877 -0.00673686 0.40000000 0.40000000 0.40000000
v 0.03744619 -0.15895376 -0.00678221 0.40000000 0.40000000 0.40000000
v -0.00358311 -0.15895376 -0.00678221 0.40000000 0.40000000 0.40000000
v 0.03744619 -0.15895376 -0.00678221 0.40000000 0.40000000 0.40000000
v 0.03782705 -0.18307877 -0.00673686 0.40000000 0.40000000 0.40000000
v 0.03782705 -0.18307877 -0.00673686 0.40000000 0.40000000 0.40000000
v -0.00361924 -0.18307877 -0.00673686 0.40000000 0.40000000 0.40000000
v -0.00358311 -0.15895376 -0.00678221 0.40000000 0.40000000 0.40000000
v 0.03744619 -0.15895376 -0.00678221 0.40000000 0.40000000 0.40000000
v -0.00358311 -0.15895376 -0.00678221 0.40000000 0.40000000 0.40000000
v -0.00358311 -0.12199282 -0.00678227 0.40000000 0.40000000 0.40000000
v -0.00358311 -0.12199282 -0.00678227 0.40000000 0.40000000 0.40000000
v 0.03744619 -0.12199282 -0.00678221 0.40000000 0.40000000 0.40000000
v 0.03744619 -0.15895376 -0.00678221 0.40000000 0.40000000 0.40000000
v 0.07557607 -0.15895376 -0.00678221 0.40000000 0.40000000 0.40000000
v 0.03744619 -0.15895376 -0.00678221 0.40000000 0.40000000 0.40000000
v 0.03744619 -0.12199282 -0.00678221 0.40000000 0.40000000 0.40000000
v 0.03744619 -0.12199282 -0.00678221 0.40000000 0.40000000 0.40000000
v 0.07557607 -0.12199282 -0.00678227 0.40000000 0.40000000 0.40000000
v 0.07557607 -0.15895376 -0.00678221 0.40000000 0.40000000 0.40000000
v 0.04049306 -0.20590004 -0.00452886 0.40000000 0.40000000 0.40000000
v 0.08187978 -0.20582876 -0.00451879 0.40000000 0.40000000 0.40000000
v 0.08189150 -0.20610610 -0.00004411 0.40000000 0.40000000 0.40000000
v 0.08189150 -0.20610610 -0.00004411 0.40000000 0.40000000 0.40000000
v 0.04049306 -0.20619889 -0.00004668 0.40000000 0.40000000 0.40000000
v 0.04049306 -0.20590004 -0.00452886 0.40000000 0.40000000 0.40000000
v -0.00387559 -0.20590004 -0.00452886 0.40000000 0.40000000 0.40000000
v 0.04049306 -0.20590004 -0.00452886 0.40000000 0.40000000 0.40000000
v 0.04049306 -0.20619889 -0.00004668 0.40000000 0.40000000 0.40000000
v 0.04049306 -0.20619889 -0.00004668 0.40000000 0.40000000 0.40000000
v -0.00387510 -0.20619889 -0.00004662 0.40000000 0.40000000 0.40000000
v -0.00387559 -0.20590004 -0.00452886 0.40000000 0.40000000 0.40000000
v 0.04049306 -0.20590004 -0.00452886 0.40000000 0.40000000 0.40000000
v -0.00387559 -0.20590004 -0.00452886 0.40000000 0.40000000 0.40000000
v -0.00383897 -0.20344497 -0.00599187 0.40000000 0.40000000 0.40000000
v -0.00383897 -0.20344497 -0.00599187 0.40000000 0.40000000 0.40000000
v 0.04011220 -0.20344497 -0.00599187 0.40000000 0.40000000 0.40000000
v 0.04049306 -0.20590004 -0.00452886 0.40000000 0.40000000 0.40000000
v 0.08187978 -0.20582876 -0.00451879 0.40000000 0.40000000 0.40000000
v 0.04049306 -0.20590004 -0.00452886 0.40000000 0.40000000 0.40000000
v 0.04011220 -0.20344497 -0.00599187 0.40000000 0.40000000 0.40000000
v 0.04011220 -0.20344497 -0.00599187 0.40000000 0.40000000 0.40000000
v 0.08108242 -0.20339908 -0.00597685 0.40000000 0.40000000 0.40000000
v 0.08187978 -0.20582876 -0.00451879 0.40000000 0.40000000 0.40000000
v 0.04049306 -0.20629752 0.00961964 0.40000000 0.40000000 0.40000000
v 0.08189492 -0.20619889 0.00961964 0.40000000 0.40000000 0.40000000
v 0.08187783 -0.20603774 0.01900258 0.40000000 0.40000000 0.40000000
v 0.08187783 -0.20603774 0.01900258 0.40000000 0.40000000 0.40000000
v 0.04049306 -0.20614126 0.01900520 0.40000000 0.40000000 0.40000000
v 0.04049306 -0.20629752 0.00961964 0.40000000 0.40000000 0.40000000
v -0.00387559 -0.20629752 0.00961964 0.40000000 0.40000000 0.40000000
v 0.04049306 -0.20629752 0.00961964 0.40000000 0.40000000 0.40000000
v 0.04049306 -0.20614126 0.01900520 0.40000000 0.40000000 0.40000000
v 0.04049306 -0.20614126 0.01900520 0.40000000 0.40000000 0.40000000
v -0.00387510 -0.20614126 0.01900526 0.40000000 0.40000000 0.40000000
v -0.00387559 -0.20629752 0.00961964 0.40000000 0.40000000 0.40000000
v 0.04049306 -0.20629752 0.00961964 0.40000000 0.40000000 0.40000000
v -0.00387559 -0.20629752 0.00961964 0.40000000 0.40000000 0.40000000
v -0.00387510 -0.20619889 -0.00004662 0.40000000 0.40000000 0.40000000
v -0.00387510 -0.20619889 -0.00004662 0.40000000 0.40000000 0.40000000
v 0.04049306 -0.20619889 -0.00004668 0.40000000 0.40000000 0.40000000
v 0.04049306 -0.20629752 0.00961964 0.40000000 0.40000000 0.40000000
v 0.08189492 -0.20619889 0.00961964 0.40000000 0.40000000 0.40000000
v 0.04049306 -0.20629752 0.00961964 0.40000000 0.40000000 0.40000000
v 0.04049306 -0.20619889 -0.00004668 0.40000000 0.40000000 0.40000000
v 0.04049306 -0.20619889 -0.00004668 0.40000000 0.40000000 0.40000000
v 0.08189150 -0.20610610 -0.00004411 0.40000000 0.40000000 0.40000000
v 0.08189492 -0.20619889 0.00961964 0.40000000 0.40000000 0.40000000
v 0.03744619 -0.06968911 -0.00678221 0.40000000 0.40000000 0.40000000
v 0.07557607 -0.06968911 -0.00678221 0.40000000 0.40000000 0.40000000
v 0.07557607 -0.12199282 -0.00678227 0.40000000 0.40000000 0.40000000
v 0.07557607 -0.12199282 -0.00678227 0.40000000 0.40000000 0.40000000
v 0.03744619 -0.12199282 -0.00678221 0.40000000 0.40000000 0.40000000
v 0.03744619 -0.06968911 -0.00678221 0.40000000 0.40000000 0.40000000
v -0.00358311 -0.06968911 -0.00678221 0.40000000 0.40000000 0.40000000
v 0.03744619 -0.06968911 -0.00678221 0.40000000 0.40000000 0.40000000
v 0.03744619 -0.12199282 -0.00678221 0.40000000 0.40000000 0.40000000
v 0.03744619 -0.12199282 -0.00678221 0.40000000 0.40000000 0.40000000
v -0.00358311 -0.12199282 -0.00678227 0.40000000 0.40000000 0.40000000
v -0.00358311 -0.06968911 -0.00678221 0.40000000 0.40000000 0.40000000
v 0.03744619 -0.06968911 -0.00678221 0.40000000 0.40000000 0.40000000
v -0.00358311 -0.06968911 -0.00678221 0.40000000 0.40000000 0.40000000
v -0.00358311 -0.00859438 -0.00678227 0.40000000 0.40000000 0.40000000
v -0.00358311 -0.00859438 -0.00678227 0.40000000 0.40000000 0.40000000
v 0.03744619 -0.00859438 -0.00678221 0.40000000 0.40000000 0.40000000
v 0.03744619 -0.06968911 -0.00678221 0.40000000 0.40000000 0.40000000
v 0.07557607 -0.06968911 -0.00678221 0.40000000 0.40000000 0.40000000
v 0.03744619 -0.06968911 -0.00678221 0.40000000 0.40000000 0.40000000
v 0.03744619 -0.00859438 -0.00678221 0.40000000 0.40000000 0.40000000
v 0.03744619 -0.00859438 -0.00678221 0.40000000 0.40000000 0.40000000
v 0.07557607 -0.00859438 -0.00678227 0.40000000 0.40000000 0.40000000
v 0.07557607 -0.06968911 -0.00678221 0.40000000 0.40000000 0.40000000
v 0.03744619 0.05474351 -0.00678221 0.40000000 0.40000000 0.40000000
v 0.07557607 0.05474351 -0.00678221 0.40000000 0.40000000 0.40000000
v 0.07557607 -0.00859438 -0.00678227 0.40000000 0.40000000 0.40000000
v 0.07557607 -0.00859438 -0.00678227 0.40000000 0.40000000 0.40000000
v 0.03744619 -0.00859438 -0.00678221 0.40000000 0.40000000 0.40000000
v 0.03744619 0.05474351 -0.00678221 0.40000000 0.40000000 0.40000000
v -0.00358311 0.05474351 -0.00678221 0.40000000 0.40000000 0.40000000
v 0.03744619 0.05474351 -0.00678221 0.40000000 0.40000000 0.40000000
v 0.03744619 -0.00859438 -0.00678221 0.40000000 0.40000000 0.40000000
v 0.03744619 -0.00859438 -0.00678221 0.40000000 0.40000000 0.40000000
v -0.00358311 -0.00859438 -0.00678227 0.40000000 0.40000000 0.40000000
v -0.00358311 0.05474351 -0.00678221 0.40000000 0.40000000 0.40000000
v 0.03744619 0.05474351 -0.00678221 0.40000000 0.40000000 0.40000000
v -0.00358311 0.05474351 -0.00678221 0.40000000 0.40000000 0.40000000
v -0.00358311 0.11176304 -0.00678227 0.40000000 0.40000000 0.40000000
v -0.00358311 0.11176304 -0.00678227 0.40000000 0.40000000 0.40000000
v 0.03744619 0.11176304 -0.00678221 0.40000000 0.40000000 0.40000000
v 0.03744619 0.05474351 -0.00678221 0.40000000 0.40000000 0.40000000
v 0.07557607 0.05474351 -0.00678221 0.40000000 0.40000000 0.40000000
v 0.03744619 0.05474351 -0.00678221 0.40000000 0.40000000 0.40000000
v 0.03744619 0.11176304 -0.00678221 0.40000000 0.40000000 0.40000000
v 0.03744619 0.11176304 -0.00678221 0.40000000 0.40000000 0.40000000
v 0.07557607 0.11176304 -0.00678227 0.40000000 0.40000000 0.40000000
v 0.07557607 0.05474351 -0.00678221 0.40000000 0.40000000 0.40000000
v 0.03744619 0.15390658 -0.00678221 0.40000000 0.40000000 0.40000000
v 0.07557607 0.15390658 -0.00678221 0.40000000 0.40000000 0.40000000
v 0.07557607 0.11176304 -0.00678227 0.40000000 0.40000000 0.40000000
v 0.07557607 0.11176304 -0.00678227 0.40000000 0.40000000 0.40000000
v 0.03744619 0.11176304 -0.00678221 0.40000000 0.40000000 0.40000000
v 0.03744619 0.15390658 -0.00678221 0.40000000 0.40000000 0.40000000
v -0.00358311 0.15390658 -0.00678221 0.40000000 0.40000000 0.40000000
v 0.03744619 0.15390658 -0.00678221 0.40000000 0.40000000 0.40000000
v 0.03744619 0.11176304 -0.00678221 0.40000000 0.40000000 0.40000000
v 0.03744619 0.11176304 -0.00678221 0.40000000 0.40000000 0.40000000
v -0.00358311 0.11176304 -0.00678227 0.40000000 0.40000000 0.40000000
v -0.00358311 0.15390658 -0.00678221 0.40000000 0.40000000 0.40000000
v 0.03744619 0.15390658 -0.00678221 0.40000000 0.40000000 0.40000000
v -0.00358311 0.15390658 -0.00678221 0.40000000 0.40000000 0.40000000
v -0.00361924 0.18209311 -0.00673686 0.40000000 0.40000000 0.40000000
v -0.00361924 0.18209311 -0.00673686 0.40000000 0.40000000 0.40000000
v 0.03782705 0.18209311 -0.00673686 0.40000000 0.40000000 0.40000000
v 0.03744619 0.15390658 -0.00678221 0.40000000 0.40000000 0.40000000
v 0.07557607 0.15390658 -0.00678221 0.40000000 0.40000000 0.40000000
v 0.03744619 0.15390658 -0.00678221 0.40000000 0.40000000 0.40000000
v 0.03782705 0.18209311 -0.00673686 0.40000000 0.40000000 0.40000000
v 0.03782705 0.18209311 -0.00673686 0.40000000 0.40000000 0.40000000
v 0.07636220 0.18208726 -0.00673436 0.40000000 0.40000000 0.40000000
v 0.07557607 0.15390658 -0.00678221 0.40000000 0.40000000 0.40000000
v 0.11862392 -0.21127602 0.02169618 0.40000000 0.40000000 0.40000000
v 0.11559267 -0.20637172 0.02273860 0.40000000 0.40000000 0.40000000
v 0.13723232 -0.19800650 0.02270503 0.40000000 0.40000000 0.40000000
v 0.13723232 -0.19800650 0.02270503 0.40000000 0.40000000 0.40000000
v 0.14066689 -0.20297329 0.02166829 0.40000000 0.40000000 0.40000000
v 0.11862392 -0.21127602 0.02169618 0.40000000 0.40000000 0.40000000
v 0.12174892 -0.21646450 0.02061653 0.40000000 0.40000000 0.40000000
v 0.11862392 -0.21127602 0.02169618 0.40000000 0.40000000 0.40000000
v 0.14066689 -0.20297329 0.02166829 0.40000000 0.40000000 0.40000000
v 0.14066689 -0.20297329 0.02166829 0.40000000 0.40000000 0.40000000
v 0.14426796 -0.20817642 0.02060115 0.40000000 0.40000000 0.40000000
v 0.12174892 -0.21646450 0.02061653 0.40000000 0.40000000 0.40000000
v 0.11862392 -0.21127602 0.02169618 0.40000000 0.40000000 0.40000000
v 0.12174892 -0.21646450 0.02061653 0.40000000 0.40000000 0.40000000
v 0.08707363 -0.21636195 0.02063942 0.40000000 0.40000000 0.40000000
v 0.08707363 -0.21636195 0.02063942 0.40000000 0.40000000 0.40000000
v 0.08479287 -0.21137759 0.02173805 0.40000000 0.40000000 0.40000000
v 0.11862392 -0.21127602 0.02169618 0.40000000 0.40000000 0.40000000
v 0.11559267 -0.20637172 0.02273860 0.40000000 0.40000000 0.40000000
v 0.11862392 -0.21127602 0.02169618 0.40000000 0.40000000 0.40000000
v 0.08479287 -0.21137759 0.02173805 0.40000000 0.40000000 0.40000000
v 0.08479287 -0.21137759 0.02173805 0.40000000 0.40000000 0.40000000
v 0.08253505 -0.20668717 0.02278902 0.40000000 0.40000000 0.40000000
v 0.11559267 -0.20637172 0.02273860 0.40000000 0.40000000 0.40000000
v 0.11476162 -0.20520180 0.02260280 0.40000000 0.40000000 0.40000000
v 0.08182753 -0.20555337 0.02263472 0.40000000 0.40000000 0.40000000
v 0.08187783 -0.20603774 0.01900258 0.40000000 0.40000000 0.40000000
v 0.08187783 -0.20603774 0.01900258 0.40000000 0.40000000 0.40000000
v 0.11496377 -0.20572524 0.01899458 0.40000000 0.40000000 0.40000000
v 0.11476162 -0.20520180 0.02260280 0.40000000 0.40000000 0.40000000
v 0.13639393 -0.19678774 0.02258156 0.40000000 0.40000000 0.40000000
v 0.11476162 -0.20520180 0.02260280 0.40000000 0.40000000 0.40000000
v 0.11496377 -0.20572524 0.01899458 0.40000000 0.40000000 0.40000000
v 0.11496377 -0.20572524 0.01899458 0.40000000 0.40000000 0.40000000
v 0.13673818 -0.19727896 0.01898933 0.40000000 0.40000000 0.40000000
v 0.13639393 -0.19678774 0.02258156 0.40000000 0.40000000 0.40000000
v 0.11476162 -0.20520180 0.02260280 0.40000000 0.40000000 0.40000000
v 0.13639393 -0.19678774 0.02258156 0.40000000 0.40000000 0.40000000
v 0.13723232 -0.19800650 0.02270503 0.40000000 0.40000000 0.40000000
v 0.13723232 -0.19800650 0.02270503 0.40000000 0.40000000 0.40000000
v 0.11559267 -0.20637172 0.02273860 0.40000000 0.40000000 0.40000000
v 0.11476162 -0.20520180 0.02260280 0.40000000 0.40000000 0.40000000
v 0.08182753 -0.20555337 0.02263472 0.40000000 0.40000000 0.40000000
v 0.11476162 -0.20520180 0.02260280 0.40000000 0.40000000 0.40000000
v 0.11559267 -0.20637172 0.02273860 0.40000000 0.40000000 0.40000000
v 0.11559267 -0.20637172 0.02273860 0.40000000 0.40000000 0.40000000
v 0.08253505 -0.20668717 0.02278902 0.40000000 0.40000000 0.40000000
v 0.08182753 -0.20555337 0.02263472 0.40000000 0.40000000 0.40000000
v 0.11032949 -0.19678579 -0.00656041 0.40000000 0.40000000 0.40000000
v 0.10689589 -0.18305728 -0.00672673 0.40000000 0.40000000 0.40000000
v 0.12279433 -0.17881703 -0.00667467 0.40000000 0.40000000 0.40000000
v 0.12279433 -0.17881703 -0.00667467 0.40000000 0.40000000 0.40000000
v 0.13099892 -0.18900064 -0.00654033 0.40000000 0.40000000 0.40000000
v 0.11032949 -0.19678579 -0.00656041 0.40000000 0.40000000 0.40000000
v 0.11377822 -0.20326234 -0.00593157 0.40000000 0.40000000 0.40000000
v 0.11032949 -0.19678579 -0.00656041 0.40000000 0.40000000 0.40000000
v 0.13099892 -0.18900064 -0.00654033 0.40000000 0.40000000 0.40000000
v 0.13099892 -0.18900064 -0.00654033 0.40000000 0.40000000 0.40000000
v 0.13523085 -0.19510610 -0.00590148 0.40000000 0.40000000 0.40000000
v 0.11377822 -0.20326234 -0.00593157 0.40000000 0.40000000 0.40000000
v 0.11032949 -0.19678579 -0.00656041 0.40000000 0.40000000 0.40000000
v 0.11377822 -0.20326234 -0.00593157 0.40000000 0.40000000 0.40000000
v 0.08108242 -0.20339908 -0.00597685 0.40000000 0.40000000 0.40000000
v 0.08108242 -0.20339908 -0.00597685 0.40000000 0.40000000 0.40000000
v 0.07871962 -0.19685221 -0.00659056 0.40000000 0.40000000 0.40000000
v 0.11032949 -0.19678579 -0.00656041 0.40000000 0.40000000 0.40000000
v 0.10689589 -0.18305728 -0.00672673 0.40000000 0.40000000 0.40000000
v 0.11032949 -0.19678579 -0.00656041 0.40000000 0.40000000 0.40000000
v 0.07871962 -0.19685221 -0.00659056 0.40000000 0.40000000 0.40000000
v 0.07871962 -0.19685221 -0.00659056 0.40000000 0.40000000 0.40000000
v 0.07636220 -0.18307388 -0.00673436 0.40000000 0.40000000 0.40000000
v 0.10689589 -0.18305728 -0.00672673 0.40000000 0.40000000 0.40000000
v 0.11496914 0.20598081 -0.00448863 0.40000000 0.40000000 0.40000000
v 0.08187978 0.20619664 -0.00451879 0.40000000 0.40000000 0.40000000
v 0.08189150 0.20647398 -0.00004411 0.40000000 0.40000000 0.40000000
v 0.08189150 0.20647398 -0.00004411 0.40000000 0.40000000 0.40000000
v 0.11501552 0.20619664 -0.00003655 0.40000000 0.40000000 0.40000000
v 0.11496914 0.20598081 -0.00448863 0.40000000 0.40000000 0.40000000
v 0.13672549 0.19616538 -0.00446855 0.40000000 0.40000000 0.40000000
v 0.11496914 0.20598081 -0.00448863 0.40000000 0.40000000 0.40000000
v 0.11501552 0.20619664 -0.00003655 0.40000000 0.40000000 0.40000000
v 0.11501552 0.20619664 -0.00003655 0.40000000 0.40000000 0.40000000
v 0.13682169 0.19630210 -0.00003154 0.40000000 0.40000000 0.40000000
v 0.13672549 0.19616538 -0.00446855 0.40000000 0.40000000 0.40000000
v 0.11496914 0.20598081 -0.00448863 0.40000000 0.40000000 0.40000000
v 0.13672549 0.19616538 -0.00446855 0.40000000 0.40000000 0.40000000
v 0.13523085 0.19402280 -0.00590148 0.40000000 0.40000000 0.40000000
v 0.13523085 0.19402280 -0.00590148 0.40000000 0.40000000 0.40000000
v 0.11377822 0.20363022 -0.00593157 0.40000000 0.40000000 0.40000000
v 0.11496914 0.20598081 -0.00448863 0.40000000 0.40000000 0.40000000
v 0.08187978 0.20619664 -0.00451879 0.40000000 0.40000000 0.40000000
v 0.11496914 0.20598081 -0.00448863 0.40000000 0.40000000 0.40000000
v 0.11377822 0.20363022 -0.00593157 0.40000000 0.40000000 0.40000000
v 0.11377822 0.20363022 -0.00593157 0.40000000 0.40000000 0.40000000
v 0.08108193 0.20376694 -0.00597679 0.40000000 0.40000000 0.40000000
v 0.08187978 0.20619664 -0.00451879 0.40000000 0.40000000 0.40000000
v 0.11503115 0.20626792 0.00961964 0.40000000 0.40000000 0.40000000
v 0.08189492 0.20656675 0.00961964 0.40000000 0.40000000 0.40000000
v 0.08187832 0.20640562 0.01900258 0.40000000 0.40000000 0.40000000
v 0.08187832 0.20640562 0.01900258 0.40000000 0.40000000 0.40000000
v 0.11496377 0.20609312 0.01899458 0.40000000 0.40000000 0.40000000
v 0.11503115 0.20626792 0.00961964 0.40000000 0.40000000 0.40000000
v 0.13685293 0.19634701 0.00961964 0.40000000 0.40000000 0.40000000
v 0.11503115 0.20626792 0.00961964 0.40000000 0.40000000 0.40000000
v 0.11496377 0.20609312 0.01899458 0.40000000 0.40000000 0.40000000
v 0.11496377 0.20609312 0.01899458 0.40000000 0.40000000 0.40000000
v 0.13673818 0.19618297 0.01898933 0.40000000 0.40000000 0.40000000
v 0.13685293 0.19634701 0.00961964 0.40000000 0.40000000 0.40000000
v 0.11503115 0.20626792 0.00961964 0.40000000 0.40000000 0.40000000
v 0.13685293 0.19634701 0.00961964 0.40000000 0.40000000 0.40000000
v 0.13682169 0.19630210 -0.00003154 0.40000000 0.40000000 0.40000000
v 0.13682169 0.19630210 -0.00003154 0.40000000 0.40000000 0.40000000
v 0.11501552 0.20619664 -0.00003655 0.40000000 0.40000000 0.40000000
v 0.11503115 0.20626792 0.00961964 0.40000000 0.40000000 0.40000000
v 0.08189492 0.20656675 0.00961964 0.40000000 0.40000000 0.40000000
v 0.11503115 0.20626792 0.00961964 0.40000000 0.40000000 0.40000000
v 0.11501552 0.20619664 -0.00003655 0.40000000 0.40000000 0.40000000
v 0.11501552 0.20619664 -0.00003655 0.40000000 0.40000000 0.40000000
v 0.08189150 0.20647398 -0.00004411 0.40000000 0.40000000 0.40000000
v 0.08189492 0.20656675 0.00961964 0.40000000 0.40000000 0.40000000
v 0.04201650 -0.21141079 0.02175203 0.40000000 0.40000000 0.40000000
v 0.04087392 -0.20679262 0.02280574 0.40000000 0.40000000 0.40000000
v 0.08253505 -0.20668717 0.02278902 0.40000000 0.40000000 0.40000000
v 0.08253505 -0.20668717 0.02278902 0.40000000 0.40000000 0.40000000
v 0.08479287 -0.21137759 0.02173805 0.40000000 0.40000000 0.40000000
v 0.04201650 -0.21141079 0.02175203 0.40000000 0.40000000 0.40000000
v 0.04315908 -0.21632876 0.02064705 0.40000000 0.40000000 0.40000000
v 0.04201650 -0.21141079 0.02175203 0.40000000 0.40000000 0.40000000
v 0.08479287 -0.21137759 0.02173805 0.40000000 0.40000000 0.40000000
v 0.08479287 -0.21137759 0.02173805 0.40000000 0.40000000 0.40000000
v 0.08707363 -0.21636195 0.02063942 0.40000000 0.40000000 0.40000000
v 0.04315908 -0.21632876 0.02064705 0.40000000 0.40000000 0.40000000
v 0.04201650 -0.21141079 0.02175203 0.40000000 0.40000000 0.40000000
v 0.04315908 -0.21632876 0.02064705 0.40000000 0.40000000 0.40000000
v -0.00413096 -0.21632779 0.02064705 0.40000000 0.40000000 0.40000000
v -0.00413096 -0.21632779 0.02064705 0.40000000 0.40000000 0.40000000
v -0.00402159 -0.21141079 0.02175203 0.40000000 0.40000000 0.40000000
v 0.04201650 -0.21141079 0.02175203 0.40000000 0.40000000 0.40000000
v 0.04087392 -0.20679262 0.02280574 0.40000000 0.40000000 0.40000000
v 0.04201650 -0.21141079 0.02175203 0.40000000 0.40000000 0.40000000
v -0.00402159 -0.21141079 0.02175203 0.40000000 0.40000000 0.40000000
v -0.00402159 -0.21141079 0.02175203 0.40000000 0.40000000 0.40000000
v -0.00391172 -0.20679262 0.02280574 0.40000000 0.40000000 0.40000000
v 0.04087392 -0.20679262 0.02280574 0.40000000 0.40000000 0.40000000
v 0.04049306 -0.20567057 0.02264540 0.40000000 0.40000000 0.40000000
v -0.00387559 -0.20567057 0.02264540 0.40000000 0.40000000 0.40000000
v -0.00387510 -0.20614126 0.01900526 0.40000000 0.40000000 0.40000000
v -0.00387510 -0.20614126 0.01900526 0.40000000 0.40000000 0.40000000
v 0.04049306 -0.20614126 0.01900520 0.40000000 0.40000000 0.40000000
v 0.04049306 -0.20567057 0.02264540 0.40000000 0.40000000 0.40000000
v 0.08182753 -0.20555337 0.02263472 0.40000000 0.40000000 0.40000000
v 0.04049306 -0.20567057 0.02264540 0.40000000 0.40000000 0.40000000
v 0.04049306 -0.20614126 0.01900520 0.40000000 0.40000000 0.40000000
v 0.04049306 -0.20614126 0.01900520 0.40000000 0.40000000 0.40000000
v 0.08187783 -0.20603774 0.01900258 0.40000000 0.40000000 0.40000000
v 0.08182753 -0.20555337 0.02263472 0.40000000 0.40000000 0.40000000
v 0.04049306 -0.20567057 0.02264540 0.40000000 0.40000000 0.40000000
v 0.08182753 -0.20555337 0.02263472 0.40000000 0.40000000 0.40000000
v 0.08253505 -0.20668717 0.02278902 0.40000000 0.40000000 0.40000000
v 0.08253505 -0.20668717 0.02278902 0.40000000 0.40000000 0.40000000
v 0.04087392 -0.20679262 0.02280574 0.40000000 0.40000000 0.40000000
v 0.04049306 -0.20567057 0.02264540 0.40000000 0.40000000 0.40000000
v -0.00387559 -0.20567057 0.02264540 0.40000000 0.40000000 0.40000000
v 0.04049306 -0.20567057 0.02264540 0.40000000 0.40000000 0.40000000
v 0.04087392 -0.20679262 0.02280574 0.40000000 0.40000000 0.40000000
v 0.04087392 -0.20679262 0.02280574 0.40000000 0.40000000 0.40000000
v -0.00391172 -0.20679262 0.02280574 0.40000000 0.40000000 0.40000000
v -0.00387559 -0.20567057 0.02264540 0.40000000 0.40000000 0.40000000
v 0.03896962 -0.19687368 -0.00660063 0.40000000 0.40000000 0.40000000
v 0.03782705 -0.18307877 -0.00673686 0.40000000 0.40000000 0.40000000
v 0.07636220 -0.18307388 -0.00673436 0.40000000 0.40000000 0.40000000
v 0.07636220 -0.18307388 -0.00673436 0.40000000 0.40000000 0.40000000
v 0.07871962 -0.19685221 -0.00659056 0.40000000 0.40000000 0.40000000
v 0.03896962 -0.19687368 -0.00660063 0.40000000 0.40000000 0.40000000
v 0.04011220 -0.20344497 -0.00599187 0.40000000 0.40000000 0.40000000
v 0.03896962 -0.19687368 -0.00660063 0.40000000 0.40000000 0.40000000
v 0.07871962 -0.19685221 -0.00659056 0.40000000 0.40000000 0.40000000
v 0.07871962 -0.19685221 -0.00659056 0.40000000 0.40000000 0.40000000
v 0.08108242 -0.20339908 -0.00597685 0.40000000 0.40000000 0.40000000
v 0.04011220 -0.20344497 -0.00599187 0.40000000 0.40000000 0.40000000
v 0.03896962 -0.19687368 -0.00660063 0.40000000 0.40000000 0.40000000
v 0.04011220 -0.20344497 -0.00599187 0.40000000 0.40000000 0.40000000
v -0.00383897 -0.20344497 -0.00599187 0.40000000 0.40000000 0.40000000
v -0.00383897 -0.20344497 -0.00599187 0.40000000 0.40000000 0.40000000
v -0.00372959 -0.19687368 -0.00660063 0.40000000 0.40000000 0.40000000
v 0.03896962 -0.19687368 -0.00660063 0.40000000 0.40000000 0.40000000
v 0.03782705 -0.18307877 -0.00673686 0.40000000 0.40000000 0.40000000
v 0.03896962 -0.19687368 -0.00660063 0.40000000 0.40000000 0.40000000
v -0.00372959 -0.19687368 -0.00660063 0.40000000 0.40000000 0.40000000
v -0.00372959 -0.19687368 -0.00660063 0.40000000 0.40000000 0.40000000
v -0.00361924 -0.18307877 -0.00673686 0.40000000 0.40000000 0.40000000
v 0.03782705 -0.18307877 -0.00673686 0.40000000 0.40000000 0.40000000
v 0.04049306 0.20626792 -0.00452886 0.40000000 0.40000000 0.40000000
v -0.00387559 0.20626792 -0.00452886 0.40000000 0.40000000 0.40000000
v -0.00387510 0.20656675 -0.00004662 0.40000000 0.40000000 0.40000000
v -0.00387510 0.20656675 -0.00004662 0.40000000 0.40000000 0.40000000
v 0.04049306 0.20656675 -0.00004668 0.40000000 0.40000000 0.40000000
v 0.04049306 0.20626792 -0.00452886 0.40000000 0.40000000 0.40000000
v 0.08187978 0.20619664 -0.00451879 0.40000000 0.40000000 0.40000000
v 0.04049306 0.20626792 -0.00452886 0.40000000 0.40000000 0.40000000
v 0.04049306 0.20656675 -0.00004668 0.40000000 0.40000000 0.40000000
v 0.04049306 0.20656675 -0.00004668 0.40000000 0.40000000 0.40000000
v 0.08189150 0.20647398 -0.00004411 0.40000000 0.40000000 0.40000000
v 0.08187978 0.20619664 -0.00451879 0.40000000 0.40000000 0.40000000
v 0.04049306 0.20626792 -0.00452886 0.40000000 0.40000000 0.40000000
v 0.08187978 0.20619664 -0.00451879 0.40000000 0.40000000 0.40000000
v 0.08108193 0.20376694 -0.00597679 0.40000000 0.40000000 0.40000000
v 0.08108193 0.20376694 -0.00597679 0.40000000 0.40000000 0.40000000
v 0.04011220 0.20381187 -0.00599187 0.40000000 0.40000000 0.40000000
v 0.04049306 0.20626792 -0.00452886 0.40000000 0.40000000 0.40000000
v -0.00387559 0.20626792 -0.00452886 0.40000000 0.40000000 0.40000000
v 0.04049306 0.20626792 -0.00452886 0.40000000 0.40000000 0.40000000
v 0.04011220 0.20381187 -0.00599187 0.40000000 0.40000000 0.40000000
v 0.04011220 0.20381187 -0.00599187 0.40000000 0.40000000 0.40000000
v -0.00383897 0.20381187 -0.00599193 0.40000000 0.40000000 0.40000000
v -0.00387559 0.20626792 -0.00452886 0.40000000 0.40000000 0.40000000
v 0.04049306 0.20666538 0.00961964 0.40000000 0.40000000 0.40000000
v -0.00387559 0.20666538 0.00961964 0.40000000 0.40000000 0.40000000
v -0.00387510 0.20650913 0.01900520 0.40000000 0.40000000 0.40000000
v -0.00387510 0.20650913 0.01900520 0.40000000 0.40000000 0.40000000
v 0.04049306 0.20650913 0.01900520 0.40000000 0.40000000 0.40000000
v 0.04049306 0.20666538 0.00961964 0.40000000 0.40000000 0.40000000
v 0.08189492 0.20656675 0.00961964 0.40000000 0.40000000 0.40000000
v 0.04049306 0.20666538 0.00961964 0.40000000 0.40000000 0.40000000
v 0.04049306 0.20650913 0.01900520 0.40000000 0.40000000 0.40000000
v 0.04049306 0.20650913 0.01900520 0.40000000 0.40000000 0.40000000
v 0.08187832 0.20640562 0.01900258 0.40000000 0.40000000 0.40000000
v 0.08189492 0.20656675 0.00961964 0.40000000 0.40000000 0.40000000
v 0.04049306 0.20666538 0.00961964 0.40000000 0.40000000 0.40000000
v 0.08189492 0.20656675 0.00961964 0.40000000 0.40000000 0.40000000
v 0.08189150 0.20647398 -0.00004411 0.40000000 0.40000000 0.40000000
v 0.08189150 0.20647398 -0.00004411 0.40000000 0.40000000 0.40000000
v 0.04049306 0.20656675 -0.00004668 0.40000000 0.40000000 0.40000000
v 0.04049306 0.20666538 0.00961964 0.40000000 0.40000000 0.40000000
v -0.00387559 0.20666538 0.00961964 0.40000000 0.40000000 0.40000000
v 0.04049306 0.20666538 0.00961964 0.40000000 0.40000000 0.40000000
v 0.04049306 0.20656675 -0.00004668 0.40000000 0.40000000 0.40000000
v 0.04049306 0.20656675 -0.00004668 0.40000000 0.40000000 0.40000000
v -0.00387510 0.20656675 -0.00004662 0.40000000 0.40000000 0.40000000
v -0.00387559 0.20666538 0.00961964 0.40000000 0.40000000 0.40000000
v -0.04764024 0.21177866 0.02175203 0.40000000 0.40000000 0.40000000
v -0.04634434 0.20716050 0.02280574 0.40000000 0.40000000 0.40000000
v -0.08437657 0.20705405 0.02278902 0.40000000 0.40000000 0.40000000
v -0.08437657 0.20705405 0.02278902 0.40000000 0.40000000 0.40000000
v -0.08668614 0.21174449 0.02173805 0.40000000 0.40000000 0.40000000
v -0.04764024 0.21177866 0.02175203 0.40000000 0.40000000 0.40000000
v -0.04893663 0.21669565 0.02064705 0.40000000 0.40000000 0.40000000
v -0.04764024 0.21177866 0.02175203 0.40000000 0.40000000 0.40000000
v -0.08668614 0.21174449 0.02173805 0.40000000 0.40000000 0.40000000
v -0.08668614 0.21174449 0.02173805 0.40000000 0.40000000 0.40000000
v -0.08901866 0.21672983 0.02063942 0.40000000 0.40000000 0.40000000
v -0.04893663 0.21669565 0.02064705 0.40000000 0.40000000 0.40000000
v -0.04764024 0.21177866 0.02175203 0.40000000 0.40000000 0.40000000
v -0.04893663 0.21669565 0.02064705 0.40000000 0.40000000 0.40000000
v -0.00413096 0.21669565 0.02064705 0.40000000 0.40000000 0.40000000
v -0.00413096 0.21669565 0.02064705 0.40000000 0.40000000 0.40000000
v -0.00402159 0.21177769 0.02175203 0.40000000 0.40000000 0.40000000
v -0.04764024 0.21177866 0.02175203 0.40000000 0.40000000 0.40000000
v -0.04634434 0.20716050 0.02280574 0.40000000 0.40000000 0.40000000
v -0.04764024 0.21177866 0.02175203 0.40000000 0.40000000 0.40000000
v -0.00402159 0.21177769 0.02175203 0.40000000 0.40000000 0.40000000
v -0.00402159 0.21177769 0.02175203 0.40000000 0.40000000 0.40000000
v -0.00391172 0.20715952 0.02280574 0.40000000 0.40000000 0.40000000
v -0.04634434 0.20716050 0.02280574 0.40000000 0.40000000 0.40000000
v -0.04591221 0.20603843 0.02264540 0.40000000 0.40000000 0.40000000
v -0.00387559 0.20603843 0.02264540 0.40000000 0.40000000 0.40000000
v -0.00387510 0.20650913 0.01900520 0.40000000 0.40000000 0.40000000
v -0.00387510 0.20650913 0.01900520 0.40000000 0.40000000 0.40000000
v -0.04591221 0.20650913 0.01900520 0.40000000 0.40000000 0.40000000
v -0.04591221 0.20603843 0.02264540 0.40000000 0.40000000 0.40000000
v -0.08365147 0.20592123 0.02263472 0.40000000 0.40000000 0.40000000
v -0.04591221 0.20603843 0.02264540 0.40000000 0.40000000 0.40000000
v -0.04591221 0.20650913 0.01900520 0.40000000 0.40000000 0.40000000
v -0.04591221 0.20650913 0.01900520 0.40000000 0.40000000 0.40000000
v -0.08370176 0.20640562 0.01900258 0.40000000 0.40000000 0.40000000
v -0.08365147 0.20592123 0.02263472 0.40000000 0.40000000 0.40000000
v -0.04591221 0.20603843 0.02264540 0.40000000 0.40000000 0.40000000
v -0.08365147 0.20592123 0.02263472 0.40000000 0.40000000 0.40000000
v -0.08437657 0.20705405 0.02278902 0.40000000 0.40000000 0.40000000
v -0.08437657 0.20705405 0.02278902 0.40000000 0.40000000 0.40000000
v -0.04634434 0.20716050 0.02280574 0.40000000 0.40000000 0.40000000
v -0.04591221 0.20603843 0.02264540 0.40000000 0.40000000 0.40000000
v -0.00387559 0.20603843 0.02264540 0.40000000 0.40000000 0.40000000
v -0.04591221 0.20603843 0.02264540 0.40000000 0.40000000 0.40000000
v -0.04634434 0.20716050 0.02280574 0.40000000 0.40000000 0.40000000
v -0.04634434 0.20716050 0.02280574 0.40000000 0.40000000 0.40000000
v -0.00391172 0.20715952 0.02280574 0.40000000 0.40000000 0.40000000
v -0.00387559 0.20603843 0.02264540 0.40000000 0.40000000 0.40000000
v -0.04418370 0.19724058 -0.00660063 0.40000000 0.40000000 0.40000000
v -0.04288731 0.18209311 -0.00673686 0.40000000 0.40000000 0.40000000
v -0.07806456 0.18208726 -0.00673436 0.40000000 0.40000000 0.40000000
v -0.07806456 0.18208726 -0.00673436 0.40000000 0.40000000 0.40000000
v -0.08047422 0.19721812 -0.00659056 0.40000000 0.40000000 0.40000000
v -0.04418370 0.19724058 -0.00660063 0.40000000 0.40000000 0.40000000
v -0.04548008 0.20381187 -0.00599187 0.40000000 0.40000000 0.40000000
v -0.04418370 0.19724058 -0.00660063 0.40000000 0.40000000 0.40000000
v -0.08047422 0.19721812 -0.00659056 0.40000000 0.40000000 0.40000000
v -0.08047422 0.19721812 -0.00659056 0.40000000 0.40000000 0.40000000
v -0.08288829 0.20376694 -0.00597685 0.40000000 0.40000000 0.40000000
v -0.04548008 0.20381187 -0.00599187 0.40000000 0.40000000 0.40000000
v -0.04418370 0.19724058 -0.00660063 0.40000000 0.40000000 0.40000000
v -0.04548008 0.20381187 -0.00599187 0.40000000 0.40000000 0.40000000
v -0.00383897 0.20381187 -0.00599193 0.40000000 0.40000000 0.40000000
v -0.00383897 0.20381187 -0.00599193 0.40000000 0.40000000 0.40000000
v -0.00372959 0.19724058 -0.00660063 0.40000000 0.40000000 0.40000000
v -0.04418370 0.19724058 -0.00660063 0.40000000 0.40000000 0.40000000
v -0.04288731 0.18209311 -0.00673686 0.40000000 0.40000000 0.40000000
v -0.04418370 0.19724058 -0.00660063 0.40000000 0.40000000 0.40000000
v -0.00372959 0.19724058 -0.00660063 0.40000000 0.40000000 0.40000000
v -0.00372959 0.19724058 -0.00660063 0.40000000 0.40000000 0.40000000
v -0.00361924 0.18209311 -0.00673686 0.40000000 0.40000000 0.40000000
v -0.04288731 0.18209311 -0.00673686 0.40000000 0.40000000 0.40000000
v -0.04245518 -0.15895376 -0.00678221 0.40000000 0.40000000 0.40000000
v -0.00358311 -0.15895376 -0.00678221 0.40000000 0.40000000 0.40000000
v -0.00361924 -0.18307877 -0.00673686 0.40000000 0.40000000 0.40000000
v -0.00361924 -0.18307877 -0.00673686 0.40000000 0.40000000 0.40000000
v -0.04288731 -0.18307877 -0.00673686 0.40000000 0.40000000 0.40000000
v -0.04245518 -0.15895376 -0.00678221 0.40000000 0.40000000 0.40000000
v -0.07726084 -0.15895376 -0.00678221 0.40000000 0.40000000 0.40000000
v -0.04245518 -0.15895376 -0.00678221 0.40000000 0.40000000 0.40000000
v -0.04288731 -0.18307877 -0.00673686 0.40000000 0.40000000 0.40000000
v -0.04288731 -0.18307877 -0.00673686 0.40000000 0.40000000 0.40000000
v -0.07806456 -0.18307289 -0.00673436 0.40000000 0.40000000 0.40000000
v -0.07726084 -0.15895376 -0.00678221 0.40000000 0.40000000 0.40000000
v -0.04245518 -0.15895376 -0.00678221 0.40000000 0.40000000 0.40000000
v -0.07726084 -0.15895376 -0.00678221 0.40000000 0.40000000 0.40000000
v -0.07726182 -0.12199282 -0.00678227 0.40000000 0.40000000 0.40000000
v -0.07726182 -0.12199282 -0.00678227 0.40000000 0.40000000 0.40000000
v -0.04245518 -0.12199282 -0.00678221 0.40000000 0.40000000 0.40000000
v -0.04245518 -0.15895376 -0.00678221 0.40000000 0.40000000 0.40000000
v -0.00358311 -0.15895376 -0.00678221 0.40000000 0.40000000 0.40000000
v -0.04245518 -0.15895376 -0.00678221 0.40000000 0.40000000 0.40000000
v -0.04245518 -0.12199282 -0.00678221 0.40000000 0.40000000 0.40000000
v -0.04245518 -0.12199282 -0.00678221 0.40000000 0.40000000 0.40000000
v -0.00358311 -0.12199282 -0.00678227 0.40000000 0.40000000 0.40000000
v -0.00358311 -0.15895376 -0.00678221 0.40000000 0.40000000 0.40000000
v -0.04591221 -0.20590004 -0.00452886 0.40000000 0.40000000 0.40000000
v -0.00387559 -0.20590004 -0.00452886 0.40000000 0.40000000 0.40000000
v -0.00387510 -0.20619889 -0.00004662 0.40000000 0.40000000 0.40000000
v -0.00387510 -0.20619889 -0.00004662 0.40000000 0.40000000 0.40000000
v -0.04591221 -0.20619889 -0.00004668 0.40000000 0.40000000 0.40000000
v -0.04591221 -0.20590004 -0.00452886 0.40000000 0.40000000 0.40000000
v -0.08370323 -0.20582876 -0.00451879 0.40000000 0.40000000 0.40000000
v -0.04591221 -0.20590004 -0.00452886 0.40000000 0.40000000 0.40000000
v -0.04591221 -0.20619889 -0.00004668 0.40000000 0.40000000 0.40000000
v -0.04591221 -0.20619889 -0.00004668 0.40000000 0.40000000 0.40000000
v -0.08371495 -0.20610610 -0.00004411 0.40000000 0.40000000 0.40000000
v -0.08370323 -0.20582876 -0.00451879 0.40000000 0.40000000 0.40000000
v -0.04591221 -0.20590004 -0.00452886 0.40000000 0.40000000 0.40000000
v -0.08370323 -0.20582876 -0.00451879 0.40000000 0.40000000 0.40000000
v -0.08288829 -0.20339908 -0.00597679 0.40000000 0.40000000 0.40000000
v -0.08288829 -0.20339908 -0.00597679 0.40000000 0.40000000 0.40000000
v -0.04548008 -0.20344497 -0.00599187 0.40000000 0.40000000 0.40000000
v -0.04591221 -0.20590004 -0.00452886 0.40000000 0.40000000 0.40000000
v -0.00387559 -0.20590004 -0.00452886 0.40000000 0.40000000 0.40000000
v -0.04591221 -0.20590004 -0.00452886 0.40000000 0.40000000 0.40000000
v -0.04548008 -0.20344497 -0.00599187 0.40000000 0.40000000 0.40000000
v -0.04548008 -0.20344497 -0.00599187 0.40000000 0.40000000 0.40000000
v -0.00383897 -0.20344497 -0.00599187 0.40000000 0.40000000 0.40000000
v -0.00387559 -0.20590004 -0.00452886 0.40000000 0.40000000 0.40000000
v -0.04591221 -0.20629752 0.00961964 0.40000000 0.40000000 0.40000000
v -0.00387559 -0.20629752 0.00961964 0.40000000 0.40000000 0.40000000
v -0.00387510 -0.20614126 0.01900526 0.40000000 0.40000000 0.40000000
v -0.00387510 -0.20614126 0.01900526 0.40000000 0.40000000 0.40000000
v -0.04591221 -0.20614126 0.01900520 0.40000000 0.40000000 0.40000000
v -0.04591221 -0.20629752 0.00961964 0.40000000 0.40000000 0.40000000
v -0.08371885 -0.20619889 0.00961964 0.40000000 0.40000000 0.40000000
v -0.04591221 -0.20629752 0.00961964 0.40000000 0.40000000 0.40000000
v -0.04591221 -0.20614126 0.01900520 0.40000000 0.40000000 0.40000000
v -0.04591221 -0.20614126 0.01900520 0.40000000 0.40000000 0.40000000
v -0.08370225 -0.20603774 0.01900258 0.40000000 0.40000000 0.40000000
v -0.08371885 -0.20619889 0.00961964 0.40000000 0.40000000 0.40000000
v -0.04591221 -0.20629752 0.00961964 0.40000000 0.40000000 0.40000000
v -0.08371885 -0.20619889 0.00961964 0.40000000 0.40000000 0.40000000
v -0.08371495 -0.20610610 -0.00004411 0.40000000 0.40000000 0.40000000
v -0.08371495 -0.20610610 -0.00004411 0.40000000 0.40000000 0.40000000
v -0.04591221 -0.20619889 -0.00004668 0.40000000 0.40000000 0.40000000
v -0.04591221 -0.20629752 0.00961964 0.40000000 0.40000000 0.40000000
v -0.00387559 -0.20629752 0.00961964 0.40000000 0.40000000 0.40000000
v -0.04591221 -0.20629752 0.00961964 0.40000000 0.40000000 0.40000000
v -0.04591221 -0.20619889 -0.00004668 0.40000000 0.40000000 0.40000000
v -0.04591221 -0.20619889 -0.00004668 0.40000000 0.40000000 0.40000000
v -0.00387510 -0.20619889 -0.00004662 0.40000000 0.40000000 0.40000000
v -0.00387559 -0.20629752 0.00961964 0.40000000 0.40000000 0.40000000
v -0.04245518 -0.06968911 -0.00678221 0.40000000 0.40000000 0.40000000
v -0.00358311 -0.06968911 -0.00678221 0.40000000 0.40000000 0.40000000
v -0.00358311 -0.12199282 -0.00678227 0.40000000 0.40000000 0.40000000
v -0.00358311 -0.12199282 -0.00678227 0.40000000 0.40000000 0.40000000
v -0.04245518 -0.12199282 -0.00678221 0.40000000 0.40000000 0.40000000
v -0.04245518 -0.06968911 -0.00678221 0.40000000 0.40000000 0.40000000
v -0.07726084 -0.06968911 -0.00678221 0.40000000 0.40000000 0.40000000
v -0.04245518 -0.06968911 -0.00678221 0.40000000 0.40000000 0.40000000
v -0.04245518 -0.12199282 -0.00678221 0.40000000 0.40000000 0.40000000
v -0.04245518 -0.12199282 -0.00678221 0.40000000 0.40000000 0.40000000
v -0.07726182 -0.12199282 -0.00678227 0.40000000 0.40000000 0.40000000
v -0.07726084 -0.06968911 -0.00678221 0.40000000 0.40000000 0.40000000
v -0.04245518 -0.06968911 -0.00678221 0.40000000 0.40000000 0.40000000
v -0.07726084 -0.06968911 -0.00678221 0.40000000 0.40000000 0.40000000
v -0.07726182 -0.00859438 -0.00678227 0.40000000 0.40000000 0.40000000
v -0.07726182 -0.00859438 -0.00678227 0.40000000 0.40000000 0.40000000
v -0.04245518 -0.00859438 -0.00678221 0.40000000 0.40000000 0.40000000
v -0.04245518 -0.06968911 -0.00678221 0.40000000 0.40000000 0.40000000
v -0.00358311 -0.06968911 -0.00678221 0.40000000 0.40000000 0.40000000
v -0.04245518 -0.06968911 -0.00678221 0.40000000 0.40000000 0.40000000
v -0.04245518 -0.00859438 -0.00678221 0.40000000 0.40000000 0.40000000
v -0.04245518 -0.00859438 -0.00678221 0.40000000 0.40000000 0.40000000
v -0.00358311 -0.00859438 -0.00678227 0.40000000 0.40000000 0.40000000
v -0.00358311 -0.06968911 -0.00678221 0.40000000 0.40000000 0.40000000
v -0.04245518 0.05474351 -0.00678221 0.40000000 0.40000000 0.40000000
v -0.00358311 0.05474351 -0.00678221 0.40000000 0.40000000 0.40000000
v -0.00358311 -0.00859438 -0.00678227 0.40000000 0.40000000 0.40000000
v -0.00358311 -0.00859438 -0.00678227 0.40000000 0.40000000 0.40000000
v -0.04245518 -0.00859438 -0.00678221 0.40000000 0.40000000 0.40000000
v -0.04245518 0.05474351 -0.00678221 0.40000000 0.40000000 0.40000000
v -0.07726084 0.05474351 -0.00678221 0.40000000 0.40000000 0.40000000
v -0.04245518 0.05474351 -0.00678221 0.40000000 0.40000000 0.40000000
v -0.04245518 -0.00859438 -0.00678221 0.40000000 0.40000000 0.40000000
v -0.04245518 -0.00859438 -0.00678221 0.40000000 0.40000000 0.40000000
v -0.07726182 -0.00859438 -0.00678227 0.40000000 0.40000000 0.40000000
v -0.07726084 0.05474351 -0.00678221 0.40000000 0.40000000 0.40000000
v -0.04245518 0.05474351 -0.00678221 0.40000000 0.40000000 0.40000000
v -0.07726084 0.05474351 -0.00678221 0.40000000 0.40000000 0.40000000
v -0.07726182 0.11176304 -0.00678227 0.40000000 0.40000000 0.40000000
v -0.07726182 0.11176304 -0.00678227 0.40000000 0.40000000 0.40000000
v -0.04245518 0.11176304 -0.00678221 0.40000000 0.40000000 0.40000000
v -0.04245518 0.05474351 -0.00678221 0.40000000 0.40000000 0.40000000
v -0.00358311 0.05474351 -0.00678221 0.40000000 0.40000000 0.40000000
v -0.04245518 0.05474351 -0.00678221 0.40000000 0.40000000 0.40000000
v -0.04245518 0.11176304 -0.00678221 0.40000000 0.40000000 0.40000000
v -0.04245518 0.11176304 -0.00678221 0.40000000 0.40000000 0.40000000
v -0.00358311 0.11176304 -0.00678227 0.40000000 0.40000000 0.40000000
v -0.00358311 0.05474351 -0.00678221 0.40000000 0.40000000 0.40000000
v -0.04245518 0.15390658 -0.00678221 0.40000000 0.40000000 0.40000000
v -0.00358311 0.15390658 -0.00678221 0.40000000 0.40000000 0.40000000
v -0.00358311 0.11176304 -0.00678227 0.40000000 0.40000000 0.40000000
v -0.00358311 0.11176304 -0.00678227 0.40000000 0.40000000 0.40000000
v -0.04245518 0.11176304 -0.00678221 0.40000000 0.40000000 0.40000000
v -0.04245518 0.15390658 -0.00678221 0.40000000 0.40000000 0.40000000
v -0.07726084 0.15390658 -0.00678221 0.40000000 0.40000000 0.40000000
v -0.04245518 0.15390658 -0.00678221 0.40000000 0.40000000 0.40000000
v -0.04245518 0.11176304 -0.00678221 0.40000000 0.40000000 0.40000000
v -0.04245518 0.11176304 -0.00678221 0.40000000 0.40000000 0.40000000
v -0.07726182 0.11176304 -0.00678227 0.40000000 0.40000000 0.40000000
v -0.07726084 0.15390658 -0.00678221 0.40000000 0.40000000 0.40000000
v -0.04245518 0.15390658 -0.00678221 0.40000000 0.40000000 0.40000000
v -0.07726084 0.15390658 -0.00678221 0.40000000 0.40000000 0.40000000
v -0.07806456 0.18208726 -0.00673436 0.40000000 0.40000000 0.40000000
v -0.07806456 0.18208726 -0.00673436 0.40000000 0.40000000 0.40000000
v -0.04288731 0.18209311 -0.00673686 0.40000000 0.40000000 0.40000000
v -0.04245518 0.15390658 -0.00678221 0.40000000 0.40000000 0.40000000
v -0.00358311 0.15390658 -0.00678221 0.40000000 0.40000000 0.40000000
v -0.04245518 0.15390658 -0.00678221 0.40000000 0.40000000 0.40000000
v -0.04288731 0.18209311 -0.00673686 0.40000000 0.40000000 0.40000000
v -0.04288731 0.18209311 -0.00673686 0.40000000 0.40000000 0.40000000
v -0.00361924 0.18209311 -0.00673686 0.40000000 0.40000000 0.40000000
v -0.00358311 0.15390658 -0.00678221 0.40000000 0.40000000 0.40000000
v -0.12325596 -0.21848403 0.02064052 0.40000000 0.40000000 0.40000000
v -0.08981358 -0.21838149 0.02065047 0.40000000 0.40000000 0.40000000
v -0.08904698 -0.21686782 0.02148006 0.40000000 0.40000000 0.40000000
v -0.08904698 -0.21686782 0.02148006 0.40000000 0.40000000 0.40000000
v -0.12225498 -0.21689321 0.02147761 0.40000000 0.40000000 0.40000000
v -0.12325596 -0.21848403 0.02064052 0.40000000 0.40000000 0.40000000
v -0.14568809 -0.21010806 0.02063386 0.40000000 0.40000000 0.40000000
v -0.12325596 -0.21848403 0.02064052 0.40000000 0.40000000 0.40000000
v -0.12225498 -0.21689321 0.02147761 0.40000000 0.40000000 0.40000000
v -0.12225498 -0.21689321 0.02147761 0.40000000 0.40000000 0.40000000
v -0.14456700 -0.20848696 0.02147590 0.40000000 0.40000000 0.40000000
v -0.14568809 -0.21010806 0.02063386 0.40000000 0.40000000 0.40000000
v -0.12325596 -0.21848403 0.02064052 0.40000000 0.40000000 0.40000000
v -0.14568809 -0.21010806 0.02063386 0.40000000 0.40000000 0.40000000
v -0.14434922 -0.20817642 0.02060115 0.40000000 0.40000000 0.40000000
v -0.14434922 -0.20817642 0.02060115 0.40000000 0.40000000 0.40000000
v -0.12214073 -0.21646450 0.02061653 0.40000000 0.40000000 0.40000000
v -0.12325596 -0.21848403 0.02064052 0.40000000 0.40000000 0.40000000
v -0.08981358 -0.21838149 0.02065047 0.40000000 0.40000000 0.40000000
v -0.12325596 -0.21848403 0.02064052 0.40000000 0.40000000 0.40000000
v -0.12214073 -0.21646450 0.02061653 0.40000000 0.40000000 0.40000000
v -0.12214073 -0.21646450 0.02061653 0.40000000 0.40000000 0.40000000
v -0.08901817 -0.21636195 0.02063942 0.40000000 0.40000000 0.40000000
v -0.08981358 -0.21838149 0.02065047 0.40000000 0.40000000 0.40000000
v 0.15312392 -0.18471158 0.02064052 0.40000000 0.40000000 0.40000000
v 0.15305214 -0.14184438 0.02065047 0.40000000 0.40000000 0.40000000
v 0.15199161 -0.14062954 0.02148006 0.40000000 0.40000000 0.40000000
v 0.15199161 -0.14062954 0.02148006 0.40000000 0.40000000 0.40000000
v 0.15200967 -0.18320376 0.02147761 0.40000000 0.40000000 0.40000000
v 0.15312392 -0.18471158 0.02064052 0.40000000 0.40000000 0.40000000
v 0.14560537 -0.21010806 0.02063386 0.40000000 0.40000000 0.40000000
v 0.15312392 -0.18471158 0.02064052 0.40000000 0.40000000 0.40000000
v 0.15200967 -0.18320376 0.02147761 0.40000000 0.40000000 0.40000000
v 0.15200967 -0.18320376 0.02147761 0.40000000 0.40000000 0.40000000
v 0.14448476 -0.20848696 0.02147590 0.40000000 0.40000000 0.40000000
v 0.14560537 -0.21010806 0.02063386 0.40000000 0.40000000 0.40000000
v 0.15312392 -0.18471158 0.02064052 0.40000000 0.40000000 0.40000000
v 0.14560537 -0.21010806 0.02063386 0.40000000 0.40000000 0.40000000
v 0.14426796 -0.20817642 0.02060115 0.40000000 0.40000000 0.40000000
v 0.14426796 -0.20817642 0.02060115 0.40000000 0.40000000 0.40000000
v 0.15170985 -0.18304066 0.02061653 0.40000000 0.40000000 0.40000000
v 0.15312392 -0.18471158 0.02064052 0.40000000 0.40000000 0.40000000
v 0.15305214 -0.14184438 0.02065047 0.40000000 0.40000000 0.40000000
v 0.15312392 -0.18471158 0.02064052 0.40000000 0.40000000 0.40000000
v 0.15170985 -0.18304066 0.02061653 0.40000000 0.40000000 0.40000000
v 0.15170985 -0.18304066 0.02061653 0.40000000 0.40000000 0.40000000
v 0.15163857 -0.14058854 0.02063942 0.40000000 0.40000000 0.40000000
v 0.15305214 -0.14184438 0.02065047 0.40000000 0.40000000 0.40000000
v 0.12286025 0.21885093 0.02064058 0.40000000 0.40000000 0.40000000
v 0.08785097 0.21874937 0.02065053 0.40000000 0.40000000 0.40000000
v 0.08710195 0.21723472 0.02148006 0.40000000 0.40000000 0.40000000
v 0.08710195 0.21723472 0.02148006 0.40000000 0.40000000 0.40000000
v 0.12186269 0.21726011 0.02147761 0.40000000 0.40000000 0.40000000
v 0.12286025 0.21885093 0.02064058 0.40000000 0.40000000 0.40000000
v 0.14560537 0.20890170 0.02063392 0.40000000 0.40000000 0.40000000
v 0.12286025 0.21885093 0.02064058 0.40000000 0.40000000 0.40000000
v 0.12186269 0.21726011 0.02147761 0.40000000 0.40000000 0.40000000
v 0.12186269 0.21726011 0.02147761 0.40000000 0.40000000 0.40000000
v 0.14448476 0.20729429 0.02147590 0.40000000 0.40000000 0.40000000
v 0.14560537 0.20890170 0.02063392 0.40000000 0.40000000 0.40000000
v 0.12286025 0.21885093 0.02064058 0.40000000 0.40000000 0.40000000
v 0.14560537 0.20890170 0.02063392 0.40000000 0.40000000 0.40000000
v 0.14426748 0.20698375 0.02060115 0.40000000 0.40000000 0.40000000
v 0.14426748 0.20698375 0.02060115 0.40000000 0.40000000 0.40000000
v 0.12174892 0.21683140 0.02061653 0.40000000 0.40000000 0.40000000
v 0.12286025 0.21885093 0.02064058 0.40000000 0.40000000 0.40000000
v 0.08785097 0.21874937 0.02065053 0.40000000 0.40000000 0.40000000
v 0.12286025 0.21885093 0.02064058 0.40000000 0.40000000 0.40000000
v 0.12174892 0.21683140 0.02061653 0.40000000 0.40000000 0.40000000
v 0.12174892 0.21683140 0.02061653 0.40000000 0.40000000 0.40000000
v 0.08707363 0.21672983 0.02063942 0.40000000 0.40000000 0.40000000
v 0.08785097 0.21874937 0.02065053 0.40000000 0.40000000 0.40000000
v -0.15310264 0.17878158 0.02064052 0.40000000 0.40000000 0.40000000
v -0.15303086 0.12988999 0.02065047 0.40000000 0.40000000 0.40000000
v -0.15196984 0.12878159 0.02148006 0.40000000 0.40000000 0.40000000
v -0.15196984 0.12878159 0.02148006 0.40000000 0.40000000 0.40000000
v -0.15198839 0.17732944 0.02147761 0.40000000 0.40000000 0.40000000
v -0.15310264 0.17878158 0.02064052 0.40000000 0.40000000 0.40000000
v -0.14568858 0.20890170 0.02063386 0.40000000 0.40000000 0.40000000
v -0.15310264 0.17878158 0.02064052 0.40000000 0.40000000 0.40000000
v -0.15198839 0.17732944 0.02147761 0.40000000 0.40000000 0.40000000
v -0.15198839 0.17732944 0.02147761 0.40000000 0.40000000 0.40000000
v -0.14456700 0.20729429 0.02147590 0.40000000 0.40000000 0.40000000
v -0.14568858 0.20890170 0.02063386 0.40000000 0.40000000 0.40000000
v -0.15310264 0.17878158 0.02064052 0.40000000 0.40000000 0.40000000
v -0.14568858 0.20890170 0.02063386 0.40000000 0.40000000 0.40000000
v -0.14434971 0.20698375 0.02060115 0.40000000 0.40000000 0.40000000
v -0.14434971 0.20698375 0.02060115 0.40000000 0.40000000 0.40000000
v -0.15168858 0.17716733 0.02061653 0.40000000 0.40000000 0.40000000
v -0.15310264 0.17878158 0.02064052 0.40000000 0.40000000 0.40000000
v -0.15303086 0.12988999 0.02065047 0.40000000 0.40000000 0.40000000
v -0.15310264 0.17878158 0.02064052 0.40000000 0.40000000 0.40000000
v -0.15168858 0.17716733 0.02061653 0.40000000 0.40000000 0.40000000
v -0.15168858 0.17716733 0.02061653 0.40000000 0.40000000 0.40000000
v -0.15161631 0.12874155 0.02063942 0.40000000 0.40000000 0.40000000
v -0.15303086 0.12988999 0.02065047 0.40000000 0.40000000 0.40000000
v 0.15302822 -0.08106411 0.02065382 0.40000000 0.40000000 0.40000000
v 0.15302822 -0.01002212 0.02065382 0.40000000 0.40000000 0.40000000
v 0.15198524 -0.00993423 0.02148091 0.40000000 0.40000000 0.40000000
v 0.15198524 -0.00993423 0.02148091 0.40000000 0.40000000 0.40000000
v 0.15198573 -0.08035317 0.02148091 0.40000000 0.40000000 0.40000000
v 0.15302822 -0.08106411 0.02065382 0.40000000 0.40000000 0.40000000
v 0.15305214 -0.14184438 0.02065047 0.40000000 0.40000000 0.40000000
v 0.15302822 -0.08106411 0.02065382 0.40000000 0.40000000 0.40000000
v 0.15198573 -0.08035317 0.02148091 0.40000000 0.40000000 0.40000000
v 0.15198573 -0.08035317 0.02148091 0.40000000 0.40000000 0.40000000
v 0.15199161 -0.14062954 0.02148006 0.40000000 0.40000000 0.40000000
v 0.15305214 -0.14184438 0.02065047 0.40000000 0.40000000 0.40000000
v 0.15302822 -0.08106411 0.02065382 0.40000000 0.40000000 0.40000000
v 0.15305214 -0.14184438 0.02065047 0.40000000 0.40000000 0.40000000
v 0.15163857 -0.14058854 0.02063942 0.40000000 0.40000000 0.40000000
v 0.15163857 -0.14058854 0.02063942 0.40000000 0.40000000 0.40000000
v 0.15161416 -0.08035317 0.02064705 0.40000000 0.40000000 0.40000000
v 0.15302822 -0.08106411 0.02065382 0.40000000 0.40000000 0.40000000
v 0.15302822 -0.01002212 0.02065382 0.40000000 0.40000000 0.40000000
v 0.15302822 -0.08106411 0.02065382 0.40000000 0.40000000 0.40000000
v 0.15161416 -0.08035317 0.02064705 0.40000000 0.40000000 0.40000000
v 0.15161416 -0.08035317 0.02064705 0.40000000 0.40000000 0.40000000
v 0.15161416 -0.00993423 0.02064705 0.40000000 0.40000000 0.40000000
v 0.15302822 -0.01002212 0.02065382 0.40000000 0.40000000 0.40000000
v -0.15310214 -0.18471158 0.02064052 0.40000000 0.40000000 0.40000000
v -0.14568809 -0.21010806 0.02063386 0.40000000 0.40000000 0.40000000
v -0.14456700 -0.20848696 0.02147590 0.40000000 0.40000000 0.40000000
v -0.14456700 -0.20848696 0.02147590 0.40000000 0.40000000 0.40000000
v -0.15198839 -0.18320376 0.02147761 0.40000000 0.40000000 0.40000000
v -0.15310214 -0.18471158 0.02064052 0.40000000 0.40000000 0.40000000
v -0.15303086 -0.14184438 0.02065047 0.40000000 0.40000000 0.40000000
v -0.15310214 -0.18471158 0.02064052 0.40000000 0.40000000 0.40000000
v -0.15198839 -0.18320376 0.02147761 0.40000000 0.40000000 0.40000000
v -0.15198839 -0.18320376 0.02147761 0.40000000 0.40000000 0.40000000
v -0.15197033 -0.14062954 0.02148006 0.40000000 0.40000000 0.40000000
v -0.15303086 -0.14184438 0.02065047 0.40000000 0.40000000 0.40000000
v -0.15310214 -0.18471158 0.02064052 0.40000000 0.40000000 0.40000000
v -0.15303086 -0.14184438 0.02065047 0.40000000 0.40000000 0.40000000
v -0.15161631 -0.14058854 0.02063942 0.40000000 0.40000000 0.40000000
v -0.15161631 -0.14058854 0.02063942 0.40000000 0.40000000 0.40000000
v -0.15168858 -0.18304066 0.02061653 0.40000000 0.40000000 0.40000000
v -0.15310214 -0.18471158 0.02064052 0.40000000 0.40000000 0.40000000
v -0.14568809 -0.21010806 0.02063386 0.40000000 0.40000000 0.40000000
v -0.15310214 -0.18471158 0.02064052 0.40000000 0.40000000 0.40000000
v -0.15168858 -0.18304066 0.02061653 0.40000000 0.40000000 0.40000000
v -0.15168858 -0.18304066 0.02061653 0.40000000 0.40000000 0.40000000
v -0.14434922 -0.20817642 0.02060115 0.40000000 0.40000000 0.40000000
v -0.14568809 -0.21010806 0.02063386 0.40000000 0.40000000 0.40000000
v -0.15300694 -0.08106411 0.02065382 0.40000000 0.40000000 0.40000000
v -0.15303086 -0.14184438 0.02065047 0.40000000 0.40000000 0.40000000
v -0.15197033 -0.14062954 0.02148006 0.40000000 0.40000000 0.40000000
v -0.15197033 -0.14062954 0.02148006 0.40000000 0.40000000 0.40000000
v -0.15196446 -0.08035317 0.02148091 0.40000000 0.40000000 0.40000000
v -0.15300694 -0.08106411 0.02065382 0.40000000 0.40000000 0.40000000
v -0.15300694 -0.01002212 0.02065382 0.40000000 0.40000000 0.40000000
v -0.15300694 -0.08106411 0.02065382 0.40000000 0.40000000 0.40000000
v -0.15196446 -0.08035317 0.02148091 0.40000000 0.40000000 0.40000000
v -0.15196446 -0.08035317 0.02148091 0.40000000 0.40000000 0.40000000
v -0.15196446 -0.00993423 0.02148091 0.40000000 0.40000000 0.40000000
v -0.15300694 -0.01002212 0.02065382 0.40000000 0.40000000 0.40000000
v -0.15300694 -0.08106411 0.02065382 0.40000000 0.40000000 0.40000000
v -0.15300694 -0.01002212 0.02065382 0.40000000 0.40000000 0.40000000
v -0.15159239 -0.00993423 0.02064705 0.40000000 0.40000000 0.40000000
v -0.15159239 -0.00993423 0.02064705 0.40000000 0.40000000 0.40000000
v -0.15159288 -0.08035317 0.02064705 0.40000000 0.40000000 0.40000000
v -0.15300694 -0.08106411 0.02065382 0.40000000 0.40000000 0.40000000
v -0.15303086 -0.14184438 0.02065047 0.40000000 0.40000000 0.40000000
v -0.15300694 -0.08106411 0.02065382 0.40000000 0.40000000 0.40000000
v -0.15159288 -0.08035317 0.02064705 0.40000000 0.40000000 0.40000000
v -0.15159288 -0.08035317 0.02064705 0.40000000 0.40000000 0.40000000
v -0.15161631 -0.14058854 0.02063942 0.40000000 0.40000000 0.40000000
v -0.15303086 -0.14184438 0.02065047 0.40000000 0.40000000 0.40000000
v 0.15302822 0.06362437 0.02065382 0.40000000 0.40000000 0.40000000
v 0.15305214 0.12988999 0.02065047 0.40000000 0.40000000 0.40000000
v 0.15199161 0.12878159 0.02148006 0.40000000 0.40000000 0.40000000
v 0.15199161 0.12878159 0.02148006 0.40000000 0.40000000 0.40000000
v 0.15198573 0.06306968 0.02148091 0.40000000 0.40000000 0.40000000
v 0.15302822 0.06362437 0.02065382 0.40000000 0.40000000 0.40000000
v 0.15302822 -0.01002212 0.02065382 0.40000000 0.40000000 0.40000000
v 0.15302822 0.06362437 0.02065382 0.40000000 0.40000000 0.40000000
v 0.15198573 0.06306968 0.02148091 0.40000000 0.40000000 0.40000000
v 0.15198573 0.06306968 0.02148091 0.40000000 0.40000000 0.40000000
v 0.15198524 -0.00993423 0.02148091 0.40000000 0.40000000 0.40000000
v 0.15302822 -0.01002212 0.02065382 0.40000000 0.40000000 0.40000000
v 0.15302822 0.06362437 0.02065382 0.40000000 0.40000000 0.40000000
v 0.15302822 -0.01002212 0.02065382 0.40000000 0.40000000 0.40000000
v 0.15161416 -0.00993423 0.02064705 0.40000000 0.40000000 0.40000000
v 0.15161416 -0.00993423 0.02064705 0.40000000 0.40000000 0.40000000
v 0.15161416 0.06306968 0.02064705 0.40000000 0.40000000 0.40000000
v 0.15302822 0.06362437 0.02065382 0.40000000 0.40000000 0.40000000
v 0.15305214 0.12988999 0.02065047 0.40000000 0.40000000 0.40000000
v 0.15302822 0.06362437 0.02065382 0.40000000 0.40000000 0.40000000
v 0.15161416 0.06306968 0.02064705 0.40000000 0.40000000 0.40000000
v 0.15161416 0.06306968 0.02064705 0.40000000 0.40000000 0.40000000
v 0.15163857 0.12874155 0.02063942 0.40000000 0.40000000 0.40000000
v 0.15305214 0.12988999 0.02065047 0.40000000 0.40000000 0.40000000
v -0.15300694 0.06362437 0.02065382 0.40000000 0.40000000 0.40000000
v -0.15300694 -0.01002212 0.02065382 0.40000000 0.40000000 0.40000000
v -0.15196446 -0.00993423 0.02148091 0.40000000 0.40000000 0.40000000
v -0.15196446 -0.00993423 0.02148091 0.40000000 0.40000000 0.40000000
v -0.15196446 0.06306968 0.02148091 0.40000000 0.40000000 0.40000000
v -0.15300694 0.06362437 0.02065382 0.40000000 0.40000000 0.40000000
v -0.15303086 0.12988999 0.02065047 0.40000000 0.40000000 0.40000000
v -0.15300694 0.06362437 0.02065382 0.40000000 0.40000000 0.40000000
v -0.15196446 0.06306968 0.02148091 0.40000000 0.40000000 0.40000000
v -0.15196446 0.06306968 0.02148091 0.40000000 0.40000000 0.40000000
v -0.15196984 0.12878159 0.02148006 0.40000000 0.40000000 0.40000000
v -0.15303086 0.12988999 0.02065047 0.40000000 0.40000000 0.40000000
v -0.15300694 0.06362437 0.02065382 0.40000000 0.40000000 0.40000000
v -0.15303086 0.12988999 0.02065047 0.40000000 0.40000000 0.40000000
v -0.15161631 0.12874155 0.02063942 0.40000000 0.40000000 0.40000000
v -0.15161631 0.12874155 0.02063942 0.40000000 0.40000000 0.40000000
v -0.15159288 0.06306968 0.02064705 0.40000000 0.40000000 0.40000000
v -0.15300694 0.06362437 0.02065382 0.40000000 0.40000000 0.40000000
v -0.15300694 -0.01002212 0.02065382 0.40000000 0.40000000 0.40000000
v -0.15300694 0.06362437 0.02065382 0.40000000 0.40000000 0.40000000
v -0.15159288 0.06306968 0.02064705 0.40000000 0.40000000 0.40000000
v -0.15159288 0.06306968 0.02064705 0.40000000 0.40000000 0.40000000
v -0.15159239 -0.00993423 0.02064705 0.40000000 0.40000000 0.40000000
v -0.15300694 -0.01002212 0.02065382 0.40000000 0.40000000 0.40000000
v 0.15312392 0.17878158 0.02064052 0.40000000 0.40000000 0.40000000
v 0.14560537 0.20890170 0.02063392 0.40000000 0.40000000 0.40000000
v 0.14448476 0.20729429 0.02147590 0.40000000 0.40000000 0.40000000
v 0.14448476 0.20729429 0.02147590 0.40000000 0.40000000 0.40000000
v 0.15200967 0.17732944 0.02147761 0.40000000 0.40000000 0.40000000
v 0.15312392 0.17878158 0.02064052 0.40000000 0.40000000 0.40000000
v 0.15305214 0.12988999 0.02065047 0.40000000 0.40000000 0.40000000
v 0.15312392 0.17878158 0.02064052 0.40000000 0.40000000 0.40000000
v 0.15200967 0.17732944 0.02147761 0.40000000 0.40000000 0.40000000
v 0.15200967 0.17732944 0.02147761 0.40000000 0.40000000 0.40000000
v 0.15199161 0.12878159 0.02148006 0.40000000 0.40000000 0.40000000
v 0.15305214 0.12988999 0.02065047 0.40000000 0.40000000 0.40000000
v 0.15312392 0.17878158 0.02064052 0.40000000 0.40000000 0.40000000
v 0.15305214 0.12988999 0.02065047 0.40000000 0.40000000 0.40000000
v 0.15163857 0.12874155 0.02063942 0.40000000 0.40000000 0.40000000
v 0.15163857 0.12874155 0.02063942 0.40000000 0.40000000 0.40000000
v 0.15170985 0.17716636 0.02061653 0.40000000 0.40000000 0.40000000
v 0.15312392 0.17878158 0.02064052 0.40000000 0.40000000 0.40000000
v 0.14560537 0.20890170 0.02063392 0.40000000 0.40000000 0.40000000
v 0.15312392 0.17878158 0.02064052 0.40000000 0.40000000 0.40000000
v 0.15170985 0.17716636 0.02061653 0.40000000 0.40000000 0.40000000
v 0.15170985 0.17716636 0.02061653 0.40000000 0.40000000 0.40000000
v 0.14426748 0.20698375 0.02060115 0.40000000 0.40000000 0.40000000
v 0.14560537 0.20890170 0.02063392 0.40000000 0.40000000 0.40000000
v -0.04936827 -0.21834829 0.02065382 0.40000000 0.40000000 0.40000000
v -0.00416807 -0.21834829 0.02065382 0.40000000 0.40000000 0.40000000
v -0.00413096 -0.21685806 0.02148091 0.40000000 0.40000000 0.40000000
v -0.00413096 -0.21685806 0.02148091 0.40000000 0.40000000 0.40000000
v -0.04893614 -0.21685806 0.02148091 0.40000000 0.40000000 0.40000000
v -0.04936827 -0.21834829 0.02065382 0.40000000 0.40000000 0.40000000
v -0.08981358 -0.21838149 0.02065047 0.40000000 0.40000000 0.40000000
v -0.04936827 -0.21834829 0.02065382 0.40000000 0.40000000 0.40000000
v -0.04893614 -0.21685806 0.02148091 0.40000000 0.40000000 0.40000000
v -0.04893614 -0.21685806 0.02148091 0.40000000 0.40000000 0.40000000
v -0.08904698 -0.21686782 0.02148006 0.40000000 0.40000000 0.40000000
v -0.08981358 -0.21838149 0.02065047 0.40000000 0.40000000 0.40000000
v -0.04936827 -0.21834829 0.02065382 0.40000000 0.40000000 0.40000000
v -0.08981358 -0.21838149 0.02065047 0.40000000 0.40000000 0.40000000
v -0.08901817 -0.21636195 0.02063942 0.40000000 0.40000000 0.40000000
v -0.08901817 -0.21636195 0.02063942 0.40000000 0.40000000 0.40000000
v -0.04893614 -0.21632876 0.02064705 0.40000000 0.40000000 0.40000000
v -0.04936827 -0.21834829 0.02065382 0.40000000 0.40000000 0.40000000
v -0.00416807 -0.21834829 0.02065382 0.40000000 0.40000000 0.40000000
v -0.04936827 -0.21834829 0.02065382 0.40000000 0.40000000 0.40000000
v -0.04893614 -0.21632876 0.02064705 0.40000000 0.40000000 0.40000000
v -0.04893614 -0.21632876 0.02064705 0.40000000 0.40000000 0.40000000
v -0.00413096 -0.21632779 0.02064705 0.40000000 0.40000000 0.40000000
v -0.00416807 -0.21834829 0.02065382 0.40000000 0.40000000 0.40000000
v -0.12325645 0.21885093 0.02064052 0.40000000 0.40000000 0.40000000
v -0.14568858 0.20890170 0.02063386 0.40000000 0.40000000 0.40000000
v -0.14456700 0.20729429 0.02147590 0.40000000 0.40000000 0.40000000
v -0.14456700 0.20729429 0.02147590 0.40000000 0.40000000 0.40000000
v -0.12225547 0.21726011 0.02147761 0.40000000 0.40000000 0.40000000
v -0.12325645 0.21885093 0.02064052 0.40000000 0.40000000 0.40000000
v -0.08981407 0.21874937 0.02065047 0.40000000 0.40000000 0.40000000
v -0.12325645 0.21885093 0.02064052 0.40000000 0.40000000 0.40000000
v -0.12225547 0.21726011 0.02147761 0.40000000 0.40000000 0.40000000
v -0.12225547 0.21726011 0.02147761 0.40000000 0.40000000 0.40000000
v -0.08904747 0.21723472 0.02148006 0.40000000 0.40000000 0.40000000
v -0.08981407 0.21874937 0.02065047 0.40000000 0.40000000 0.40000000
v -0.12325645 0.21885093 0.02064052 0.40000000 0.40000000 0.40000000
v -0.08981407 0.21874937 0.02065047 0.40000000 0.40000000 0.40000000
v -0.08901866 0.21672983 0.02063942 0.40000000 0.40000000 0.40000000
v -0.08901866 0.21672983 0.02063942 0.40000000 0.40000000 0.40000000
v -0.12214170 0.21683140 0.02061653 0.40000000 0.40000000 0.40000000
v -0.12325645 0.21885093 0.02064052 0.40000000 0.40000000 0.40000000
v -0.14568858 0.20890170 0.02063386 0.40000000 0.40000000 0.40000000
v -0.12325645 0.21885093 0.02064052 0.40000000 0.40000000 0.40000000
v -0.12214170 0.21683140 0.02061653 0.40000000 0.40000000 0.40000000
v -0.12214170 0.21683140 0.02061653 0.40000000 0.40000000 0.40000000
v -0.14434971 0.20698375 0.02060115 0.40000000 0.40000000 0.40000000
v -0.14568858 0.20890170 0.02063386 0.40000000 0.40000000 0.40000000
v 0.04353994 0.21871519 0.02065382 0.40000000 0.40000000 0.40000000
v -0.00416807 0.21871519 0.02065382 0.40000000 0.40000000 0.40000000
v -0.00413096 0.21722592 0.02148091 0.40000000 0.40000000 0.40000000
v -0.00413096 0.21722592 0.02148091 0.40000000 0.40000000 0.40000000
v 0.04315908 0.21722592 0.02148091 0.40000000 0.40000000 0.40000000
v 0.04353994 0.21871519 0.02065382 0.40000000 0.40000000 0.40000000
v 0.08785097 0.21874937 0.02065053 0.40000000 0.40000000 0.40000000
v 0.04353994 0.21871519 0.02065382 0.40000000 0.40000000 0.40000000
v 0.04315908 0.21722592 0.02148091 0.40000000 0.40000000 0.40000000
v 0.04315908 0.21722592 0.02148091 0.40000000 0.40000000 0.40000000
v 0.08710195 0.21723472 0.02148006 0.40000000 0.40000000 0.40000000
v 0.08785097 0.21874937 0.02065053 0.40000000 0.40000000 0.40000000
v 0.04353994 0.21871519 0.02065382 0.40000000 0.40000000 0.40000000
v 0.08785097 0.21874937 0.02065053 0.40000000 0.40000000 0.40000000
v 0.08707363 0.21672983 0.02063942 0.40000000 0.40000000 0.40000000
v 0.08707363 0.21672983 0.02063942 0.40000000 0.40000000 0.40000000
v 0.04315908 0.21669565 0.02064711 0.40000000 0.40000000 0.40000000
v 0.04353994 0.21871519 0.02065382 0.40000000 0.40000000 0.40000000
v -0.00416807 0.21871519 0.02065382 0.40000000 0.40000000 0.40000000
v 0.04353994 0.21871519 0.02065382 0.40000000 0.40000000 0.40000000
v 0.04315908 0.21669565 0.02064711 0.40000000 0.40000000 0.40000000
v 0.04315908 0.21669565 0.02064711 0.40000000 0.40000000 0.40000000
v -0.00413096 0.21669565 0.02064705 0.40000000 0.40000000 0.40000000
v -0.00416807 0.21871519 0.02065382 0.40000000 0.40000000 0.40000000
v 0.12286074 -0.21848403 0.02064052 0.40000000 0.40000000 0.40000000
v 0.14560537 -0.21010806 0.02063386 0.40000000 0.40000000 0.40000000
v 0.14448476 -0.20848696 0.02147590 0.40000000 0.40000000 0.40000000
v 0.14448476 -0.20848696 0.02147590 0.40000000 0.40000000 0.40000000
v 0.12186318 -0.21689321 0.02147761 0.40000000 0.40000000 0.40000000
v 0.12286074 -0.21848403 0.02064052 0.40000000 0.40000000 0.40000000
v 0.08785146 -0.21838149 0.02065047 0.40000000 0.40000000 0.40000000
v 0.12286074 -0.21848403 0.02064052 0.40000000 0.40000000 0.40000000
v 0.12186318 -0.21689321 0.02147761 0.40000000 0.40000000 0.40000000
v 0.12186318 -0.21689321 0.02147761 0.40000000 0.40000000 0.40000000
v 0.08710195 -0.21686782 0.02148006 0.40000000 0.40000000 0.40000000
v 0.08785146 -0.21838149 0.02065047 0.40000000 0.40000000 0.40000000
v 0.12286074 -0.21848403 0.02064052 0.40000000 0.40000000 0.40000000
v 0.08785146 -0.21838149 0.02065047 0.40000000 0.40000000 0.40000000
v 0.08707363 -0.21636195 0.02063942 0.40000000 0.40000000 0.40000000
v 0.08707363 -0.21636195 0.02063942 0.40000000 0.40000000 0.40000000
v 0.12174892 -0.21646450 0.02061653 0.40000000 0.40000000 0.40000000
v 0.12286074 -0.21848403 0.02064052 0.40000000 0.40000000 0.40000000
v 0.14560537 -0.21010806 0.02063386 0.40000000 0.40000000 0.40000000
v 0.12286074 -0.21848403 0.02064052 0.40000000 0.40000000 0.40000000
v 0.12174892 -0.21646450 0.02061653 0.40000000 0.40000000 0.40000000
v 0.12174892 -0.21646450 0.02061653 0.40000000 0.40000000 0.40000000
v 0.14426796 -0.20817642 0.02060115 0.40000000 0.40000000 0.40000000
v 0.14560537 -0.21010806 0.02063386 0.40000000 0.40000000 0.40000000
v 0.04353994 -0.21834829 0.02065382 0.40000000 0.40000000 0.40000000
v 0.08785146 -0.21838149 0.02065047 0.40000000 0.40000000 0.40000000
v 0.08710195 -0.21686782 0.02148006 0.40000000 0.40000000 0.40000000
v 0.08710195 -0.21686782 0.02148006 0.40000000 0.40000000 0.40000000
v 0.04315908 -0.21685806 0.02148091 0.40000000 0.40000000 0.40000000
v 0.04353994 -0.21834829 0.02065382 0.40000000 0.40000000 0.40000000
v -0.00416807 -0.21834829 0.02065382 0.40000000 0.40000000 0.40000000
v 0.04353994 -0.21834829 0.02065382 0.40000000 0.40000000 0.40000000
v 0.04315908 -0.21685806 0.02148091 0.40000000 0.40000000 0.40000000
v 0.04315908 -0.21685806 0.02148091 0.40000000 0.40000000 0.40000000
v -0.00413096 -0.21685806 0.02148091 0.40000000 0.40000000 0.40000000
v -0.00416807 -0.21834829 0.02065382 0.40000000 0.40000000 0.40000000
v 0.04353994 -0.21834829 0.02065382 0.40000000 0.40000000 0.40000000
v -0.00416807 -0.21834829 0.02065382 0.40000000 0.40000000 0.40000000
v -0.00413096 -0.21632779 0.02064705 0.40000000 0.40000000 0.40000000
v -0.00413096 -0.21632779 0.02064705 0.40000000 0.40000000 0.40000000
v 0.04315908 -0.21632876 0.02064705 0.40000000 0.40000000 0.40000000
v 0.04353994 -0.21834829 0.02065382 0.40000000 0.40000000 0.40000000
v 0.08785146 -0.21838149 0.02065047 0.40000000 0.40000000 0.40000000
v 0.04353994 -0.21834829 0.02065382 0.40000000 0.40000000 0.40000000
v 0.04315908 -0.21632876 0.02064705 0.40000000 0.40000000 0.40000000
v 0.04315908 -0.21632876 0.02064705 0.40000000 0.40000000 0.40000000
v 0.08707363 -0.21636195 0.02063942 0.40000000 0.40000000 0.40000000
v 0.08785146 -0.21838149 0.02065047 0.40000000 0.40000000 0.40000000
v -0.04936827 0.21871519 0.02065382 0.40000000 0.40000000 0.40000000
v -0.08981407 0.21874937 0.02065047 0.40000000 0.40000000 0.40000000
v -0.08904747 0.21723472 0.02148006 0.40000000 0.40000000 0.40000000
v -0.08904747 0.21723472 0.02148006 0.40000000 0.40000000 0.40000000
v -0.04893663 0.21722592 0.02148091 0.40000000 0.40000000 0.40000000
v -0.04936827 0.21871519 0.02065382 0.40000000 0.40000000 0.40000000
v -0.00416807 0.21871519 0.02065382 0.40000000 0.40000000 0.40000000
v -0.04936827 0.21871519 0.02065382 0.40000000 0.40000000 0.40000000
v -0.04893663 0.21722592 0.02148091 0.40000000 0.40000000 0.40000000
v -0.04893663 0.21722592 0.02148091 0.40000000 0.40000000 0.40000000
v -0.00413096 0.21722592 0.02148091 0.40000000 0.40000000 0.40000000
v -0.00416807 0.21871519 0.02065382 0.40000000 0.40000000 0.40000000
v -0.04936827 0.21871519 0.02065382 0.40000000 0.40000000 0.40000000
v -0.00416807 0.21871519 0.02065382 0.40000000 0.40000000 0.40000000
v -0.00413096 0.21669565 0.02064705 0.40000000 0.40000000 0.40000000
v -0.00413096 0.21669565 0.02064705 0.40000000 0.40000000 0.40000000
v -0.04893663 0.21669565 0.02064705 0.40000000 0.40000000 0.40000000
v -0.04936827 0.21871519 0.02065382 0.40000000 0.40000000 0.40000000
v -0.08981407 0.21874937 0.02065047 0.40000000 0.40000000 0.40000000
v -0.04936827 0.21871519 0.02065382 0.40000000 0.40000000 0.40000000
v -0.04893663 0.21669565 0.02064705 0.40000000 0.40000000 0.40000000
v -0.04893663 0.21669565 0.02064705 0.40000000 0.40000000 0.40000000
v -0.08901866 0.21672983 0.02063942 0.40000000 0.40000000 0.40000000
v -0.08981407 0.21874937 0.02065047 0.40000000 0.40000000 0.40000000
v 0.00755459 0.20394955 0.02316560 0.40000000 0.40000000 0.40000000
v 0.00755459 0.19457943 -0.00554003 0.40000000 0.40000000 0.40000000
v 0.13732753 0.19457943 0.02372719 0.40000000 0.40000000 0.40000000
v 0.11496620 0.20598079 -0.00448821 0.40000000 0.40000000 0.40000000
v 0.08187490 0.20619662 -0.00451793 0.40000000 0.40000000 0.40000000
v 0.12285439 0.21884896 0.02064003 0.40000000 0.40000000 0.40000000
v 0.14560389 0.20890073 0.02063112 0.40000000 0.40000000 0.40000000
v 0.11542372 0.20586655 0.02373018 0.40000000 0.40000000 0.40000000
v 0.14069618 0.20188217 0.02283583 0.40000000 0.40000000 0.40000000
v 0.11865370 0.21161654 0.02283583 0.40000000 0.40000000 0.40000000
v 0.14448084 0.20729232 0.02147499 0.40000000 0.40000000 0.40000000
v 0.00755459 0.21871322 0.02065193 0.40000000 0.40000000 0.40000000
v 0.00755459 0.21722593 0.02148091 0.40000000 0.40000000 0.40000000
v 0.13687001 0.19639682 0.02372719 0.40000000 0.40000000 0.40000000
v 0.14253994 0.19457943 0.02283583 0.40000000 0.40000000 0.40000000
v 0.13398671 0.19457943 -0.00590257 0.40000000 0.40000000 0.40000000
v 0.13671766 0.19616636 -0.00446739 0.40000000 0.40000000 0.40000000
v 0.12185634 0.21725912 0.02147499 0.40000000 0.40000000 0.40000000
v 0.00755459 0.21161654 0.02283583 0.40000000 0.40000000 0.40000000
v 0.00755459 0.20626791 -0.00452684 0.40000000 0.40000000 0.40000000
v 0.00755459 0.20537240 0.02358461 0.40000000 0.40000000 0.40000000
v 0.00755459 0.20586655 0.02372719 0.40000000 0.40000000 0.40000000
v 0.04088173 0.20586655 0.02373018 0.40000000 0.40000000 0.40000000
v 0.14918056 0.19457943 0.02063704 0.40000000 0.40000000 0.40000000
v 0.14766932 0.19457943 0.02147499 0.40000000 0.40000000 0.40000000
v 0.13772939 0.19457943 0.02365889 0.40000000 0.40000000 0.40000000
v 0.11377431 0.20363121 -0.00592931 0.40000000 0.40000000 0.40000000
v 0.11032215 0.19715464 -0.00655919 0.40000000 0.40000000 0.40000000
v 0.08107069 0.20376890 -0.00597386 0.40000000 0.40000000 0.40000000
v 0.13560829 0.19457943 -0.00552818 0.40000000 0.40000000 0.40000000
v 0.13711953 0.19457943 -0.00446739 0.40000000 0.40000000 0.40000000
v 0.04049355 0.20626791 -0.00452684 0.40000000 0.40000000 0.40000000
v 0.14406484 0.19457943 0.02243171 0.40000000 0.40000000 0.40000000
v 0.07871425 0.19721908 -0.00658891 0.40000000 0.40000000 0.40000000
v 0.08362196 0.19457943 -0.00661272 0.40000000 0.40000000 0.40000000
v 0.12371376 0.19457943 -0.00628288 0.40000000 0.40000000 0.40000000
v 0.11610292 0.19457943 -0.00655327 0.40000000 0.40000000 0.40000000
v 0.10974013 0.19457943 -0.00658592 0.40000000 0.40000000 0.40000000
v 0.03898232 0.19724252 -0.00659783 0.40000000 0.40000000 0.40000000
v 0.03877431 0.19457943 -0.00662456 0.40000000 0.40000000 0.40000000
v 0.00755459 0.19724252 -0.00659783 0.40000000 0.40000000 0.40000000
v 0.00755459 0.19457943 -0.00662163 0.40000000 0.40000000 0.40000000
v 0.04011904 0.20381382 -0.00599169 0.40000000 0.40000000 0.40000000
v 0.00755459 0.20563119 -0.00490715 0.40000000 0.40000000 0.40000000
v 0.00755459 0.20381382 -0.00599169 0.40000000 0.40000000 0.40000000
v 0.14209267 -0.00003189 -0.00456737 1.00000000 1.00000000 1.00000000
v 0.05130165 -0.00003189 -0.00554222 1.00000000 1.00000000 1.00000000
v 0.05130165 -0.20273110 -0.00456737 1.00000000 1.00000000 1.00000000
v 0.13099062 -0.18899380 -0.00654027 1.00000000 1.00000000 1.00000000
v 0.14246572 -0.17098599 -0.00593144 1.00000000 1.00000000 1.00000000
v 0.13522207 -0.19509634 -0.00590129 1.00000000 1.00000000 1.00000000
v 0.11377333 -0.20325454 -0.00593144 1.00000000 1.00000000 1.00000000
v 0.12688613 -0.16065201 -0.00672655 1.00000000 1.00000000 1.00000000
v 0.10689345 -0.18305142 -0.00672655 1.00000000 1.00000000 1.00000000
v 0.10574697 -0.15894008 -0.00678203 1.00000000 1.00000000 1.00000000
v 0.05130165 -0.15894008 -0.00678203 1.00000000 1.00000000 1.00000000
v 0.05130165 -0.18307094 -0.00673589 1.00000000 1.00000000 1.00000000
v 0.11490175 -0.20547036 -0.00456737 1.00000000 1.00000000 1.00000000
v 0.08297890 -0.20573208 -0.00456737 1.00000000 1.00000000 1.00000000
v 0.14420351 -0.13211001 -0.00456737 1.00000000 1.00000000 1.00000000
v 0.14401259 -0.17267739 -0.00456737 1.00000000 1.00000000 1.00000000
v 0.13661416 -0.19711099 -0.00456737 1.00000000 1.00000000 1.00000000
v 0.14361220 -0.17400747 -0.00456737 1.00000000 1.00000000 1.00000000
v 0.11609364 -0.20502701 -0.00456737 1.00000000 1.00000000 1.00000000
v 0.07636318 -0.18307094 -0.00673436 1.00000000 1.00000000 1.00000000
v 0.07558046 -0.00861294 -0.00678227 1.00000000 1.00000000 1.00000000
v 0.05130165 -0.00003189 -0.00678203 1.00000000 1.00000000 1.00000000
v 0.10574697 -0.00003189 -0.00678203 1.00000000 1.00000000 1.00000000
v 0.10858633 -0.00003189 -0.00677599 1.00000000 1.00000000 1.00000000
v 0.13792470 -0.16580923 -0.00656023 1.00000000 1.00000000 1.00000000
v 0.12279140 -0.17880142 -0.00667449 1.00000000 1.00000000 1.00000000
v 0.07558046 -0.12197818 -0.00678227 1.00000000 1.00000000 1.00000000
v 0.08108583 -0.20339517 -0.00597673 1.00000000 1.00000000 1.00000000
v 0.05130165 -0.20581314 -0.00456737 1.00000000 1.00000000 1.00000000
v 0.11032412 -0.19676822 -0.00656023 1.00000000 1.00000000 1.00000000
v 0.05130165 -0.19231704 -0.00664458 1.00000000 1.00000000 1.00000000
v 0.13797011 -0.12705337 -0.00659038 1.00000000 1.00000000 1.00000000
v 0.12690469 -0.12324673 -0.00673436 1.00000000 1.00000000 1.00000000
v 0.05130165 -0.20408071 -0.00559734 1.00000000 1.00000000 1.00000000
v 0.05130165 -0.20341567 -0.00598760 1.00000000 1.00000000 1.00000000
v 0.05130165 -0.20152212 -0.00616521 1.00000000 1.00000000 1.00000000
v 0.07871963 -0.19684927 -0.00659038 1.00000000 1.00000000 1.00000000
v 0.05130165 -0.19684927 -0.00659734 1.00000000 1.00000000 1.00000000
v 0.14255654 -0.13086099 -0.00597673 1.00000000 1.00000000 1.00000000
v 0.14425820 -0.07685708 -0.00456737 1.00000000 1.00000000 1.00000000
v 0.13798818 -0.07254654 -0.00660057 1.00000000 1.00000000 1.00000000
v 0.14259316 -0.07468228 -0.00599175 1.00000000 1.00000000 1.00000000
v 0.12690469 -0.07041177 -0.00673674 1.00000000 1.00000000 1.00000000
v 0.12690469 -0.00003189 -0.00673674 1.00000000 1.00000000 1.00000000
v 0.14425820 -0.00003189 -0.00456737 1.00000000 1.00000000 1.00000000
v 0.14259316 -0.00003189 -0.00599175 1.00000000 1.00000000 1.00000000
v 0.13798818 -0.00003189 -0.00660057 1.00000000 1.00000000 1.00000000
v -0.13571690 -0.19796743 0.02372719 1.00000000 1.00000000 1.00000000
v -0.14401132 -0.00005337 0.02372719 1.00000000 1.00000000 1.00000000
v -0.14401132 -0.07610512 0.02373018 1.00000000 1.00000000 1.00000000
v -0.14401132 -0.17352406 0.02373018 1.00000000 1.00000000 1.00000000
v -0.14382774 -0.00005337 0.02365291 1.00000000 1.00000000 1.00000000
v -0.14266855 -0.00005337 0.02316554 1.00000000 1.00000000 1.00000000
v -0.15196348 -0.00005337 0.02148060 1.00000000 1.00000000 1.00000000
v -0.15300693 -0.00005337 0.02065150 1.00000000 1.00000000 1.00000000
v -0.15310215 -0.18469984 0.02063960 1.00000000 1.00000000 1.00000000
v -0.14747764 -0.00005337 0.02296053 1.00000000 1.00000000 1.00000000
v -0.13571690 -0.00005337 -0.00554094 1.00000000 1.00000000 1.00000000
v -0.13571690 -0.19767445 -0.00446813 1.00000000 1.00000000 1.00000000
v -0.13571690 -0.21381019 0.02063667 1.00000000 1.00000000 1.00000000
v -0.14568760 -0.21010610 0.02063368 1.00000000 1.00000000 1.00000000
v -0.13695908 -0.19748696 0.02372719 1.00000000 1.00000000 1.00000000
v -0.14078966 -0.20303285 0.02283571 1.00000000 1.00000000 1.00000000
v -0.14803574 -0.17837953 0.02283571 1.00000000 1.00000000 1.00000000
v -0.14803574 -0.00005337 0.02283571 1.00000000 1.00000000 1.00000000
v -0.13797178 -0.00005337 -0.00659886 1.00000000 1.00000000 1.00000000
v -0.13571690 -0.00005337 -0.00662560 1.00000000 1.00000000 1.00000000
v -0.13571690 -0.00890591 -0.00662859 1.00000000 1.00000000 1.00000000
v -0.14424082 -0.13215004 -0.00451866 1.00000000 1.00000000 1.00000000
v -0.14409141 -0.17277114 -0.00448601 1.00000000 1.00000000 1.00000000
v -0.14244590 -0.17099185 -0.00593022 1.00000000 1.00000000 1.00000000
v -0.13571690 -0.20493716 0.02283571 1.00000000 1.00000000 1.00000000
v -0.13571690 -0.19844887 0.02366780 1.00000000 1.00000000 1.00000000
v -0.15198740 -0.18319302 0.02147468 1.00000000 1.00000000 1.00000000
v -0.13680284 -0.19725649 -0.00446813 1.00000000 1.00000000 1.00000000
v -0.13571690 -0.21299379 0.02099031 1.00000000 1.00000000 1.00000000
v -0.14456602 -0.20847328 0.02147468 1.00000000 1.00000000 1.00000000
v -0.13571690 -0.21180141 0.02147468 1.00000000 1.00000000 1.00000000
v -0.13571690 -0.20681997 0.02246425 1.00000000 1.00000000 1.00000000
v -0.13571690 -0.19369887 -0.00590050 1.00000000 1.00000000 1.00000000
v -0.13571690 -0.18164418 -0.00628978 1.00000000 1.00000000 1.00000000
v -0.13797178 -0.07254751 -0.00659886 1.00000000 1.00000000 1.00000000
v -0.13571690 -0.12626919 -0.00661968 1.00000000 1.00000000 1.00000000
v -0.13795665 -0.12704360 -0.00658995 1.00000000 1.00000000 1.00000000
v -0.13571690 -0.16477602 -0.00659288 1.00000000 1.00000000 1.00000000
v -0.13571690 -0.17325258 -0.00655132 1.00000000 1.00000000 1.00000000
v -0.13791026 -0.16582290 -0.00656023 1.00000000 1.00000000 1.00000000
v -0.14254258 -0.13085219 -0.00597478 1.00000000 1.00000000 1.00000000
v -0.14429209 -0.00005337 -0.00452757 1.00000000 1.00000000 1.00000000
v -0.13571690 -0.19568715 -0.00550530 1.00000000 1.00000000 1.00000000
v -0.13571690 -0.13388637 -0.00661669 1.00000000 1.00000000 1.00000000
v -0.13571690 -0.08294888 -0.00662560 1.00000000 1.00000000 1.00000000
v -0.14193516 -0.00005337 -0.00607585 1.00000000 1.00000000 1.00000000
v -0.14429209 -0.07539321 -0.00452757 1.00000000 1.00000000 1.00000000
v -0.13571690 -0.19405434 -0.00583513 1.00000000 1.00000000 1.00000000
v -0.14257334 -0.07468228 -0.00598967 1.00000000 1.00000000 1.00000000
v -0.14257334 -0.00005337 -0.00598967 1.00000000 1.00000000 1.00000000
v 0.14411074 0.16728061 -0.00448680 1.00000000 1.00000000 1.00000000
v 0.14917958 0.19457944 0.02063618 1.00000000 1.00000000 1.00000000
v 0.15312392 0.17876792 0.02063899 1.00000000 1.00000000 1.00000000
v 0.15302626 -0.00003189 0.02065278 1.00000000 1.00000000 1.00000000
v 0.14431141 -0.00003189 -0.00452837 1.00000000 1.00000000 1.00000000
v 0.14268935 -0.00003189 0.02316511 1.00000000 1.00000000 1.00000000
v 0.13557899 0.19457944 0.02316511 1.00000000 1.00000000 1.00000000
v 0.13320790 0.19457944 -0.00456719 1.00000000 1.00000000 1.00000000
v 0.14254676 0.19457944 0.02283552 1.00000000 1.00000000 1.00000000
v 0.14805653 0.17267222 0.02283552 1.00000000 1.00000000 1.00000000
v 0.14767665 0.19457944 0.02147548 1.00000000 1.00000000 1.00000000
v 0.14403065 0.16796713 0.02373018 1.00000000 1.00000000 1.00000000
v 0.14749892 -0.00003189 0.02296016 1.00000000 1.00000000 1.00000000
v 0.14426063 0.12104722 -0.00451732 1.00000000 1.00000000 1.00000000
v 0.13713271 0.19457944 -0.00446745 1.00000000 1.00000000 1.00000000
v 0.14210243 -0.00003189 -0.00456719 1.00000000 1.00000000 1.00000000
v 0.14431141 0.05919273 -0.00452837 1.00000000 1.00000000 1.00000000
v 0.14420009 0.12257163 -0.00456719 1.00000000 1.00000000 1.00000000
v 0.14402089 0.16718589 -0.00456719 1.00000000 1.00000000 1.00000000
v 0.14805653 -0.00003189 0.02283552 1.00000000 1.00000000 1.00000000
v 0.15200868 0.17731968 0.02147548 1.00000000 1.00000000 1.00000000
v 0.15198524 -0.00003189 0.02147822 1.00000000 1.00000000 1.00000000
v 0.15288417 -0.00003189 0.02076637 1.00000000 1.00000000 1.00000000
v 0.13773915 0.19457944 0.02366090 1.00000000 1.00000000 1.00000000
v 0.13733925 0.19457944 0.02372743 1.00000000 1.00000000 1.00000000
v 0.14403065 0.05974546 0.02373018 1.00000000 1.00000000 1.00000000
v 0.14403065 -0.00003189 0.02372743 1.00000000 1.00000000 1.00000000
v 0.13723426 0.19457944 0.02369417 1.00000000 1.00000000 1.00000000
v 0.14287050 -0.00003189 0.02324269 1.00000000 1.00000000 1.00000000
v 0.14420399 0.12100913 -0.00456719 1.00000000 1.00000000 1.00000000
v 0.14361756 0.16876695 -0.00456719 1.00000000 1.00000000 1.00000000
v 0.13699257 0.19457944 -0.00456719 1.00000000 1.00000000 1.00000000
v 0.14426649 0.05917417 -0.00456719 1.00000000 1.00000000 1.00000000
v 0.14426649 -0.00003189 -0.00456719 1.00000000 1.00000000 1.00000000
v -0.11471836 -0.00003189 -0.00554228 1.00000000 1.00000000 1.00000000
v 0.14426748 -0.00003189 -0.00456737 1.00000000 1.00000000 1.00000000
v 0.13320009 0.19457944 -0.00456737 1.00000000 1.00000000 1.00000000
v -0.11471836 0.19447983 -0.00553569 1.00000000 1.00000000 1.00000000
v 0.10574013 -0.00003189 -0.00678203 1.00000000 1.00000000 1.00000000
v 0.00755459 0.19457944 -0.00554222 1.00000000 1.00000000 1.00000000
v -0.11471836 -0.00003189 -0.00676335 1.00000000 1.00000000 1.00000000
v 0.12688369 0.15556577 -0.00672655 1.00000000 1.00000000 1.00000000
v 0.13799111 -0.00003189 -0.00660057 1.00000000 1.00000000 1.00000000
v 0.12691055 -0.00003189 -0.00673674 1.00000000 1.00000000 1.00000000
v 0.13522109 0.19400718 -0.00590129 1.00000000 1.00000000 1.00000000
v 0.14401309 0.16718589 -0.00456737 1.00000000 1.00000000 1.00000000
v 0.14246084 0.16554722 -0.00593144 1.00000000 1.00000000 1.00000000
v 0.00755459 0.19457944 -0.00662444 1.00000000 1.00000000 1.00000000
v -0.08531114 0.19447983 -0.00661510 1.00000000 1.00000000 1.00000000
v -0.11471836 0.19447983 -0.00656358 1.00000000 1.00000000 1.00000000
v 0.04554677 0.19457944 -0.00662401 1.00000000 1.00000000 1.00000000
v 0.07635244 0.18208237 -0.00673436 1.00000000 1.00000000 1.00000000
v 0.10974111 0.19457944 -0.00658867 1.00000000 1.00000000 1.00000000
v 0.10689101 0.18206382 -0.00672655 1.00000000 1.00000000 1.00000000
v 0.00755459 -0.00003189 -0.00678215 1.00000000 1.00000000 1.00000000
v -0.10608897 0.15390561 -0.00678215 1.00000000 1.00000000 1.00000000
v 0.07557656 0.11175132 -0.00678227 1.00000000 1.00000000 1.00000000
v 0.10574013 0.15388902 -0.00678203 1.00000000 1.00000000 1.00000000
v -0.11471836 0.15459116 -0.00675920 1.00000000 1.00000000 1.00000000
v 0.14255458 0.11988510 -0.00597673 1.00000000 1.00000000 1.00000000
v 0.13792422 0.16053745 -0.00656023 1.00000000 1.00000000 1.00000000
v -0.10722569 0.18206577 -0.00672661 1.00000000 1.00000000 1.00000000
v 0.12278896 0.17674839 -0.00667449 1.00000000 1.00000000 1.00000000
v 0.13796426 0.11639975 -0.00659038 1.00000000 1.00000000 1.00000000
v 0.14258144 -0.00003189 -0.00599175 1.00000000 1.00000000 1.00000000
v 0.14426748 0.05740268 -0.00456737 1.00000000 1.00000000 1.00000000
v -0.07805772 0.18208433 -0.00673430 1.00000000 1.00000000 1.00000000
v -0.11471836 0.17953354 -0.00670189 1.00000000 1.00000000 1.00000000
v 0.13099210 0.18794956 -0.00654027 1.00000000 1.00000000 1.00000000
v 0.11611123 0.19457944 -0.00655461 1.00000000 1.00000000 1.00000000
v 0.12371230 0.19457944 -0.00628313 1.00000000 1.00000000 1.00000000
v 0.13397647 0.19457944 -0.00590306 1.00000000 1.00000000 1.00000000
v 0.14420059 0.12257163 -0.00456737 1.00000000 1.00000000 1.00000000
v 0.13560928 0.19457944 -0.00552947 1.00000000 1.00000000 1.00000000
v 0.13698770 0.19457944 -0.00456737 1.00000000 1.00000000 1.00000000
v -0.11471836 0.21882456 0.02064290 1.00000000 1.00000000 1.00000000
v 0.00755458 0.21871324 0.02065181 1.00000000 1.00000000 1.00000000
v 0.00755458 0.20626889 -0.00452770 1.00000000 1.00000000 1.00000000
v 0.00755458 0.19448178 -0.00554088 1.00000000 1.00000000 1.00000000
v 0.00755458 0.20394957 0.02316560 1.00000000 1.00000000 1.00000000
v -0.11471836 0.19448178 -0.00553496 1.00000000 1.00000000 1.00000000
v -0.11471836 0.20394957 0.02316560 1.00000000 1.00000000 1.00000000
v 0.00755458 0.21722397 0.02148085 1.00000000 1.00000000 1.00000000
v 0.00755458 0.20537242 0.02358461 1.00000000 1.00000000 1.00000000
v 0.00755458 0.20586850 0.02372719 1.00000000 1.00000000 1.00000000
v 0.00755458 0.21161655 0.02283577 1.00000000 1.00000000 1.00000000
v -0.11471836 0.20608238 0.02369453 1.00000000 1.00000000 1.00000000
v -0.11067295 0.19715365 -0.00656011 1.00000000 1.00000000 1.00000000
v -0.11471836 0.19448178 -0.00656310 1.00000000 1.00000000 1.00000000
v -0.11471836 0.19533238 -0.00655412 1.00000000 1.00000000 1.00000000
v -0.11471836 0.20580406 0.02370936 1.00000000 1.00000000 1.00000000
v -0.11471836 0.21161655 0.02283577 1.00000000 1.00000000 1.00000000
v -0.11006260 0.19448178 -0.00658983 1.00000000 1.00000000 1.00000000
v -0.08046348 0.19722007 -0.00658983 1.00000000 1.00000000 1.00000000
v -0.11471836 0.20337047 -0.00593016 1.00000000 1.00000000 1.00000000
v -0.11413193 0.20363022 -0.00593016 1.00000000 1.00000000 1.00000000
v -0.11471836 0.20476500 -0.00523485 1.00000000 1.00000000 1.00000000
v -0.08369541 0.20619760 -0.00451872 1.00000000 1.00000000 1.00000000
v -0.11471836 0.20598472 -0.00448906 1.00000000 1.00000000 1.00000000
v -0.11471836 0.20586850 0.02372719 1.00000000 1.00000000 1.00000000
v -0.11471836 0.21725229 0.02147786 1.00000000 1.00000000 1.00000000
v -0.08531113 0.19448178 -0.00661357 1.00000000 1.00000000 1.00000000
v -0.08003282 0.19448178 -0.00661656 1.00000000 1.00000000 1.00000000
v 0.00755458 0.20206480 -0.00615300 1.00000000 1.00000000 1.00000000
v -0.04549082 0.20381383 -0.00598961 1.00000000 1.00000000 1.00000000
v 0.00755458 0.20381383 -0.00598961 1.00000000 1.00000000 1.00000000
v -0.04418613 0.19724155 -0.00659874 1.00000000 1.00000000 1.00000000
v 0.00755458 0.19724155 -0.00659874 1.00000000 1.00000000 1.00000000
v -0.05036241 0.19448178 -0.00662248 1.00000000 1.00000000 1.00000000
v -0.08288145 0.20376891 -0.00597472 1.00000000 1.00000000 1.00000000
v -0.04592198 0.20626889 -0.00452770 1.00000000 1.00000000 1.00000000
v 0.00755458 0.19448178 -0.00662248 1.00000000 1.00000000 1.00000000
v -0.14206798 0.16883335 0.02056050 1.00000000 1.00000000 1.00000000
v -0.14210313 -0.00001528 -0.00454839 1.00000000 1.00000000 1.00000000
v -0.14206798 0.16588510 -0.00454839 1.00000000 1.00000000 1.00000000
v -0.14266807 -0.00001528 0.02056050 1.00000000 1.00000000 1.00000000
v -0.14456993 0.05919956 0.00961836 1.00000000 1.00000000 1.00000000
v -0.14446007 0.05919956 0.01900471 1.00000000 1.00000000 1.00000000
v -0.14450011 0.12106870 0.00961836 1.00000000 1.00000000 1.00000000
v -0.14424083 0.16735093 -0.00003587 1.00000000 1.00000000 1.00000000
v -0.14206798 0.17530014 -0.00448198 1.00000000 1.00000000 1.00000000
v -0.14408995 0.16728159 -0.00448692 1.00000000 1.00000000 1.00000000
v -0.14431944 0.05919956 0.02056050 1.00000000 1.00000000 1.00000000
v -0.14438780 0.12105210 0.01900221 1.00000000 1.00000000 1.00000000
v -0.14206798 0.17478256 0.02056050 1.00000000 1.00000000 1.00000000
v -0.14416905 0.16728159 0.01899238 1.00000000 1.00000000 1.00000000
v -0.14295568 0.17129916 0.02056050 1.00000000 1.00000000 1.00000000
v -0.14400987 0.16714390 0.02056050 1.00000000 1.00000000 1.00000000
v -0.14411729 0.14736557 0.02056050 1.00000000 1.00000000 1.00000000
v -0.14424229 0.12101792 0.02056050 1.00000000 1.00000000 1.00000000
v -0.14443566 0.12106870 -0.00004320 1.00000000 1.00000000 1.00000000
v -0.14450011 0.05919956 -0.00004570 1.00000000 1.00000000 1.00000000
v -0.14206798 0.17552476 0.01899238 1.00000000 1.00000000 1.00000000
v -0.14429160 0.16736850 0.00961836 1.00000000 1.00000000 1.00000000
v -0.14426769 0.06001011 -0.00454839 1.00000000 1.00000000 1.00000000
v -0.14426817 0.05918198 -0.00454839 1.00000000 1.00000000 1.00000000
v -0.14429112 0.05919956 -0.00452867 1.00000000 1.00000000 1.00000000
v -0.14429112 -0.00001528 -0.00452867 1.00000000 1.00000000 1.00000000
v -0.14447178 -0.00001528 -0.00065276 1.00000000 1.00000000 1.00000000
v -0.14450011 -0.00001528 -0.00004570 1.00000000 1.00000000 1.00000000
v -0.14427794 0.09458334 0.02056050 1.00000000 1.00000000 1.00000000
v -0.14456993 -0.00001528 0.00961836 1.00000000 1.00000000 1.00000000
v -0.14447471 -0.00001528 0.01773402 1.00000000 1.00000000 1.00000000
v -0.14446007 -0.00001528 0.01900471 1.00000000 1.00000000 1.00000000
v -0.14424083 0.12105210 -0.00451640 1.00000000 1.00000000 1.00000000
v -0.14206798 0.17571420 0.01627162 1.00000000 1.00000000 1.00000000
v -0.14206798 0.17611069 0.00961836 1.00000000 1.00000000 1.00000000
v -0.14206798 0.17576597 -0.00132866 1.00000000 1.00000000 1.00000000
v -0.14206798 0.17590366 -0.00003337 1.00000000 1.00000000 1.00000000
v -0.14206798 0.17607651 0.00671815 1.00000000 1.00000000 1.00000000
v -0.14206798 0.17492123 -0.00454839 1.00000000 1.00000000 1.00000000
v -0.14371837 0.16842026 -0.00454839 1.00000000 1.00000000 1.00000000
v -0.14402159 0.16721323 -0.00454839 1.00000000 1.00000000 1.00000000
v -0.14420616 0.12103452 -0.00454839 1.00000000 1.00000000 1.00000000
v -0.14420323 0.12198276 -0.00454839 1.00000000 1.00000000 1.00000000
v -0.14426817 -0.00001528 -0.00454839 1.00000000 1.00000000 1.00000000
v -0.14431944 -0.00001528 0.02056050 1.00000000 1.00000000 1.00000000
v -0.11472129 0.20292514 -0.00454839 1.00000000 1.00000000 1.00000000
v -0.14210167 -0.00003188 -0.00454839 1.00000000 1.00000000 1.00000000
v -0.11472129 -0.00003188 -0.00554228 1.00000000 1.00000000 1.00000000
v -0.13795372 0.11639292 -0.00659044 1.00000000 1.00000000 1.00000000
v -0.14253868 0.11988022 -0.00597661 1.00000000 1.00000000 1.00000000
v -0.13790733 0.16053549 -0.00656029 1.00000000 1.00000000 1.00000000
v -0.14244297 0.16555503 -0.00593150 1.00000000 1.00000000 1.00000000
v -0.13106943 0.18794859 -0.00654015 1.00000000 1.00000000 1.00000000
v -0.13530431 0.19401597 -0.00590135 1.00000000 1.00000000 1.00000000
v -0.14426524 0.06001402 -0.00454839 1.00000000 1.00000000 1.00000000
v -0.14420469 0.12102866 -0.00454839 1.00000000 1.00000000 1.00000000
v -0.13796837 -0.00003188 -0.00660045 1.00000000 1.00000000 1.00000000
v -0.14193125 -0.00003188 -0.00607634 1.00000000 1.00000000 1.00000000
v -0.13796837 0.05697104 -0.00660045 1.00000000 1.00000000 1.00000000
v -0.11472129 0.15458920 -0.00675914 1.00000000 1.00000000 1.00000000
v -0.11472129 0.11224057 -0.00676238 1.00000000 1.00000000 1.00000000
v -0.12697666 0.11290562 -0.00673418 1.00000000 1.00000000 1.00000000
v -0.12697959 0.05531772 -0.00673680 1.00000000 1.00000000 1.00000000
v -0.14371592 0.16841734 -0.00454839 1.00000000 1.00000000 1.00000000
v -0.13671592 0.19603160 -0.00454839 1.00000000 1.00000000 1.00000000
v -0.14401963 0.16720738 -0.00454839 1.00000000 1.00000000 1.00000000
v -0.11531114 0.20586851 -0.00454839 1.00000000 1.00000000 1.00000000
v -0.14420176 0.12197593 -0.00454839 1.00000000 1.00000000 1.00000000
v -0.11472129 0.17952377 -0.00670189 1.00000000 1.00000000 1.00000000
v -0.11472129 0.19532652 -0.00655638 1.00000000 1.00000000 1.00000000
v -0.11472129 0.20308627 -0.00595213 1.00000000 1.00000000 1.00000000
v -0.11472129 0.20334897 -0.00593065 1.00000000 1.00000000 1.00000000
v -0.14426524 -0.00003188 -0.00454839 1.00000000 1.00000000 1.00000000
v -0.14405430 -0.00003188 -0.00472875 1.00000000 1.00000000 1.00000000
v -0.14257041 0.05864389 -0.00599181 1.00000000 1.00000000 1.00000000
v -0.14257041 -0.00003188 -0.00599181 1.00000000 1.00000000 1.00000000
v -0.12697959 -0.00003188 -0.00673680 1.00000000 1.00000000 1.00000000
v -0.13644394 -0.00003188 -0.00661949 1.00000000 1.00000000 1.00000000
v -0.11472129 0.05497495 -0.00676347 1.00000000 1.00000000 1.00000000
v -0.11472129 0.20475913 -0.00523503 1.00000000 1.00000000 1.00000000
v -0.11472129 0.20588803 -0.00454839 1.00000000 1.00000000 1.00000000
v -0.12696494 0.15555698 -0.00672661 1.00000000 1.00000000 1.00000000
v -0.12293565 0.17674155 -0.00667461 1.00000000 1.00000000 1.00000000
v -0.11472129 -0.00003188 -0.00676347 1.00000000 1.00000000 1.00000000
v 0.15312393 -0.18470475 0.02063899 1.00000000 1.00000000 1.00000000
v 0.14560391 -0.21010806 0.02063344 1.00000000 1.00000000 1.00000000
v 0.14410977 -0.17276724 -0.00448680 1.00000000 1.00000000 1.00000000
v 0.14749843 -0.00003188 0.02296016 1.00000000 1.00000000 1.00000000
v 0.14403213 -0.17352115 0.02373018 1.00000000 1.00000000 1.00000000
v 0.14805801 -0.17837954 0.02283552 1.00000000 1.00000000 1.00000000
v 0.14210244 -0.00003188 -0.00456719 1.00000000 1.00000000 1.00000000
v 0.13508535 -0.19471451 -0.00456719 1.00000000 1.00000000 1.00000000
v 0.13508535 -0.19584537 0.02316511 1.00000000 1.00000000 1.00000000
v 0.14269033 -0.00003188 0.02316511 1.00000000 1.00000000 1.00000000
v 0.14431142 -0.00003188 -0.00452837 1.00000000 1.00000000 1.00000000
v 0.15302676 -0.00003188 0.02065278 1.00000000 1.00000000 1.00000000
v 0.13672598 -0.19724869 -0.00446745 1.00000000 1.00000000 1.00000000
v 0.14071084 -0.20302896 0.02283552 1.00000000 1.00000000 1.00000000
v 0.14403213 -0.00003188 0.02372743 1.00000000 1.00000000 1.00000000
v 0.14403213 -0.07609634 0.02373018 1.00000000 1.00000000 1.00000000
v 0.13508535 -0.19817057 0.02372743 1.00000000 1.00000000 1.00000000
v 0.14287051 -0.00003188 0.02324269 1.00000000 1.00000000 1.00000000
v 0.13508535 -0.19798209 0.02368306 1.00000000 1.00000000 1.00000000
v 0.14402188 -0.17266274 -0.00456719 1.00000000 1.00000000 1.00000000
v 0.14426162 -0.13213833 -0.00451732 1.00000000 1.00000000 1.00000000
v 0.13508535 -0.21398208 0.02063618 1.00000000 1.00000000 1.00000000
v 0.13508535 -0.19787759 -0.00447576 1.00000000 1.00000000 1.00000000
v 0.13662344 -0.19710221 -0.00456719 1.00000000 1.00000000 1.00000000
v 0.13508535 -0.19768911 -0.00456719 1.00000000 1.00000000 1.00000000
v 0.14805801 -0.00003188 0.02283552 1.00000000 1.00000000 1.00000000
v 0.15288565 -0.00003188 0.02076637 1.00000000 1.00000000 1.00000000
v 0.15198525 -0.00003188 0.02147822 1.00000000 1.00000000 1.00000000
v 0.15200820 -0.18319692 0.02147548 1.00000000 1.00000000 1.00000000
v 0.13688271 -0.19750064 0.02372743 1.00000000 1.00000000 1.00000000
v 0.14420010 -0.13347916 -0.00456719 1.00000000 1.00000000 1.00000000
v 0.14361904 -0.17400259 -0.00456719 1.00000000 1.00000000 1.00000000
v 0.14448427 -0.20847427 0.02147548 1.00000000 1.00000000 1.00000000
v 0.13508535 -0.20512369 0.02283552 1.00000000 1.00000000 1.00000000
v 0.13508535 -0.19884049 0.02364155 1.00000000 1.00000000 1.00000000
v 0.14431142 -0.07538345 -0.00452837 1.00000000 1.00000000 1.00000000
v 0.14420547 -0.13209635 -0.00456719 1.00000000 1.00000000 1.00000000
v 0.14426699 -0.07536294 -0.00456719 1.00000000 1.00000000 1.00000000
v 0.13508535 -0.21197134 0.02147548 1.00000000 1.00000000 1.00000000
v 0.14426699 -0.00003188 -0.00456719 1.00000000 1.00000000 1.00000000
v 0.12285733 -0.21848404 0.02063899 1.00000000 1.00000000 1.00000000
v 0.05130166 -0.21685903 0.02147822 1.00000000 1.00000000 1.00000000
v 0.05130166 -0.21835415 0.02065278 1.00000000 1.00000000 1.00000000
v 0.11865811 -0.21124770 0.02283552 1.00000000 1.00000000 1.00000000
v 0.13507705 -0.20513052 0.02283552 1.00000000 1.00000000 1.00000000
v 0.11542714 -0.20550064 0.02373018 1.00000000 1.00000000 1.00000000
v 0.08188369 -0.20583072 -0.00451732 1.00000000 1.00000000 1.00000000
v 0.11496767 -0.20561393 -0.00448680 1.00000000 1.00000000 1.00000000
v 0.05130166 -0.20274283 -0.00456719 1.00000000 1.00000000 1.00000000
v 0.05130166 -0.20358169 0.02316511 1.00000000 1.00000000 1.00000000
v 0.13507705 -0.19473208 -0.00456719 1.00000000 1.00000000 1.00000000
v 0.13507705 -0.19585805 0.02316511 1.00000000 1.00000000 1.00000000
v 0.05130166 -0.20581412 -0.00456719 1.00000000 1.00000000 1.00000000
v 0.05130166 -0.20588151 -0.00452562 1.00000000 1.00000000 1.00000000
v 0.08185928 -0.20574868 -0.00456719 1.00000000 1.00000000 1.00000000
v 0.08297451 -0.20574184 -0.00456719 1.00000000 1.00000000 1.00000000
v 0.11490225 -0.20548599 -0.00456719 1.00000000 1.00000000 1.00000000
v 0.11609121 -0.20503092 -0.00456719 1.00000000 1.00000000 1.00000000
v 0.13507705 -0.19788052 -0.00447576 1.00000000 1.00000000 1.00000000
v 0.13507705 -0.19770669 -0.00456719 1.00000000 1.00000000 1.00000000
v 0.05130166 -0.21124770 0.02283552 1.00000000 1.00000000 1.00000000
v 0.13507705 -0.19817642 0.02372743 1.00000000 1.00000000 1.00000000
v 0.05130166 -0.20550064 0.02372743 1.00000000 1.00000000 1.00000000
v 0.05130166 -0.20407486 0.02331190 1.00000000 1.00000000 1.00000000
v 0.12185684 -0.21689126 0.02147548 1.00000000 1.00000000 1.00000000
v 0.13507705 -0.21197817 0.02147548 1.00000000 1.00000000 1.00000000
v 0.13507705 -0.20716762 0.02243111 1.00000000 1.00000000 1.00000000
v 0.13507705 -0.21398012 0.02063618 1.00000000 1.00000000 1.00000000
v 0.05130166 -0.20992935 0.02304048 1.00000000 1.00000000 1.00000000
v 0.13507705 -0.19886197 0.02364155 1.00000000 1.00000000 1.00000000
v 0.13507705 -0.19798991 0.02368306 1.00000000 1.00000000 1.00000000
v 0.05130166 -0.21576138 0.02174415 1.00000000 1.00000000 1.00000000
v 0.05128310 -0.21835415 0.02065285 1.00000000 1.00000000 1.00000000
v 0.05128310 -0.21685804 0.02148048 1.00000000 1.00000000 1.00000000
v -0.12325011 -0.21848404 0.02063979 1.00000000 1.00000000 1.00000000
v 0.05128310 -0.20358266 -0.00302544 1.00000000 1.00000000 1.00000000
v -0.13571690 -0.19554555 -0.00302544 1.00000000 1.00000000 1.00000000
v -0.13571690 -0.19554361 0.00962166 1.00000000 1.00000000 1.00000000
v -0.13571690 -0.19774380 -0.00302544 1.00000000 1.00000000 1.00000000
v -0.12982237 -0.20005238 -0.00302544 1.00000000 1.00000000 1.00000000
v -0.13571690 -0.21383168 0.02063454 1.00000000 1.00000000 1.00000000
v -0.11534191 -0.20568423 -0.00302544 1.00000000 1.00000000 1.00000000
v 0.05128310 -0.20549964 0.02372755 1.00000000 1.00000000 1.00000000
v 0.05128310 -0.20358266 0.02316707 1.00000000 1.00000000 1.00000000
v -0.13571690 -0.19554361 0.02316707 1.00000000 1.00000000 1.00000000
v -0.04590538 -0.20600062 -0.00302544 1.00000000 1.00000000 1.00000000
v 0.04048232 -0.20600062 -0.00302544 1.00000000 1.00000000 1.00000000
v -0.11579942 -0.20549964 0.02373018 1.00000000 1.00000000 1.00000000
v -0.13571690 -0.19846058 0.02366731 1.00000000 1.00000000 1.00000000
v -0.13571690 -0.20495181 0.02283711 1.00000000 1.00000000 1.00000000
v -0.11903966 -0.21124867 0.02283711 1.00000000 1.00000000 1.00000000
v -0.13571690 -0.19797525 0.02372755 1.00000000 1.00000000 1.00000000
v -0.10492540 -0.20577603 -0.00302544 1.00000000 1.00000000 1.00000000
v -0.08369005 -0.20592250 -0.00302544 1.00000000 1.00000000 1.00000000
v -0.07107677 -0.20595376 -0.00302544 1.00000000 1.00000000 1.00000000
v 0.05128310 -0.20597621 -0.00302544 1.00000000 1.00000000 1.00000000
v 0.05020303 -0.20598111 -0.00302544 1.00000000 1.00000000 1.00000000
v -0.13571690 -0.21181900 0.02147523 1.00000000 1.00000000 1.00000000
v 0.04086660 -0.20549964 0.02373018 1.00000000 1.00000000 1.00000000
v 0.05128310 -0.21124867 0.02283711 1.00000000 1.00000000 1.00000000
v -0.12224327 -0.21689224 0.02147523 1.00000000 1.00000000 1.00000000
v -0.13571690 -0.21299378 0.02099074 1.00000000 1.00000000 1.00000000
v 0.05128310 -0.20356118 -0.00302580 1.00000000 1.00000000 1.00000000
v 0.05128310 -0.00003188 -0.00554192 1.00000000 1.00000000 1.00000000
v -0.13571690 -0.19553677 -0.00302580 1.00000000 1.00000000 1.00000000
v -0.13571690 -0.13386392 -0.00661827 1.00000000 1.00000000 1.00000000
v -0.13571690 -0.00003188 -0.00554192 1.00000000 1.00000000 1.00000000
v -0.13106700 -0.18898403 -0.00654027 1.00000000 1.00000000 1.00000000
v -0.11413341 -0.20325845 -0.00593132 1.00000000 1.00000000 1.00000000
v -0.13529600 -0.19509341 -0.00590117 1.00000000 1.00000000 1.00000000
v -0.11067393 -0.19676627 -0.00656017 1.00000000 1.00000000 1.00000000
v -0.13571690 -0.00003188 -0.00662859 1.00000000 1.00000000 1.00000000
v -0.13571690 -0.17323794 -0.00655388 1.00000000 1.00000000 1.00000000
v -0.13571690 -0.18164517 -0.00629137 1.00000000 1.00000000 1.00000000
v -0.13571690 -0.19569790 -0.00550694 1.00000000 1.00000000 1.00000000
v -0.13571690 -0.19370181 -0.00590300 1.00000000 1.00000000 1.00000000
v -0.13571690 -0.07210904 -0.00662859 1.00000000 1.00000000 1.00000000
v -0.13571690 -0.08293521 -0.00662779 1.00000000 1.00000000 1.00000000
v -0.10887951 -0.00003188 -0.00677605 1.00000000 1.00000000 1.00000000
v -0.10607872 -0.00003188 -0.00678191 1.00000000 1.00000000 1.00000000
v -0.10607872 -0.15894399 -0.00678191 1.00000000 1.00000000 1.00000000
v -0.12694786 -0.16065787 -0.00672637 1.00000000 1.00000000 1.00000000
v -0.12696641 -0.12325845 -0.00673412 1.00000000 1.00000000 1.00000000
v -0.13571690 -0.16479068 -0.00659361 1.00000000 1.00000000 1.00000000
v -0.12292052 -0.17880239 -0.00667455 1.00000000 1.00000000 1.00000000
v -0.13571690 -0.19767349 -0.00446990 1.00000000 1.00000000 1.00000000
v -0.13571690 -0.19769400 -0.00424449 1.00000000 1.00000000 1.00000000
v -0.13571690 -0.19773404 -0.00302580 1.00000000 1.00000000 1.00000000
v -0.11534191 -0.20567739 -0.00302580 1.00000000 1.00000000 1.00000000
v -0.12696641 -0.07041568 -0.00673668 1.00000000 1.00000000 1.00000000
v -0.12696641 -0.00003188 -0.00673668 1.00000000 1.00000000 1.00000000
v -0.10723204 -0.18305630 -0.00672637 1.00000000 1.00000000 1.00000000
v 0.05128310 -0.19684732 -0.00659728 1.00000000 1.00000000 1.00000000
v 0.05128310 -0.20152407 -0.00616521 1.00000000 1.00000000 1.00000000
v 0.03896279 -0.19686685 -0.00660063 1.00000000 1.00000000 1.00000000
v -0.08288438 -0.20337955 -0.00597655 1.00000000 1.00000000 1.00000000
v -0.04546641 -0.20344008 -0.00599162 1.00000000 1.00000000 1.00000000
v -0.04590538 -0.20589907 -0.00452916 1.00000000 1.00000000 1.00000000
v -0.08369005 -0.20581900 -0.00451885 1.00000000 1.00000000 1.00000000
v -0.04590538 -0.20600065 -0.00302580 1.00000000 1.00000000 1.00000000
v -0.08369005 -0.20591958 -0.00302580 1.00000000 1.00000000 1.00000000
v -0.11532335 -0.20559732 -0.00448869 1.00000000 1.00000000 1.00000000
v -0.08046836 -0.19684732 -0.00659032 1.00000000 1.00000000 1.00000000
v -0.04416661 -0.19686685 -0.00660063 1.00000000 1.00000000 1.00000000
v -0.04288487 -0.18307681 -0.00673668 1.00000000 1.00000000 1.00000000
v -0.07805186 -0.18305630 -0.00673412 1.00000000 1.00000000 1.00000000
v 0.05128310 -0.19231119 -0.00664440 1.00000000 1.00000000 1.00000000
v 0.05128310 -0.18307681 -0.00673595 1.00000000 1.00000000 1.00000000
v 0.03780947 -0.18307681 -0.00673668 1.00000000 1.00000000 1.00000000
v 0.05128310 -0.15894399 -0.00678191 1.00000000 1.00000000 1.00000000
v 0.05128310 -0.20341958 -0.00598760 1.00000000 1.00000000 1.00000000
v 0.05128310 -0.20587954 -0.00452654 1.00000000 1.00000000 1.00000000
v 0.04009804 -0.20344008 -0.00599162 1.00000000 1.00000000 1.00000000
v 0.04048232 -0.20589907 -0.00452916 1.00000000 1.00000000 1.00000000
v 0.04048232 -0.20600065 -0.00302580 1.00000000 1.00000000 1.00000000
v 0.05128310 -0.20595962 -0.00302580 1.00000000 1.00000000 1.00000000
v -0.10492540 -0.20575845 -0.00302580 1.00000000 1.00000000 1.00000000
v 0.05128310 -0.00003188 -0.00678191 1.00000000 1.00000000 1.00000000
v -0.00359971 -0.00860122 -0.00678227 1.00000000 1.00000000 1.00000000
v -0.00359971 -0.12198794 -0.00678227 1.00000000 1.00000000 1.00000000
v -0.07724620 -0.12198794 -0.00678227 1.00000000 1.00000000 1.00000000
v -0.07724620 -0.00860122 -0.00678227 1.00000000 1.00000000 1.00000000
v -0.14206798 0.17418491 0.02359730 1.00000000 1.00000000 1.00000000
v -0.11471837 0.20586264 0.02373018 1.00000000 1.00000000 1.00000000
v -0.14206798 0.17581186 0.02372743 1.00000000 1.00000000 1.00000000
v -0.14206798 0.16883531 0.02316548 1.00000000 1.00000000 1.00000000
v -0.11471837 0.20394468 0.02316548 1.00000000 1.00000000 1.00000000
v -0.14206798 0.16590757 -0.00454839 1.00000000 1.00000000 1.00000000
v -0.11471837 0.20293980 -0.00454839 1.00000000 1.00000000 1.00000000
v -0.11580528 0.20586264 0.02373018 1.00000000 1.00000000 1.00000000
v -0.13695714 0.19639292 0.02372743 1.00000000 1.00000000 1.00000000
v -0.14078820 0.20188218 0.02283607 1.00000000 1.00000000 1.00000000
v -0.11904454 0.21161558 0.02283607 1.00000000 1.00000000 1.00000000
v -0.14206798 0.19907261 0.02268111 1.00000000 1.00000000 1.00000000
v -0.14206798 0.19672496 0.02283607 1.00000000 1.00000000 1.00000000
v -0.12325840 0.21885093 0.02063826 1.00000000 1.00000000 1.00000000
v -0.11471837 0.21881967 0.02064101 1.00000000 1.00000000 1.00000000
v -0.11471837 0.20598179 -0.00448747 1.00000000 1.00000000 1.00000000
v -0.14206798 0.20840758 0.02147420 1.00000000 1.00000000 1.00000000
v -0.11471837 0.21724936 0.02147694 1.00000000 1.00000000 1.00000000
v -0.14206798 0.18545737 0.02331776 1.00000000 1.00000000 1.00000000
v -0.12225694 0.21726012 0.02147694 1.00000000 1.00000000 1.00000000
v -0.14206798 0.21050620 0.02063271 1.00000000 1.00000000 1.00000000
v -0.11471837 0.21161558 0.02283607 1.00000000 1.00000000 1.00000000
v -0.14206798 0.20371128 0.02237386 1.00000000 1.00000000 1.00000000
v -0.13679942 0.19616538 -0.00446806 1.00000000 1.00000000 1.00000000
v -0.14206798 0.17530405 -0.00448192 1.00000000 1.00000000 1.00000000
v -0.11533653 0.20597690 -0.00448747 1.00000000 1.00000000 1.00000000
v -0.14206798 0.17493589 -0.00454839 1.00000000 1.00000000 1.00000000
v -0.13671641 0.19604624 -0.00454839 1.00000000 1.00000000 1.00000000
v -0.11528868 0.20588315 -0.00454839 1.00000000 1.00000000 1.00000000
v -0.11471837 0.20588315 -0.00454839 1.00000000 1.00000000 1.00000000
v -0.11618272 0.20547398 -0.00454839 1.00000000 1.00000000 1.00000000
v -0.14456749 0.20729233 0.02147609 1.00000000 1.00000000 1.00000000
v -0.14206797 0.20370640 0.02237617 1.00000000 1.00000000 1.00000000
v -0.14206797 0.20840561 0.02147639 1.00000000 1.00000000 1.00000000
v -0.14206797 0.21050717 0.02063496 1.00000000 1.00000000 1.00000000
v -0.14568858 0.20889976 0.02063399 1.00000000 1.00000000 1.00000000
v -0.15198790 0.17732749 0.02147761 1.00000000 1.00000000 1.00000000
v -0.14803672 0.17266928 0.02283693 1.00000000 1.00000000 1.00000000
v -0.15310167 0.17876987 0.02064052 1.00000000 1.00000000 1.00000000
v -0.15196397 -0.00003188 0.02148103 1.00000000 1.00000000 1.00000000
v -0.14803672 -0.00003188 0.02283693 1.00000000 1.00000000 1.00000000
v -0.14206797 0.19672006 0.02283693 1.00000000 1.00000000 1.00000000
v -0.14400987 0.16797104 0.02373018 1.00000000 1.00000000 1.00000000
v -0.14206797 0.17580209 0.02372987 1.00000000 1.00000000 1.00000000
v -0.15300645 -0.00003188 0.02065388 1.00000000 1.00000000 1.00000000
v -0.15210459 -0.00003188 0.02136964 1.00000000 1.00000000 1.00000000
v -0.14747862 -0.00003188 0.02296101 1.00000000 1.00000000 1.00000000
v -0.14266856 -0.00003188 0.02316768 1.00000000 1.00000000 1.00000000
v -0.14382774 -0.00003188 0.02365321 1.00000000 1.00000000 1.00000000
v -0.14401133 -0.00003188 0.02372987 1.00000000 1.00000000 1.00000000
v -0.15168760 0.17716245 0.02061665 1.00000000 1.00000000 1.00000000
v -0.14431993 -0.00003188 0.02056050 1.00000000 1.00000000 1.00000000
v -0.14206797 0.20799350 0.02060298 1.00000000 1.00000000 1.00000000
v -0.14435020 0.20698373 0.02060145 1.00000000 1.00000000 1.00000000
v -0.14400987 0.16714682 0.02056050 1.00000000 1.00000000 1.00000000
v -0.14206797 0.17477182 0.02056050 1.00000000 1.00000000 1.00000000
v -0.15141856 -0.00003188 0.02166939 1.00000000 1.00000000 1.00000000
v -0.14206797 0.16881577 0.02316768 1.00000000 1.00000000 1.00000000
v -0.14206797 0.17417417 0.02359895 1.00000000 1.00000000 1.00000000
v -0.14400987 0.05975425 0.02373018 1.00000000 1.00000000 1.00000000
v -0.14411827 0.14736166 0.02056050 1.00000000 1.00000000 1.00000000
v -0.14424327 0.12102378 0.02056050 1.00000000 1.00000000 1.00000000
v -0.14431993 0.05919761 0.02056050 1.00000000 1.00000000 1.00000000
v -0.14295567 0.17128940 0.02056050 1.00000000 1.00000000 1.00000000
v -0.14427891 0.09460386 0.02056050 1.00000000 1.00000000 1.00000000
v -0.14266856 -0.00003188 0.02056050 1.00000000 1.00000000 1.00000000
v -0.14206797 0.16881577 0.02056050 1.00000000 1.00000000 1.00000000
v -0.14210410 0.00013901 0.01238899 1.00000000 1.00000000 1.00000000
v -0.13535361 -0.18596158 -0.00261101 1.00000000 1.00000000 1.00000000
v -0.13535557 -0.18596451 0.01238899 1.00000000 1.00000000 1.00000000
v 0.14207216 0.00013901 0.01238899 1.00000000 1.00000000 1.00000000
v 0.14175331 0.00013901 -0.00261101 1.00000000 1.00000000 1.00000000
v 0.13460634 0.18560582 0.01238899 1.00000000 1.00000000 1.00000000
v 0.13502333 -0.18590201 -0.00261101 1.00000000 1.00000000 1.00000000
v -0.14176524 0.00013901 -0.00261101 1.00000000 1.00000000 1.00000000
v 0.14174062 -0.00878774 0.01238899 1.00000000 1.00000000 1.00000000
v 0.13504628 -0.18593326 0.01238899 1.00000000 1.00000000 1.00000000
v 0.12424306 -0.19586295 0.01238899 1.00000000 1.00000000 1.00000000
v -0.14169053 0.15087144 -0.00261101 1.00000000 1.00000000 1.00000000
v -0.14008945 0.16930504 0.01238899 1.00000000 1.00000000 1.00000000
v -0.13946201 0.16854624 -0.00261101 1.00000000 1.00000000 1.00000000
v 0.12292177 0.19405894 -0.00261101 1.00000000 1.00000000 1.00000000
v 0.12292372 0.19406188 0.01238899 1.00000000 1.00000000 1.00000000
v 0.13338613 0.18392710 -0.00261101 1.00000000 1.00000000 1.00000000
v -0.12429600 -0.19549380 -0.00261101 1.00000000 1.00000000 1.00000000
v -0.12429697 -0.19549575 0.01238899 1.00000000 1.00000000 1.00000000
v 0.05180703 -0.20219401 -0.00261101 1.00000000 1.00000000 1.00000000
v 0.05192128 -0.20263930 0.01238899 1.00000000 1.00000000 1.00000000
v 0.03851064 -0.20249087 -0.00261101 1.00000000 1.00000000 1.00000000
v 0.03851113 -0.20249478 0.01238899 1.00000000 1.00000000 1.00000000
v -0.14169346 0.15087437 0.01238899 1.00000000 1.00000000 1.00000000
v 0.01240175 0.19954038 0.01238899 1.00000000 1.00000000 1.00000000
v -0.00014317 0.19986167 0.01238899 1.00000000 1.00000000 1.00000000
v 0.12388710 -0.19530142 -0.00261101 1.00000000 1.00000000 1.00000000
v -0.12201230 0.19217417 -0.00261101 1.00000000 1.00000000 1.00000000
v -0.10994150 0.19986167 0.01238899 1.00000000 1.00000000 1.00000000
v -0.10722666 0.19492320 -0.00261101 1.00000000 1.00000000 1.00000000
v -0.12219981 0.19246909 0.01238899 1.00000000 1.00000000 1.00000000
v -0.00014317 0.19492515 -0.00261101 1.00000000 1.00000000 1.00000000
f 1 2 3
f 4 5 6
f 7 8 9
f 10 11 12
f 13 14 15
f 16 17 18
f 19 20 21
f 22 23 24
f 25 26 27
f 28 29 30
f 31 32 33
f 34 35 36
f 37 38 39
f 40 41 42
f 43 44 45
f 46 47 48
f 49 50 51
f 52 53 54
f 55 56 57
f 58 59 60
f 61 62 63
f 64 65 66
f 67 68 69
f 70 71 72
f 73 74 75
f 76 77 78
f 79 80 81
f 82 83 84
f 85 86 87
f 88 89 90
f 91 92 93
f 94 95 96
f 97 98 99
f 100 101 102
f 103 104 105
f 106 107 108
f 109 110 111
f 112 113 114
f 115 116 117
f 118 119 120
f 121 122 123
f 124 125 126
f 127 128 129
f 130 131 132
f 133 134 135
f 136 137 138
f 139 140 141
f 142 143 144
f 145 146 147
f 148 149 150
f 151 152 153
f 154 155 156
f 157 158 159
f 160 161 162
f 163 164 165
f 166 167 168
f 169 170 171
f 172 173 174
f 175 176 177
f 178 179 180
f 181 182 183
f 184 185 186
f 187 188 189
f 190 191 192
f 193 194 195
f 196 197 198
f 199 200 201
f 202 203 204
f 205 206 207
f 208 209 210
f 211 212 213
f 214 215 216
f 217 218 219
f 220 221 222
f 223 224 225
f 226 227 228
f 229 230 231
f 232 233 234
f 235 236 237
f 238 239 240
f 241 242 243
f 244 245 246
f 247 248 249
f 250 251 252
f 253 254 255
f 256 257 258
f 259 260 261
f 262 263 264
f 265 266 267
f 268 269 270
f 271 272 273
f 274 275 276
f 277 278 279
f 280 281 282
f 283 284 285
f 286 287 288
f 289 290 291
f 292 293 294
f 295 296 297
f 298 299 300
f 301 302 303
f 304 305 306
f 307 308 309
f 310 311 312
f 313 314 315
f 316 317 318
f 319 320 321
f 322 323 324
f 325 326 327
f 328 329 330
f 331 332 333
f 334 335 336
f 337 338 339
f 340 341 342
f 343 344 345
f 346 347 348
f 349 350 351
f 352 353 354
f 355 356 357
f 358 359 360
f 361 362 363
f 364 365 366
f 367 368 369
f 370 371 372
f 373 374 375
f 376 377 378
f 379 380 381
f 382 383 384
f 385 386 387
f 388 389 390
f 391 392 393
f 394 395 396
f 397 398 399
f 400 401 402
f 403 404 405
f 406 407 408
f 409 410 411
f 412 413 414
f 415 416 417
f 418 419 420
f 421 422 423
f 424 425 426
f 427 428 429
f 430 431 432
f 433 434 435
f 436 437 438
f 439 440 441
f 442 443 444
f 445 446 447
f 448 449 450
f 451 452 453
f 454 455 456
f 457 458 459
f 460 461 462
f 463 464 465
f 466 467 468
f 469 470 471
f 472 473 474
f 475 476 477
f 478 479 480
f 481 482 483
f 484 485 486
f 487 488 489
f 490 491 492
f 493 494 495
f 496 497 498
f 499 500 501
f 502 503 504
f 505 506 507
f 508 509 510
f 511 512 513
f 514 515 516
f 517 518 519
f 520 521 522
f 523 524 525
f 526 527 528
f 529 530 531
f 532 533 534
f 535 536 537
f 538 539 540
f 541 542 543
f 544 545 546
f 547 548 549
f 550 551 552
f 553 554 555
f 556 557 558
f 559 560 561
f 562 563 564
f 565 566 567
f 568 569 570
f 571 572 573
f 574 575 576
f 577 578 579
f 580 581 582
f 583 584 585
f 586 587 588
f 589 590 591
f 592 593 594
f 595 596 597
f 598 599 600
f 601 602 603
f 604 605 606
f 607 608 609
f 610 611 612
f 613 614 615
f 616 617 618
f 619 620 621
f 622 623 624
f 625 626 627
f 628 629 630
f 631 632 633
f 634 635 636
f 637 638 639
f 640 641 642
f 643 644 645
f 646 647 648
f 649 650 651
f 652 653 654
f 655 656 657
f 658 659 660
f 661 662 663
f 664 665 666
f 667 668 669
f 670 671 672
f 673 674 675
f 676 677 678
f 679 680 681
f 682 683 684
f 685 686 687
f 688 689 690
f 691 692 693
f 694 695 696
f 697 698 699
f 700 701 702
f 703 704 705
f 706 707 708
f 709 710 711
f 712 713 714
f 715 716 717
f 718 719 720
f 721 722 723
f 724 725 726
f 727 728 729
f 730 731 732
f 733 734 735
f 736 737 738
f 739 740 741
f 742 743 744
f 745 746 747
f 748 749 750
f 751 752 753
f 754 755 756
f 757 758 759
f 760 761 762
f 763 764 765
f 766 767 768
f 769 770 771
f 772 773 774
f 775 776 777
f 778 779 780
f 781 782 783
f 784 785 786
f 787 788 789
f 790 791 792
f 793 794 795
f 796 797 798
f 799 800 801
f 802 803 804
f 805 806 807
f 808 809 810
f 811 812 813
f 814 815 816
f 817 818 819
f 820 821 822
f 823 824 825
f 826 827 828
f 829 830 831
f 832 833 834
f 835 836 837
f 838 839 840
f 841 842 843
f 844 845 846
f 847 848 849
f 850 851 852
f 853 854 855
f 856 857 858
f 859 860 861
f 862 863 864
f 865 866 867
f 868 869 870
f 871 872 873
f 874 875 876
f 877 878 879
f 880 881 882
f 883 884 885
f 886 887 888
f 889 890 891
f 892 893 894
f 895 896 897
f 898 899 900
f 901 902 903
f 904 905 906
f 907 908 909
f 910 911 912
f 913 914 915
f 916 917 918
f 919 920 921
f 922 923 924
f 925 926 927
f 928 929 930
f 931 932 933
f 934 935 936
f 937 938 939
f 940 941 942
f 943 944 945
f 946 947 948
f 949 950 951
f 952 953 954
f 955 956 957
f 958 959 960
f 961 962 963
f 964 965 966
f 967 968 969
f 970 971 972
f 973 974 975
f 976 977 978
f 979 980 981
f 982 983 984
f 985 986 987
f 988 989 990
f 991 992 993
f 994 995 996
f 997 998 999
f 1000 1001 1002
f 1003 1004 1005
f 1006 1007 1008
f 1009 1010 1011
f 1012 1013 1014
f 1015 1016 1017
f 1018 1019 1020
f 1021 1022 1023
f 1024 1025 1026
f 1027 1028 1029
f 1030 1031 1032
f 1033 1034 1035
f 1036 1037 1038
f 1039 1040 1041
f 1042 1043 1044
f 1045 1046 1047
f 1048 1049 1050
f 1051 1052 1053
f 1054 1055 1056
f 1057 1058 1059
f 1060 1061 1062
f 1063 1064 1065
f 1066 1067 1068
f 1069 1070 1071
f 1072 1073 1074
f 1075 1076 1077
f 1078 1079 1080
f 1081 1082 1083
f 1084 1085 1086
f 1087 1088 1089
f 1090 1091 1092
f 1093 1094 1095
f 1096 1097 1098
f 1099 1100 1101
f 1102 1103 1104
f 1105 1106 1107
f 1108 1109 1110
f 1111 1112 1113
f 1114 1115 1116
f 1117 1118 1119
f 1120 1121 1122
f 1123 1124 1125
f 1126 1127 1128
f 1129 1130 1131
f 1132 1133 1134
f 1135 1136 1137
f 1138 1139 1140
f 1141 1142 1143
f 1144 1145 1146
f 1147 1148 1149
f 1150 1151 1152
f 1153 1154 1155
f 1156 1157 1158
f 1159 1160 1161
f 1162 1163 1164
f 1165 1166 1167
f 1168 1169 1170
f 1171 1172 1173
f 1174 1175 1176
f 1177 1178 1179
f 1180 1181 1182
f 1183 1184 1185
f 1186 1187 1188
f 1189 1190 1191
f 1192 1193 1194
f 1195 1196 1197
f 1198 1199 1200
f 1201 1202 1203
f 1204 1205 1206
f 1207 1208 1209
f 1210 1211 1212
f 1213 1214 1215
f 1216 1217 1218
f 1219 1220 1221
f 1222 1223 1224
f 1225 1226 1227
f 1228 1229 1230
f 1231 1232 1233
f 1234 1235 1236
f 1237 1238 1239
f 1240 1241 1242
f 1243 1244 1245
f 1246 1247 1248
f 1249 1250 1251
f 1252 1253 1254
f 1255 1256 1257
f 1258 1259 1260
f 1261 1262 1263
f 1264 1265 1266
f 1267 1268 1269
f 1270 1271 1272
f 1273 1274 1275
f 1276 1277 1278
f 1279 1280 1281
f 1282 1283 1284
f 1285 1286 1287
f 1288 1289 1290
f 1291 1292 1293
f 1294 1295 1296
f 1297 1298 1299
f 1300 1301 1302
f 1303 1304 1305
f 1306 1307 1308
f 1309 1310 1311
f 1312 1313 1314
f 1315 1316 1317
f 1318 1319 1320
f 1321 1322 1323
f 1324 1325 1326
f 1327 1328 1329
f 1330 1331 1332
f 1333 1334 1335
f 1336 1337 1338
f 1339 1340 1341
f 1342 1343 1344
f 1345 1346 1347
f 1348 1349 1350
f 1351 1352 1353
f 1354 1355 1356
f 1357 1358 1359
f 1360 1361 1362
f 1363 1364 1365
f 1366 1367 1368
f 1369 1370 1371
f 1372 1373 1374
f 1375 1376 1377
f 1378 1379 1380
f 1381 1382 1383
f 1384 1385 1386
f 1387 1388 1389
f 1390 1391 1392
f 1393 1394 1395
f 1396 1397 1398
f 1399 1400 1401
f 1402 1403 1404
f 1405 1406 1407
f 1408 1409 1410
f 1411 1412 1413
f 1414 1415 1416
f 1417 1418 1419
f 1420 1421 1422
f 1423 1424 1425
f 1426 1427 1428
f 1429 1430 1431
f 1432 1433 1434
f 1435 1436 1437
f 1438 1439 1440
f 1441 1442 1443
f 1444 1445 1446
f 1447 1448 1449
f 1450 1451 1452
f 1453 1454 1455
f 1456 1457 1458
f 1459 1460 1461
f 1462 1463 1464
f 1465 1466 1467
f 1468 1469 1470
f 1471 1472 1473
f 1474 1475 1476
f 1477 1478 1479
f 1480 1481 1482
f 1483 1484 1485
f 1486 1487 1488
f 1489 1490 1491
f 1492 1493 1494
f 1495 1496 1497
f 1498 1499 1500
f 1501 1502 1503
f 1504 1505 1506
f 1507 1508 1509
f 1510 1511 1512
f 1513 1514 1515
f 1516 1517 1518
f 1519 1520 1521
f 1522 1523 1524
f 1525 1526 1527
f 1528 1529 1530
f 1531 1532 1533
f 1534 1535 1536
f 1537 1538 1539
f 1540 1541 1542
f 1543 1544 1545
f 1546 1547 1548
f 1549 1550 1551
f 1552 1553 1554
f 1555 1556 1557
f 1558 1559 1560
f 1561 1562 1563
f 1564 1565 1566
f 1567 1568 1569
f 1570 1571 1572
f 1573 1574 1575
f 1576 1577 1578
f 1579 1580 1581
f 1582 1583 1584
f 1585 1586 1587
f 1588 1589 1590
f 1591 1592 1593
f 1594 1595 1596
f 1597 1598 1599
f 1600 1601 1602
f 1603 1604 1605
f 1606 1607 1608
f 1609 1610 1611
f 1612 1613 1614
f 1615 1616 1617
f 1618 1619 1620
f 1621 1622 1623
f 1624 1625 1626
f 1627 1628 1629
f 1630 1631 1632
f 1633 1634 1635
f 1636 1637 1638
f 1639 1640 1641
f 1642 1643 1644
f 1645 1646 1647
f 1648 1649 1650
f 1651 1652 1653
f 1654 1655 1656
f 1657 1658 1659
f 1660 1661 1662
f 1663 1664 1665
f 1666 1667 1668
f 1669 1670 1671
f 1672 1673 1674
f 1675 1676 1677
f 1678 1679 1680
f 1681 1682 1683
f 1684 1685 1686
f 1687 1688 1689
f 1690 1691 1692
f 1693 1694 1695
f 1696 1697 1698
f 1699 1700 1701
f 1702 1703 1704
f 1705 1706 1707
f 1708 1709 1710
f 1711 1712 1713
f 1714 1715 1716
f 1717 1718 1719
f 1720 1721 1722
f 1723 1724 1725
f 1726 1727 1728
f 1729 1730 1731
f 1732 1733 1734
f 1735 1736 1737
f 1738 1739 1740
f 1741 1742 1743
f 1744 1745 1746
f 1747 1748 1749
f 1750 1751 1752
f 1753 1754 1755
f 1756 1757 1758
f 1759 1760 1761
f 1762 1763 1764
f 1765 1766 1767
f 1768 1769 1770
f 1771 1772 1773
f 1774 1775 1776
f 1777 1778 1779
f 1780 1781 1782
f 1783 1784 1785
f 1786 1787 1788
f 1789 1790 1791
f 1792 1793 1794
f 1795 1796 1797
f 1798 1799 1800
f 1801 1802 1803
f 1804 1805 1806
f 1807 1808 1809
f 1810 1811 1812
f 1813 1814 1815
f 1816 1817 1818
f 1819 1820 1821
f 1822 1823 1824
f 1825 1826 1827
f 1828 1829 1830
f 1831 1832 1833
f 1834 1835 1836
f 1837 1838 1839
f 1840 1841 1842
f 1843 1844 1845
f 1846 1847 1848
f 1849 1850 1851
f 1852 1853 1854
f 1855 1856 1857
f 1858 1859 1860
f 1861 1862 1863
f 1864 1865 1866
f 1867 1868 1869
f 1870 1871 1872
f 1873 1874 1875
f 1876 1877 1878
f 1879 1880 1881
f 1882 1883 1884
f 1885 1886 1887
f 1888 1889 1890
f 1891 1892 1893
f 1894 1895 1896
f 1897 1898 1899
f 1900 1901 1902
f 1903 1904 1905
f 1906 1907 1908
f 1909 1910 1911
f 1912 1913 1914
f 1915 1916 1917
f 1918 1919 1920
f 1921 1922 1923
f 1924 1925 1926
f 1927 1928 1929
f 1930 1931 1932
f 1933 1934 1935
f 1936 1937 1938
f 1939 1940 1941
f 1942 1943 1944
f 1945 1946 1947
f 1948 1949 1950
f 1951 1952 1953
f 1954 1955 1956
f 1957 1958 1959
f 1960 1961 1962
f 1963 1964 1965
f 1966 1967 1968
f 1969 1970 1971
f 1972 1973 1974
f 1975 1976 1977
f 1978 1979 1980
f 1981 1982 1983
f 1984 1985 1986
f 1987 1988 1989
f 1990 1991 1992
f 1993 1994 1995
f 1996 1997 1998
f 1999 2000 2001
f 2002 2003 2004
f 2005 2006 2007
f 2008 2009 2010
f 2011 2012 2013
f 2014 2015 2016
f 2017 2018 2019
f 2020 2021 2022
f 2023 2024 2025
f 2026 2027 2028
f 2029 2030 2031
f 2032 2033 2034
f 2035 2036 2037
f 2038 2039 2040
f 2041 2042 2043
f 2044 2045 2046
f 2047 2048 2049
f 2050 2051 2052
f 2053 2054 2055
f 2056 2057 2058
f 2059 2060 2061
f 2062 2063 2064
f 2065 2066 2067
f 2068 2069 2070
f 2071 2072 2073
f 2074 2075 2076
f 2077 2078 2079
f 2080 2081 2082
f 2083 2084 2085
f 2086 2087 2088
f 2089 2090 2091
f 2092 2093 2094
f 2095 2096 2097
f 2098 2099 2100
f 2101 2102 2103
f 2104 2105 2106
f 2107 2108 2109
f 2110 2111 2112
f 2113 2114 2115
f 2116 2117 2118
f 2119 2120 2121
f 2122 2123 2124
f 2125 2126 2127
f 2128 2129 2130
f 2131 2132 2133
f 2134 2135 2136
f 2137 2138 2139
f 2140 2141 2142
f 2143 2144 2145
f 2146 2147 2148
f 2149 2150 2151
f 2152 2153 2154
f 2155 2156 2157
f 2158 2159 2160
f 2161 2162 2163
f 2164 2165 2166
f 2167 2168 2169
f 2170 2171 2172
f 2173 2174 2175
f 2176 2177 2178
f 2179 2180 2181
f 2182 2183 2184
f 2185 2186 2187
f 2188 2189 2190
f 2191 2192 2193
f 2194 2195 2196
f 2197 2198 2199
f 2200 2201 2202
f 2203 2204 2205
f 2206 2207 2208
f 2209 2210 2211
f 2212 2213 2214
f 2215 2216 2217
f 2218 2219 2220
f 2221 2222 2223
f 2224 2225 2226
f 2227 2228 2229
f 2230 2231 2232
f 2233 2234 2235
f 2236 2237 2238
f 2239 2240 2241
f 2242 2243 2244
f 2245 2246 2247
f 2248 2249 2250
f 2251 2252 2253
f 2254 2255 2256
f 2257 2258 2259
f 2260 2261 2262
f 2263 2264 2265
f 2266 2267 2268
f 2269 2270 2271
f 2272 2273 2274
f 2275 2276 2277
f 2278 2279 2280
f 2281 2282 2283
f 2284 2285 2286
f 2287 2288 2289
f 2290 2291 2292
f 2293 2294 2295
f 2296 2297 2298
f 2299 2300 2301
f 2302 2303 2304
f 2305 2306 2307
f 2308 2309 2310
f 2311 2312 2313
f 2314 2315 2316
f 2317 2318 2319
f 2320 2321 2322
f 2323 2324 2325
f 2326 2327 2328
f 2329 2330 2331
f 2332 2333 2334
f 2335 2336 2337
f 2338 2339 2340
f 2341 2342 2343
f 2344 2345 2346
f 2347 2348 2349
f 2350 2351 2352
f 2353 2354 2355
f 2356 2357 2358
f 2359 2360 2361
f 2362 2363 2364
f 2365 2366 2367
f 2368 2369 2370
f 2371 2372 2373
f 2374 2375 2376
f 2377 2378 2379
f 2380 2381 2382
f 2383 2384 2385
f 2386 2387 2388
f 2389 2390 2391
f 2392 2393 2394
f 2395 2396 2397
f 2398 2399 2400
f 2401 2402 2403
f 2404 2405 2406
f 2407 2408 2409
f 2410 2411 2412
f 2413 2414 2415
f 2416 2417 2418
f 2419 2420 2421
f 2422 2423 2424
f 2425 2426 2427
f 2428 2429 2430
f 2431 2432 2433
f 2434 2435 2436
f 2437 2438 2439
f 2440 2441 2442
f 2443 2444 2445
f 2446 2447 2448
f 2449 2450 2451
f 2452 2453 2454
f 2455 2456 2457
f 2458 2459 2460
f 2461 2462 2463
f 2464 2465 2466
f 2467 2468 2469
f 2470 2471 2472
f 2473 2474 2475
f 2476 2477 2478
f 2479 2480 2481
f 2482 2483 2484
f 2485 2486 2487
f 2488 2489 2490
f 2491 2492 2493
f 2494 2495 2496
f 2497 2498 2499
f 2500 2501 2502
f 2503 2504 2505
f 2506 2507 2508
f 2509 2510 2511
f 2512 2513 2514
f 2515 2516 2517
f 2518 2519 2520
f 2521 2522 2523
f 2524 2525 2526
f 2527 2528 2529
f 2530 2531 2532
f 2533 2534 2535
f 2536 2537 2538
f 2539 2540 2541
f 2542 2543 2544
f 2545 2546 2547
f 2548 2549 2550
f 2551 2552 2553
f 2554 2555 2556
f 2557 2558 2559
f 2560 2561 2562
f 2563 2564 2565
f 2566 2567 2568
f 2569 2570 2571
f 2572 2573 2574
f 2575 2576 2577
f 2578 2579 2580
f 2581 2582 2583
f 2584 2585 2586
f 2587 2588 2589
f 2590 2591 2592
f 2593 2594 2595
f 2596 2597 2598
f 2599 2600 2601
f 2602 2603 2604
f 2605 2606 2607
f 2608 2609 2610
f 2611 2612 2613
f 2614 2615 2616
f 2617 2618 2619
f 2620 2621 2622
f 2623 2624 2625
f 2626 2627 2628
f 2629 2630 2631
f 2632 2633 2634
f 2635 2636 2637
f 2638 2639 2640
f 2641 2642 2643
f 2644 2645 2646
f 2647 2648 2649
f 2650 2651 2652
f 2653 2654 2655
f 2656 2657 2658
f 2659 2660 2661
f 2662 2663 2664
f 2665 2666 2667
f 2668 2669 2670
f 2671 2672 2673
f 2674 2675 2676
f 2677 2678 2679
f 2680 2681 2682
f 2683 2684 2685
f 2686 2687 2688
f 2689 2690 2691
f 2692 2693 2694
f 2695 2696 2697
f 2698 2699 2700
f 2701 2702 2703
f 2704 2705 2706
f 2707 2708 2709
f 2710 2711 2712
f 2713 2714 2715
f 2716 2717 2718
f 2719 2720 2721
f 2722 2723 2724
f 2725 2726 2727
f 2728 2729 2730
f 2731 2732 2733
f 2734 2735 2736
f 2737 2738 2739
f 2740 2741 2742
f 2743 2744 2745
f 2746 2747 2748
f 2749 2750 2751
f 2752 2753 2754
f 2755 2756 2757
f 2758 2759 2760
f 2761 2762 2763
f 2764 2765 2766
f 2767 2768 2769
f 2770 2771 2772
f 2773 2774 2775
f 2776 2777 2778
f 2779 2780 2781
f 2782 2783 2784
f 2785 2786 2787
f 2788 2789 2790
f 2791 2792 2793
f 2794 2795 2796
f 2797 2798 2799
f 2800 2801 2802
f 2803 2804 2805
f 2806 2807 2808
f 2809 2810 2811
f 2812 2813 2814
f 2815 2816 2817
f 2818 2819 2820
f 2821 2822 2823
f 2824 2825 2826
f 2827 2828 2829
f 2830 2831 2832
f 2833 2834 2835
f 2836 2837 2838
f 2839 2840 2841
f 2842 2843 2844
f 2845 2846 2847
f 2848 2849 2850
f 2851 2852 2853
f 2854 2855 2856
f 2857 2858 2859
f 2860 2861 2862
f 2863 2864 2865
f 2866 2867 2868
f 2869 2870 2871
f 2872 2873 2874
f 2875 2876 2877
f 2878 2879 2880
f 2881 2882 2883
f 2884 2885 2886
f 2887 2888 2889
f 2890 2891 2892
f 2893 2894 2895
f 2896 2897 2898
f 2899 2900 2901
f 2902 2903 2904
f 2905 2906 2907
f 2908 2909 2910
f 2911 2912 2913
f 2914 2915 2916
f 2917 2918 2919
f 2920 2921 2922
f 2923 2924 2925
f 2926 2927 2928
f 2929 2930 2931
f 2932 2933 2934
f 2935 2936 2937
f 2938 2939 2940
f 2941 2942 2943
f 2944 2945 2946
f 2947 2948 2949
f 2950 2951 2952
f 2953 2954 2955
f 2956 2957 2958
f 2959 2960 2961
f 2962 2963 2964
f 2965 2966 2967
f 2968 2969 2970
f 2971 2972 2973
f 2974 2975 2976
f 2977 2978 2979
f 2980 2981 2982
f 2983 2984 2985
f 2986 2987 2988
f 2989 2990 2991
f 2992 2993 2994
f 2995 2996 2997
f 2998 2999 3000
f 3001 3002 3003
f 3004 3005 3006
f 3007 3008 3009
f 3010 3011 3012
f 3013 3014 3015
f 3016 3017 3018
f 3019 3020 3021
f 3022 3023 3024
f 3025 3026 3027
f 3028 3029 3030
f 3031 3032 3033
f 3034 3035 3036
f 3037 3038 3039
f 3040 3041 3042
f 3043 3044 3045
f 3046 3047 3048
f 3049 3050 3051
f 3052 3053 3054
f 3055 3056 3057
f 3058 3059 3060
f 3061 3062 3063
f 3064 3065 3066
f 3067 3068 3069
f 3070 3071 3072
f 3073 3074 3075
f 3076 3077 3078
f 3079 3080 3081
f 3082 3083 3084
f 3085 3086 3087
f 3088 3089 3090
f 3091 3092 3093
f 3094 3095 3096
f 3097 3098 3099
f 3100 3101 3102
f 3103 3104 3105
f 3106 3107 3108
f 3109 3110 3111
f 3112 3113 3114
f 3115 3116 3117
f 3118 3119 3120
f 3121 3122 3123
f 3124 3125 3126
f 3127 3128 3129
f 3130 3131 3132
f 3133 3134 3135
f 3136 3137 3138
f 3139 3140 3141
f 3142 3143 3144
f 3145 3146 3147
f 3148 3149 3150
f 3151 3152 3153
f 3154 3155 3156
f 3157 3158 3159
f 3160 3161 3162
f 3163 3164 3165
f 3166 3167 3168
f 3169 3170 3171
f 3172 3173 3174
f 3175 3176 3177
f 3178 3179 3180
f 3181 3182 3183
f 3184 3185 3186
f 3187 3188 3189
f 3190 3191 3192
f 3193 3194 3195
f 3196 3197 3198
f 3199 3200 3201
f 3202 3203 3204
f 3205 3206 3207
f 3208 3209 3210
f 3211 3212 3213
f 3214 3215 3216
f 3217 3218 3219
f 3220 3221 3222
f 3223 3224 3225
f 3226 3227 3228
f 3229 3230 3231
f 3232 3233 3234
f 3235 3236 3237
f 3238 3239 3240
f 3241 3242 3243
f 3244 3245 3246
f 3247 3248 3249
f 3250 3251 3252
f 3253 3254 3255
f 3256 3257 3258
f 3259 3260 3261
f 3262 3263 3264
f 3265 3266 3267
f 3268 3269 3270
f 3271 3272 3273
f 3274 3275 3276
f 3277 3278 3279
f 3280 3281 3282
f 3283 3284 3285
f 3286 3287 3288
f 3289 3290 3291
f 3292 3293 3294
f 3295 3296 3297
f 3298 3299 3300
f 3301 3302 3303
f 3304 3305 3306
f 3307 3308 3309
f 3310 3311 3312
f 3313 3314 3315
f 3316 3317 3318
f 3319 3320 3321
f 3322 3323 3324
f 3325 3326 3327
f 3328 3329 3330
f 3331 3332 3333
f 3334 3335 3336
f 3337 3338 3339
f 3340 3341 3342
f 3343 3344 3345
f 3346 3347 3348
f 3349 3350 3351
f 3352 3353 3354
f 3355 3356 3357
f 3358 3359 3360
f 3361 3362 3363
f 3364 3365 3366
f 3367 3368 3369
f 3370 3371 3372
f 3373 3374 3375
f 3376 3377 3378
f 3379 3380 3381
f 3382 3383 3384
f 3385 3386 3387
f 3388 3389 3390
f 3391 3392 3393
f 3394 3395 3396
f 3397 3398 3399
f 3400 3401 3402
f 3403 3404 3405
f 3406 3407 3408
f 3409 3410 3411
f 3412 3413 3414
f 3415 3416 3417
f 3418 3419 3420
f 3421 3422 3423
f 3424 3425 3426
f 3427 3428 3429
f 3430 3431 3432
f 3433 3434 3435
f 3436 3437 3438
f 3439 3440 3441
f 3442 3443 3444
f 3445 3446 3447
f 3448 3449 3450
f 3451 3452 3453
f 3454 3455 3456
f 3457 3458 3459
f 3460 3461 3462
f 3463 3464 3465
f 3466 3467 3468
f 3469 3470 3471
f 3472 3473 3474
f 3475 3476 3477
f 3478 3479 3480
f 3481 3482 3483
f 3484 3485 3486
f 3487 3488 3489
f 3490 3491 3492
f 3493 3494 3495
f 3496 3497 3498
f 3499 3500 3501
f 3502 3503 3504
f 3505 3506 3507
f 3508 3509 3510
f 3511 3512 3513
f 3514 3515 3516
f 3517 3518 3519
f 3520 3521 3522
f 3523 3524 3525
f 3526 3527 3528
f 3529 3530 3531
f 3532 3533 3534
f 3535 3536 3537
f 3538 3539 3540
f 3541 3542 3543
f 3544 3545 3546
f 3547 3548 3549
f 3550 3551 3552
f 3553 3554 3555
f 3556 3557 3558
f 3559 3560 3561
f 3562 3563 3564
f 3565 3566 3567
f 3568 3569 3570
f 3571 3572 3573
f 3574 3575 3576
f 3577 3578 3579
f 3580 3581 3582
f 3583 3584 3585
f 3586 3587 3588
f 3589 3590 3591
f 3592 3593 3594
f 3595 3596 3597
f 3598 3599 3600
f 3601 3602 3603
f 3604 3605 3606
f 3607 3608 3609
f 3610 3611 3612
f 3613 3614 3615
f 3616 3617 3618
f 3619 3620 3621
f 3622 3623 3624
f 3625 3626 3627
f 3628 3629 3630
f 3631 3632 3633
f 3634 3635 3636
f 3637 3638 3639
f 3640 3641 3642
f 3643 3644 3645
f 3646 3647 3648
f 3649 3650 3651
f 3652 3653 3654
f 3655 3656 3657
f 3658 3659 3660
f 3661 3662 3663
f 3664 3665 3666
f 3667 3668 3669
f 3670 3671 3672
f 3673 3674 3675
f 3676 3677 3678
f 3679 3680 3681
f 3682 3683 3684
f 3685 3686 3687
f 3688 3689 3690
f 3691 3692 3693
f 3694 3695 3696
f 3697 3698 3699
f 3700 3701 3702
f 3703 3704 3705
f 3706 3707 3708
f 3709 3710 3711
f 3712 3713 3714
f 3715 3716 3717
f 3718 3719 3720
f 3721 3722 3723
f 3724 3725 3726
f 3727 3728 3729
f 3730 3731 3732
f 3733 3734 3735
f 3736 3737 3738
f 3739 3740 3741
f 3742 3743 3744
f 3745 3746 3747
f 3748 3749 3750
f 3751 3752 3753
f 3754 3755 3756
f 3757 3758 3759
f 3760 3761 3762
f 3763 3764 3765
f 3766 3767 3768
f 3769 3770 3771
f 3772 3773 3774
f 3775 3776 3777
f 3778 3779 3780
f 3781 3782 3783
f 3784 3785 3786
f 3787 3788 3789
f 3790 3791 3792
f 3793 3794 3795
f 3796 3797 3798
f 3799 3800 3801
f 3802 3803 3804
f 3805 3806 3807
f 3808 3809 3810
f 3811 3812 3813
f 3814 3815 3816
f 3817 3818 3819
f 3820 3821 3822
f 3823 3824 3825
f 3826 3827 3828
f 3829 3830 3831
f 3832 3833 3834
f 3835 3836 3837
f 3838 3839 3840
f 3841 3842 3843
f 3844 3845 3846
f 3847 3848 3849
f 3850 3851 3852
f 3853 3854 3855
f 3856 3857 3858
f 3859 3860 3861
f 3862 3863 3864
f 3865 3866 3867
f 3868 3869 3870
f 3871 3872 3873
f 3874 3875 3876
f 3877 3878 3879
f 3880 3881 3882
f 3883 3884 3885
f 3886 3887 3888
f 3889 3890 3891
f 3892 3893 3894
f 3895 3896 3897
f 3898 3899 3900
f 3901 3902 3903
f 3904 3905 3906
f 3907 3908 3909
f 3910 3911 3912
f 3913 3914 3915
f 3916 3917 3918
f 3919 3920 3921
f 3922 3923 3924
f 3925 3926 3927
f 3928 3929 3930
f 3931 3932 3933
f 3934 3935 3936
f 3937 3938 3939
f 3940 3941 3942
f 3943 3944 3945
f 3946 3947 3948
f 3949 3950 3951
f 3952 3953 3954
f 3955 3956 3957
f 3958 3959 3960
f 3961 3962 3963
f 3964 3965 3966
f 3967 3968 3969
f 3970 3971 3972
f 3973 3974 3975
f 3976 3977 3978
f 3979 3980 3981
f 3982 3983 3984
f 3985 3986 3987
f 3988 3989 3990
f 3991 3992 3993
f 3994 3995 3996
f 3997 3998 3999
f 4000 4001 4002
f 4003 4004 4005
f 4006 4007 4008
f 4009 4010 4011
f 4012 4013 4014
f 4015 4016 4017
f 4018 4019 4020
f 4021 4022 4023
f 4024 4025 4026
f 4027 4028 4029
f 4030 4031 4032
f 4033 4034 4035
f 4036 4037 4038
f 4039 4040 4041
f 4042 4043 4044
f 4045 4046 4047
f 4048 4049 4050
f 4051 4052 4053
f 4054 4055 4056
f 4057 4058 4059
f 4060 4061 4062
f 4063 4064 4065
f 4066 4067 4068
f 4069 4070 4071
f 4072 4073 4074
f 4075 4076 4077
f 4078 4079 4080
f 4081 4082 4083
f 4084 4085 4086
f 4087 4088 4089
f 4090 4091 4092
f 4093 4094 4095
f 4096 4097 4098
f 4099 4100 4101
f 4102 4103 4104
f 4105 4106 4107
f 4108 4109 4110
f 4111 4112 4113
f 4114 4115 4116
f 4117 4118 4119
f 4120 4121 4122
f 4123 4124 4125
f 4126 4127 4128
f 4129 4130 4131
f 4132 4133 4134
f 4135 4136 4137
f 4138 4139 4140
f 4141 4142 4143
f 4144 4145 4146
f 4147 4148 4149
f 4150 4151 4152
f 4153 4154 4155
f 4156 4157 4158
f 4159 4160 4161
f 4162 4163 4164
f 4165 4166 4167
f 4168 4169 4170
f 4171 4172 4173
f 4174 4175 4176
f 4177 4178 4179
f 4180 4181 4182
f 4183 4184 4185
f 4186 4187 4188
f 4189 4190 4191
f 4192 4193 4194
f 4195 4196 4197
f 4198 4199 4200
f 4201 4202 4203
f 4204 4205 4206
f 4207 4208 4209
f 4210 4211 4212
f 4213 4214 4215
f 4216 4217 4218
f 4219 4220 4221
f 4222 4223 4224
f 4225 4226 4227
f 4228 4229 4230
f 4231 4232 4233
f 4234 4235 4236
f 4237 4238 4239
f 4240 4241 4242
f 4243 4244 4245
f 4246 4247 4248
f 4249 4250 4251
f 4252 4253 4254
f 4255 4256 4257
f 4258 4259 4260
f 4261 4262 4263
f 4264 4265 4266
f 4267 4268 4269
f 4270 4271 4272
f 4273 4274 4275
f 4276 4277 4278
f 4279 4280 4281
f 4282 4283 4284
f 4285 4286 4287
f 4288 4289 4290
f 4291 4292 4293
f 4294 4295 4296
f 4297 4298 4299
f 4300 4301 4302
f 4303 4304 4305
f 4306 4307 4308
f 4309 4310 4311
f 4312 4313 4314
f 4315 4316 4317
f 4318 4319 4320
f 4321 4322 4323
f 4324 4325 4326
f 4327 4328 4329
f 4330 4331 4332
f 4333 4334 4335
f 4336 4337 4338
f 4339 4340 4341
f 4342 4343 4344
f 4345 4346 4347
f 4348 4349 4350
f 4351 4352 4353
f 4354 4355 4356
f 4357 4358 4359
f 4360 4361 4362
f 4363 4364 4365
f 4366 4367 4368
f 4369 4370 4371
f 4372 4373 4374
f 4375 4376 4377
f 4378 4379 4380
f 4381 4382 4383
f 4384 4385 4386
f 4387 4388 4389
f 4390 4391 4392
f 4393 4394 4395
f 4396 4397 4398
f 4399 4400 4401
f 4402 4403 4404
f 4405 4406 4407
f 4408 4409 4410
f 4411 4412 4413
f 4414 4415 4416
f 4417 4418 4419
f 4420 4421 4422
f 4423 4424 4425
f 4426 4427 4428
f 4429 4430 4431
f 4432 4433 4434
f 4435 4436 4437
f 4438 4439 4440
f 4441 4442 4443
f 4444 4445 4446
f 4447 4448 4449
f 4450 4451 4452
f 4453 4454 4455
f 4456 4457 4458
f 4459 4460 4461
f 4462 4463 4464
f 4465 4466 4467
f 4468 4469 4470
f 4471 4472 4473
f 4474 4475 4476
f 4477 4478 4479
f 4480 4481 4482
f 4483 4484 4485
f 4486 4487 4488
f 4489 4490 4491
f 4492 4493 4494
f 4495 4496 4497
f 4498 4499 4500
f 4501 4502 4503
f 4504 4505 4506
f 4507 4508 4509
f 4510 4511 4512
f 4513 4514 4515
f 4516 4517 4518
f 4519 4520 4521
f 4522 4523 4524
f 4525 4526 4527
f 4528 4529 4530
f 4531 4532 4533
f 4534 4535 4536
f 4537 4538 4539
f 4540 4541 4542
f 4543 4544 4545
f 4546 4547 4548
f 4549 4550 4551
f 4552 4553 4554
f 4555 4556 4557
f 4558 4559 4560
f 4561 4562 4563
f 4564 4565 4566
f 4567 4568 4569
f 4570 4571 4572
f 4573 4574 4575
f 4576 4577 4578
f 4579 4580 4581
f 4582 4583 4584
f 4585 4586 4587
f 4588 4589 4590
f 4591 4592 4593
f 4594 4595 4596
f 4597 4598 4599
f 4600 4601 4602
f 4603 4604 4605
f 4606 4607 4608
f 4609 4610 4611
f 4612 4613 4614
f 4615 4616 4617
f 4618 4619 4620
f 4621 4622 4623
f 4624 4625 4626
f 4627 4628 4629
f 4630 4631 4632
f 4633 4634 4635
f 4636 4637 4638
f 4639 4640 4641
f 4642 4643 4644
f 4645 4646 4647
f 4648 4649 4650
f 4651 4652 4653
f 4654 4655 4656
f 4657 4658 4659
f 4660 4661 4662
f 4663 4664 4665
f 4666 4667 4668
f 4669 4670 4671
f 4672 4673 4674
f 4675 4676 4677
f 4678 4679 4680
f 4681 4682 4683
f 4684 4685 4686
f 4687 4688 4689
f 4690 4691 4692
f 4693 4694 4695
f 4696 4697 4698
f 4699 4700 4701
f 4702 4703 4704
f 4705 4706 4707
f 4708 4709 4710
f 4711 4712 4713
f 4714 4715 4716
f 4717 4718 4719
f 4720 4721 4722
f 4723 4724 4725
f 4726 4727 4728
f 4729 4730 4731
f 4732 4733 4734
f 4735 4736 4737
f 4738 4739 4740
f 4741 4742 4743
f 4744 4745 4746
f 4747 4748 4749
f 4750 4751 4752
f 4753 4754 4755
f 4756 4757 4758
f 4759 4760 4761
f 4762 4763 4764
f 4765 4766 4767
f 4768 4769 4770
f 4771 4772 4773
f 4774 4775 4776
f 4777 4778 4779
f 4780 4781 4782
f 4783 4784 4785
f 4786 4787 4788
f 4789 4790 4791
f 4792 4793 4794
f 4795 4796 4797
f 4798 4799 4800
f 4801 4802 4803
f 4804 4805 4806
f 4807 4808 4809
f 4810 4811 4812
f 4813 4814 4815
f 4816 4817 4818
f 4819 4820 4821
f 4822 4823 4824
f 4825 4826 4827
f 4828 4829 4830
f 4831 4832 4833
f 4834 4835 4836
f 4837 4838 4839
f 4840 4841 4842
f 4843 4844 4845
f 4846 4847 4848
f 4849 4850 4851
f 4852 4853 4854
f 4855 4856 4857
f 4858 4859 4860
f 4861 4862 4863
f 4864 4865 4866
f 4867 4868 4869
f 4870 4871 4872
f 4873 4874 4875
f 4876 4877 4878
f 4879 4880 4881
f 4882 4883 4884
f 4885 4886 4887
f 4888 4889 4890
f 4891 4892 4893
f 4894 4895 4896
f 4897 4898 4899
f 4900 4901 4902
f 4903 4904 4905
f 4906 4907 4908
f 4909 4910 4911
f 4912 4913 4914
f 4915 4916 4917
f 4918 4919 4920
f 4921 4922 4923
f 4924 4925 4926
f 4927 4928 4929
f 4930 4931 4932
f 4933 4934 4935
f 4936 4937 4938
f 4939 4940 4941
f 4942 4943 4944
f 4945 4946 4947
f 4948 4949 4950
f 4951 4952 4953
f 4954 4955 4956
f 4957 4958 4959
f 4960 4961 4962
f 4963 4964 4965
f 4966 4967 4968
f 4969 4970 4971
f 4972 4973 4974
f 4975 4976 4977
f 4978 4979 4980
f 4981 4982 4983
f 4984 4985 4986
f 4987 4988 4989
f 4990 4991 4992
f 4993 4994 4995
f 4996 4997 4998
f 4998 4999 4996
f 5000 5001 5002
f 5001 5003 5002
f 5004 5005 4998
f 5006 5001 5000
f 5000 4995 5006
f 5007 5003 5001
f 5008 4996 5009
f 5009 4996 4999
f 5010 5002 5003
f 5010 4999 4998
f 5010 5003 4999
f 4998 5005 5010
f 5005 5011 5010
f 5010 5011 5002
f 5012 5004 4998
f 4993 4995 5013
f 4995 5014 5013
f 5011 5014 5015
f 5015 4995 5000
f 5015 5014 4995
f 5016 4999 5017
f 4999 5003 5017
f 5001 5006 5018
f 5018 5007 5001
f 5018 5006 4995
f 5019 5020 5021
f 5019 5021 4997
f 4997 4996 5019
f 5019 4996 5008
f 5008 5009 5022
f 5023 4999 5016
f 5023 5009 4999
f 5023 5022 5009
f 4997 5021 5024
f 4998 4997 5024
f 5024 5012 4998
f 5003 5007 5025
f 5025 5017 5003
f 5021 5020 5026
f 5020 5027 5026
f 5028 5019 5008
f 5028 5029 5020
f 5020 5019 5028
f 5020 5029 5030
f 5030 5027 5020
f 5031 5026 5032
f 5032 5026 5027
f 5033 5032 5034
f 5031 5032 5033
f 5035 5024 5021
f 5021 5026 5035
f 5035 5026 5031
f 5012 5024 5036
f 5036 5035 5037
f 5024 5035 5036
f 5002 5011 5015
f 5000 5002 5015
f 5032 5025 5007
f 5032 5018 4995
f 5032 4994 5034
f 5032 4995 4994
f 5016 5017 5032
f 5032 5023 5016
f 5007 5018 5032
f 5032 5030 5029
f 5008 5022 5032
f 5022 5023 5032
f 5017 5025 5032
f 5032 5028 5008
f 5029 5028 5032
f 5027 5030 5032
f 5035 5033 5037
f 5031 5033 5035
f 5034 4994 5036
f 5036 4994 4993
f 4993 5013 5036
f 5036 5011 5005
f 5005 5004 5036
f 5036 5014 5011
f 5004 5012 5036
f 5036 5013 5014
f 5036 5033 5034
f 5037 5033 5036
f 5038 5039 5040
f 5041 5042 5043
f 5043 5044 5041
f 5045 5046 5047
f 5048 5047 5049
f 5044 5050 5051
f 5052 5053 5042
f 5054 5043 5055
f 5042 5053 5055
f 5055 5043 5042
f 5056 5043 5054
f 5056 5050 5044
f 5044 5043 5056
f 5049 5047 5057
f 5047 5046 5057
f 5058 5059 5060
f 5060 5061 5047
f 5041 5045 5062
f 5062 5042 5041
f 5041 5046 5063
f 5063 5045 5041
f 5046 5045 5063
f 5047 5048 5064
f 5065 5051 5066
f 5044 5051 5065
f 5067 5046 5041
f 5041 5044 5067
f 5044 5065 5067
f 5049 5057 5068
f 5069 5062 5045
f 5070 5069 5045
f 5070 5045 5047
f 5071 5065 5066
f 5072 5065 5071
f 5073 5065 5072
f 5046 5067 5074
f 5075 5068 5074
f 5074 5067 5065
f 5074 5057 5046
f 5074 5068 5057
f 5074 5073 5075
f 5065 5073 5074
f 5076 5077 5052
f 5076 5052 5042
f 5042 5062 5076
f 5062 5069 5076
f 5069 5070 5078
f 5077 5076 5079
f 5079 5076 5069
f 5069 5078 5079
f 5080 5078 5070
f 5080 5070 5047
f 5061 5081 5080
f 5047 5061 5080
f 5081 5038 5082
f 5081 5039 5038
f 5081 5059 5039
f 5082 5083 5081
f 5081 5083 5084
f 5081 5060 5059
f 5061 5060 5081
f 5064 5060 5047
f 5058 5060 5064
f 5064 5048 5059
f 5064 5059 5058
f 5082 5038 5077
f 5077 5040 5066
f 5066 5051 5077
f 5038 5040 5077
f 5054 5055 5077
f 5077 5056 5054
f 5077 5051 5050
f 5053 5052 5077
f 5077 5055 5053
f 5050 5056 5077
f 5066 5040 5073
f 5039 5059 5073
f 5073 5040 5039
f 5049 5068 5073
f 5073 5048 5049
f 5059 5048 5073
f 5073 5071 5066
f 5073 5068 5075
f 5072 5071 5073
f 5079 5083 5082
f 5082 5077 5079
f 5084 5083 5079
f 5079 5078 5084
f 5080 5081 5084
f 5084 5078 5080
f 5085 5086 5087
f 5087 5088 5085
f 5089 5086 5085
f 5085 5090 5089
f 5091 5092 5093
f 5094 5087 5086
f 5088 5087 5094
f 5095 5090 5085
f 5096 5097 5098
f 5085 5088 5099
f 5088 5100 5099
f 5101 5100 5088
f 5101 5094 5102
f 5088 5094 5101
f 5103 5104 5105
f 5093 5106 5107
f 5106 5108 5107
f 5107 5098 5093
f 5100 5109 5110
f 5085 5099 5110
f 5110 5099 5100
f 5093 5098 5111
f 5111 5091 5093
f 5102 5091 5111
f 5111 5101 5102
f 5112 5096 5098
f 5098 5107 5112
f 5098 5097 5113
f 5114 5111 5098
f 5114 5113 5115
f 5098 5113 5114
f 5100 5101 5114
f 5101 5111 5114
f 5116 5109 5100
f 5100 5114 5116
f 5116 5114 5115
f 5117 5108 5118
f 5119 5103 5105
f 5119 5120 5121
f 5122 5123 5124
f 5124 5121 5122
f 5123 5118 5124
f 5124 5118 5108
f 5125 5108 5106
f 5125 5124 5108
f 5121 5124 5125
f 5093 5092 5126
f 5096 5112 5127
f 5122 5121 5128
f 5121 5120 5128
f 5129 5119 5105
f 5120 5119 5129
f 5103 5119 5130
f 5131 5106 5093
f 5093 5126 5131
f 5131 5125 5106
f 5132 5108 5117
f 5132 5107 5108
f 5132 5112 5107
f 5132 5127 5112
f 5125 5131 5133
f 5134 5130 5133
f 5133 5130 5119
f 5133 5119 5121
f 5121 5125 5133
f 5086 5089 5130
f 5092 5091 5130
f 5090 5095 5130
f 5130 5089 5090
f 5130 5094 5086
f 5130 5091 5102
f 5102 5094 5130
f 5130 5095 5104
f 5104 5103 5130
f 5130 5126 5092
f 5134 5126 5130
f 5117 5118 5132
f 5122 5128 5132
f 5105 5104 5132
f 5104 5095 5132
f 5132 5095 5085
f 5097 5096 5132
f 5085 5110 5132
f 5109 5116 5132
f 5132 5110 5109
f 5132 5113 5097
f 5132 5123 5122
f 5115 5113 5132
f 5132 5116 5115
f 5132 5118 5123
f 5132 5129 5105
f 5096 5127 5132
f 5132 5128 5120
f 5120 5129 5132
f 5133 5126 5134
f 5133 5131 5126
f 5135 5136 5137
f 5138 5139 5137
f 5140 5141 5142
f 5143 5144 5145
f 5146 5144 5143
f 5147 5144 5146
f 5148 5135 5137
f 5136 5135 5149
f 5150 5140 5142
f 5137 5139 5151
f 5151 5148 5137
f 5152 5153 5135
f 5135 5148 5152
f 5154 5144 5147
f 5155 5156 5137
f 5155 5145 5144
f 5155 5154 5156
f 5144 5154 5155
f 5136 5145 5155
f 5137 5136 5155
f 5157 5138 5137
f 5137 5156 5157
f 5158 5146 5143
f 5158 5159 5146
f 5160 5161 5147
f 5147 5146 5160
f 5146 5159 5160
f 5159 5161 5160
f 5141 5161 5162
f 5162 5161 5159
f 5141 5140 5163
f 5163 5161 5141
f 5148 5151 5164
f 5164 5152 5148
f 5135 5153 5165
f 5165 5166 5149
f 5165 5149 5135
f 5167 5164 5151
f 5142 5141 5162
f 5143 5145 5162
f 5162 5166 5142
f 5162 5145 5136
f 5136 5149 5162
f 5162 5158 5143
f 5149 5166 5162
f 5159 5158 5162
f 5139 5138 5168
f 5168 5163 5140
f 5147 5161 5168
f 5168 5154 5147
f 5140 5150 5168
f 5138 5157 5168
f 5156 5154 5168
f 5168 5157 5156
f 5161 5163 5168
f 5168 5150 5142
f 5153 5152 5168
f 5142 5166 5168
f 5168 5165 5153
f 5152 5164 5168
f 5166 5165 5168
f 5164 5167 5168
f 5168 5151 5139
f 5168 5167 5151
f 5169 5170 5171
f 5169 5171 5172
f 5173 5170 5169
f 5174 5172 5171
f 5175 5173 5169
f 5176 5177 5178
f 5179 5180 5181
f 5182 5183 5184
f 5182 5185 5186
f 5185 5187 5188
f 5186 5185 5188
f 5173 5175 5189
f 5175 5190 5189
f 5191 5173 5189
f 5189 5190 5191
f 5191 5190 5192
f 5192 5190 5186
f 5186 5188 5192
f 5192 5188 5176
f 5192 5173 5191
f 5178 5173 5192
f 5192 5176 5178
f 5193 5190 5175
f 5194 5195 5181
f 5184 5183 5196
f 5190 5193 5196
f 5176 5188 5197
f 5177 5176 5198
f 5176 5195 5198
f 5195 5194 5198
f 5198 5199 5177
f 5198 5194 5199
f 5170 5199 5200
f 5199 5194 5200
f 5186 5190 5201
f 5190 5196 5201
f 5201 5182 5186
f 5183 5182 5201
f 5201 5196 5183
f 5184 5196 5202
f 5202 5196 5193
f 5203 5195 5176
f 5176 5197 5203
f 5203 5197 5188
f 5204 5205 5203
f 5203 5179 5181
f 5181 5195 5203
f 5203 5187 5204
f 5203 5188 5187
f 5203 5205 5206
f 5203 5206 5179
f 5207 5200 5194
f 5181 5180 5207
f 5207 5194 5181
f 5179 5206 5208
f 5208 5209 5180
f 5180 5179 5208
f 5199 5173 5178
f 5170 5173 5199
f 5178 5177 5199
f 5184 5172 5182
f 5172 5174 5182
f 5202 5172 5184
f 5169 5172 5202
f 5202 5175 5169
f 5202 5193 5175
f 5170 5200 5207
f 5207 5171 5170
f 5207 5209 5171
f 5180 5209 5207
f 5208 5174 5171
f 5208 5182 5174
f 5204 5187 5208
f 5208 5187 5185
f 5185 5182 5208
f 5171 5209 5208
f 5208 5205 5204
f 5206 5205 5208
f 5210 5211 5212
f 5213 5214 5215
f 5215 5214 5216
f 5217 5211 5210
f 5218 5216 5214
f 5219 5220 5221
f 5222 5223 5224
f 5225 5218 5219
f 5216 5218 5225
f 5226 5221 5220
f 5227 5223 5222
f 5228 5227 5222
f 5222 5224 5229
f 5229 5230 5222
f 5229 5231 5230
f 5232 5233 5210
f 5232 5231 5233
f 5230 5231 5232
f 5219 5221 5234
f 5234 5225 5219
f 5220 5217 5235
f 5235 5226 5220
f 5235 5217 5210
f 5236 5228 5237
f 5227 5228 5236
f 5238 5239 5240
f 5228 5239 5241
f 5241 5238 5242
f 5239 5238 5241
f 5241 5243 5237
f 5237 5228 5241
f 5244 5239 5228
f 5222 5230 5244
f 5244 5228 5222
f 5230 5232 5244
f 5210 5212 5245
f 5245 5232 5210
f 5245 5244 5232
f 5239 5244 5245
f 5210 5233 5235
f 5215 5216 5235
f 5235 5223 5215
f 5216 5225 5235
f 5235 5234 5221
f 5235 5224 5223
f 5235 5229 5224
f 5221 5226 5235
f 5233 5231 5235
f 5231 5229 5235
f 5225 5234 5235
f 5246 5213 5236
f 5236 5213 5215
f 5215 5223 5236
f 5223 5227 5236
f 5236 5243 5246
f 5237 5243 5236
f 5211 5217 5238
f 5238 5220 5219
f 5219 5218 5238
f 5238 5213 5246
f 5238 5212 5211
f 5214 5213 5238
f 5238 5217 5220
f 5238 5240 5212
f 5238 5218 5214
f 5246 5242 5238
f 5241 5242 5246
f 5246 5243 5241
f 5212 5240 5245
f 5240 5239 5245
f 5247 5248 5249
f 5250 5248 5247
f 5251 5252 5253
f 5254 5255 5256
f 5252 5257 5258
f 5258 5253 5252
f 5259 5260 5261
f 5260 5262 5261
f 5263 5262 5260
f 5263 5258 5264
f 5260 5258 5263
f 5265 5253 5254
f 5254 5256 5265
f 5265 5266 5251
f 5251 5253 5265
f 5267 5260 5259
f 5254 5253 5268
f 5268 5258 5260
f 5253 5258 5268
f 5269 5270 5271
f 5271 5272 5273
f 5273 5274 5266
f 5273 5266 5271
f 5264 5258 5275
f 5275 5258 5257
f 5251 5276 5277
f 5277 5252 5251
f 5277 5278 5252
f 5279 5265 5256
f 5271 5266 5279
f 5266 5265 5279
f 5260 5267 5280
f 5280 5268 5260
f 5281 5268 5280
f 5282 5255 5254
f 5254 5283 5282
f 5254 5268 5284
f 5284 5283 5254
f 5284 5268 5281
f 5255 5285 5286
f 5286 5256 5255
f 5256 5286 5287
f 5288 5269 5271
f 5271 5279 5288
f 5289 5279 5256
f 5289 5288 5279
f 5256 5287 5289
f 5271 5270 5290
f 5290 5272 5271
f 5274 5276 5251
f 5251 5266 5274
f 5291 5257 5278
f 5278 5257 5252
f 5275 5247 5259
f 5275 5291 5250
f 5250 5247 5275
f 5275 5263 5264
f 5259 5261 5275
f 5275 5257 5291
f 5275 5261 5262
f 5262 5263 5275
f 5250 5291 5277
f 5277 5248 5250
f 5276 5274 5277
f 5277 5290 5248
f 5272 5290 5277
f 5277 5273 5272
f 5291 5278 5277
f 5274 5273 5277
f 5259 5247 5284
f 5284 5247 5249
f 5281 5280 5284
f 5284 5267 5259
f 5249 5285 5284
f 5255 5282 5284
f 5284 5285 5255
f 5284 5280 5267
f 5284 5282 5283
f 5248 5290 5289
f 5249 5248 5289
f 5289 5290 5270
f 5270 5269 5289
f 5289 5285 5249
f 5289 5286 5285
f 5289 5287 5286
f 5269 5288 5289
f 5292 5293 5294
f 5295 5296 5297
f 5297 5296 5298
f 5297 5298 5299
f 5299 5298 5300
f 5301 5302 5296
f 5303 5304 5305
f 5306 5307 5308
f 5308 5307 5309
f 5309 5305 5308
f 5308 5305 5295
f 5310 5311 5300
f 5310 5298 5312
f 5300 5298 5310
f 5300 5311 5313
f 5312 5298 5314
f 5296 5302 5314
f 5314 5298 5296
f 5315 5299 5316
f 5316 5299 5317
f 5300 5318 5317
f 5317 5299 5300
f 5319 5301 5320
f 5321 5301 5296
f 5322 5320 5321
f 5321 5320 5301
f 5296 5295 5321
f 5295 5305 5321
f 5321 5304 5322
f 5321 5305 5304
f 5309 5323 5324
f 5324 5305 5309
f 5303 5305 5324
f 5309 5307 5325
f 5326 5313 5327
f 5326 5318 5300
f 5300 5313 5326
f 5328 5315 5306
f 5306 5308 5328
f 5297 5299 5328
f 5328 5295 5297
f 5328 5308 5295
f 5299 5315 5329
f 5329 5328 5299
f 5315 5328 5329
f 5319 5293 5314
f 5314 5292 5327
f 5314 5310 5312
f 5293 5292 5314
f 5327 5313 5314
f 5314 5301 5319
f 5302 5301 5314
f 5311 5310 5314
f 5314 5313 5311
f 5324 5330 5294
f 5324 5293 5319
f 5294 5293 5324
f 5324 5304 5303
f 5324 5323 5330
f 5319 5320 5324
f 5322 5304 5324
f 5324 5320 5322
f 5330 5323 5325
f 5325 5323 5309
f 5294 5330 5326
f 5330 5325 5326
f 5327 5292 5326
f 5326 5292 5294
f 5316 5317 5326
f 5326 5315 5316
f 5326 5307 5306
f 5306 5315 5326
f 5326 5317 5318
f 5326 5325 5307
f 5331 5332 5333
f 5334 5335 5336
f 5337 5338 5339
f 5339 5340 5337
f 5341 5342 5331
f 5343 5333 5332
f 5344 5336 5335
f 5334 5345 5346
f 5346 5335 5334
f 5347 5335 5346
f 5346 5345 5347
f 5348 5340 5347
f 5347 5345 5348
f 5347 5340 5349
f 5340 5339 5349
f 5333 5350 5351
f 5331 5333 5351
f 5332 5352 5353
f 5353 5343 5332
f 5354 5353 5355
f 5343 5353 5354
f 5334 5336 5356
f 5331 5342 5357
f 5357 5358 5331
f 5331 5358 5359
f 5359 5332 5331
f 5358 5356 5359
f 5359 5356 5336
f 5360 5335 5347
f 5360 5344 5335
f 5361 5351 5350
f 5362 5350 5333
f 5333 5343 5362
f 5343 5354 5362
f 5336 5344 5363
f 5363 5359 5336
f 5332 5359 5363
f 5344 5364 5363
f 5365 5364 5344
f 5365 5360 5347
f 5344 5360 5365
f 5366 5341 5331
f 5331 5351 5366
f 5351 5361 5367
f 5368 5366 5367
f 5367 5366 5351
f 5369 5363 5364
f 5369 5352 5332
f 5332 5363 5369
f 5357 5345 5334
f 5337 5340 5357
f 5340 5348 5357
f 5357 5370 5337
f 5342 5341 5357
f 5334 5356 5357
f 5357 5348 5345
f 5341 5370 5357
f 5357 5356 5358
f 5366 5370 5341
f 5366 5368 5370
f 5355 5338 5367
f 5367 5338 5337
f 5337 5370 5367
f 5367 5354 5355
f 5370 5368 5367
f 5367 5361 5350
f 5350 5362 5367
f 5367 5362 5354
f 5369 5338 5355
f 5355 5353 5369
f 5347 5349 5369
f 5369 5339 5338
f 5369 5349 5339
f 5369 5353 5352
f 5369 5365 5347
f 5364 5365 5369
f 5371 5372 5373
f 5374 5375 5376
f 5377 5378 5371
f 5379 5380 5381
f 5381 5380 5382
f 5383 5377 5384
f 5384 5377 5371
f 5371 5373 5384
f 5385 5377 5383
f 5386 5387 5378
f 5378 5377 5386
f 5377 5385 5386
f 5378 5387 5388
f 5388 5389 5378
f 5388 5390 5389
f 5391 5374 5376
f 5392 5393 5376
f 5394 5382 5380
f 5393 5382 5394
f 5395 5396 5374
f 5395 5372 5371
f 5374 5391 5395
f 5375 5374 5397
f 5374 5396 5397
f 5371 5378 5398
f 5378 5389 5398
f 5398 5395 5371
f 5396 5395 5398
f 5376 5393 5399
f 5399 5391 5376
f 5376 5375 5400
f 5400 5392 5376
f 5401 5382 5393
f 5393 5392 5401
f 5372 5395 5402
f 5402 5395 5391
f 5383 5379 5388
f 5388 5379 5381
f 5387 5386 5388
f 5388 5385 5383
f 5388 5386 5385
f 5381 5390 5388
f 5381 5382 5401
f 5401 5398 5389
f 5401 5390 5381
f 5375 5397 5401
f 5389 5390 5401
f 5401 5400 5375
f 5401 5397 5396
f 5396 5398 5401
f 5392 5400 5401
f 5402 5379 5383
f 5383 5384 5402
f 5402 5373 5372
f 5380 5379 5402
f 5402 5399 5393
f 5402 5384 5373
f 5402 5394 5380
f 5393 5394 5402
f 5391 5399 5402
f 5403 5404 5405
f 5406 5407 5408
f 5409 5410 5411
f 5411 5410 5412
f 5411 5412 5405
f 5413 5414 5415
f 5405 5416 5417
f 5417 5403 5405
f 5418 5419 5420
f 5420 5421 5418
f 5422 5419 5418
f 5422 5413 5415
f 5405 5412 5423
f 5423 5424 5405
f 5425 5416 5405
f 5405 5424 5425
f 5426 5403 5427
f 5403 5417 5427
f 5421 5420 5428
f 5429 5422 5418
f 5413 5422 5429
f 5430 5413 5429
f 5421 5428 5431
f 5405 5404 5431
f 5404 5430 5431
f 5430 5421 5431
f 5432 5431 5428
f 5432 5411 5405
f 5405 5431 5432
f 5408 5414 5406
f 5415 5414 5408
f 5413 5426 5406
f 5406 5414 5413
f 5413 5430 5404
f 5404 5403 5413
f 5413 5403 5426
f 5427 5410 5409
f 5406 5426 5427
f 5412 5410 5427
f 5409 5407 5427
f 5427 5407 5406
f 5416 5425 5427
f 5427 5423 5412
f 5427 5417 5416
f 5424 5423 5427
f 5427 5425 5424
f 5429 5421 5430
f 5418 5421 5429
f 5432 5407 5409
f 5415 5408 5432
f 5432 5420 5419
f 5432 5408 5407
f 5409 5411 5432
f 5432 5422 5415
f 5419 5422 5432
f 5432 5428 5420
f 5433 5434 5435
f 5436 5435 5437
f 5437 5435 5434
f 5438 5439 5440
f 5441 5439 5438
f 5436 5437 5442
f 5443 5444 5436
f 5438 5444 5443
f 5445 5440 5439
f 5446 5444 5438
f 5438 5440 5446
f 5440 5445 5446
f 5436 5444 5446
f 5446 5445 5436
f 5436 5442 5447
f 5447 5448 5436
f 5449 5450 5451
f 5451 5452 5453
f 5448 5447 5453
f 5436 5448 5453
f 5453 5452 5436
f 5438 5443 5454
f 5454 5452 5438
f 5454 5443 5436
f 5436 5452 5454
f 5438 5452 5455
f 5436 5445 5456
f 5456 5457 5436
f 5458 5459 5435
f 5458 5457 5459
f 5458 5435 5436
f 5436 5457 5458
f 5451 5453 5460
f 5461 5449 5460
f 5460 5449 5451
f 5460 5453 5447
f 5462 5441 5438
f 5438 5455 5462
f 5462 5452 5451
f 5462 5455 5452
f 5463 5464 5465
f 5466 5467 5468
f 5468 5469 5466
f 5466 5469 5439
f 5439 5441 5466
f 5468 5470 5471
f 5471 5469 5468
f 5459 5457 5472
f 5457 5456 5472
f 5439 5469 5472
f 5472 5445 5439
f 5472 5456 5445
f 5469 5471 5472
f 5441 5462 5473
f 5473 5462 5474
f 5473 5466 5441
f 5474 5467 5473
f 5467 5466 5473
f 5475 5474 5476
f 5474 5462 5476
f 5451 5475 5476
f 5476 5462 5451
f 5463 5465 5477
f 5477 5465 5478
f 5478 5465 5479
f 5480 5478 5479
f 5481 5482 5483
f 5482 5484 5483
f 5483 5464 5481
f 5483 5465 5464
f 5485 5482 5486
f 5485 5484 5482
f 5459 5472 5487
f 5487 5472 5471
f 5434 5488 5449
f 5449 5437 5434
f 5449 5442 5437
f 5461 5442 5449
f 5488 5450 5449
f 5488 5480 5489
f 5480 5490 5489
f 5491 5490 5480
f 5480 5451 5491
f 5460 5442 5461
f 5460 5447 5442
f 5492 5450 5488
f 5488 5489 5492
f 5492 5491 5451
f 5451 5450 5492
f 5492 5489 5490
f 5490 5491 5492
f 5477 5464 5463
f 5477 5434 5433
f 5477 5488 5434
f 5477 5480 5488
f 5433 5486 5477
f 5477 5482 5481
f 5481 5464 5477
f 5477 5478 5480
f 5486 5482 5477
f 5479 5465 5474
f 5479 5474 5475
f 5479 5451 5480
f 5479 5475 5451
f 5483 5484 5468
f 5468 5467 5483
f 5474 5465 5483
f 5483 5467 5474
f 5468 5484 5485
f 5485 5470 5468
f 5487 5486 5433
f 5433 5435 5487
f 5435 5459 5487
f 5487 5485 5486
f 5487 5471 5470
f 5470 5485 5487
f 5493 5494 5495
f 5493 5496 5494
f 5497 5496 5498
f 5494 5496 5497
f 5498 5499 5497
f 5495 5494 5500
f 5500 5501 5495
f 5502 5501 5500
f 5500 5503 5502
f 5502 5504 5505
f 5506 5507 5508
f 5502 5503 5509
f 5510 5507 5506
f 5502 5505 5511
f 5495 5501 5511
f 5511 5501 5502
f 5512 5509 5503
f 5512 5510 5506
f 5513 5509 5512
f 5506 5513 5512
f 5503 5514 5512
f 5514 5510 5512
f 5515 5504 5502
f 5502 5509 5515
f 5513 5516 5517
f 5518 5516 5513
f 5518 5513 5506
f 5506 5508 5518
f 5519 5517 5516
f 5516 5520 5519
f 5521 5508 5522
f 5521 5518 5508
f 5523 5520 5516
f 5516 5518 5523
f 5518 5521 5523
f 5494 5514 5500
f 5500 5514 5503
f 5510 5514 5494
f 5494 5497 5510
f 5510 5499 5522
f 5510 5497 5499
f 5522 5508 5510
f 5510 5508 5507
f 5498 5496 5519
f 5504 5515 5519
f 5519 5493 5495
f 5495 5511 5519
f 5496 5493 5519
f 5519 5505 5504
f 5519 5509 5513
f 5519 5511 5505
f 5519 5515 5509
f 5513 5517 5519
f 5522 5499 5523
f 5523 5499 5498
f 5498 5519 5523
f 5523 5519 5520
f 5523 5521 5522
f 5524 5525 5526
f 5526 5527 5528
f 5528 5524 5526
f 5529 5530 5524
f 5529 5528 5531
f 5524 5528 5529
f 5531 5532 5529
f 5533 5530 5529
f 5525 5524 5534
f 5524 5530 5534
f 5534 5530 5535
f 5535 5536 5534
f 5531 5537 5538
f 5538 5532 5531
f 5535 5530 5539
f 5539 5530 5533
f 5540 5536 5541
f 5536 5542 5541
f 5543 5544 5537
f 5543 5537 5531
f 5527 5545 5546
f 5546 5528 5527
f 5547 5543 5546
f 5531 5528 5546
f 5546 5543 5531
f 5545 5548 5546
f 5533 5529 5549
f 5549 5529 5532
f 5540 5550 5551
f 5551 5536 5540
f 5552 5539 5542
f 5535 5539 5552
f 5552 5536 5535
f 5552 5542 5536
f 5553 5543 5547
f 5554 5543 5553
f 5544 5543 5555
f 5547 5546 5556
f 5556 5546 5548
f 5557 5543 5554
f 5557 5555 5543
f 5540 5558 5550
f 5550 5558 5559
f 5549 5558 5540
f 5537 5544 5549
f 5549 5539 5533
f 5540 5541 5549
f 5549 5538 5537
f 5544 5558 5549
f 5532 5538 5549
f 5542 5539 5549
f 5549 5541 5542
f 5551 5527 5526
f 5526 5525 5551
f 5525 5534 5551
f 5551 5550 5559
f 5551 5545 5527
f 5551 5534 5536
f 5559 5548 5551
f 5551 5548 5545
f 5557 5558 5544
f 5557 5553 5547
f 5559 5558 5557
f 5557 5548 5559
f 5544 5555 5557
f 5554 5553 5557
f 5547 5556 5557
f 5557 5556 5548
f 5560 5561 5562
f 5563 5564 5565
f 5566 5564 5563
f 5567 5561 5560
f 5568 5566 5563
f 5569 5566 5568
f 5570 5566 5569
f 5571 5567 5560
f 5571 5572 5573
f 5565 5574 5575
f 5576 5565 5564
f 5576 5574 5565
f 5577 5562 5561
f 5577 5578 5562
f 5579 5570 5580
f 5580 5581 5579
f 5582 5581 5580
f 5582 5577 5581
f 5578 5577 5582
f 5583 5571 5560
f 5572 5571 5583
f 5584 5574 5585
f 5584 5575 5574
f 5566 5570 5586
f 5570 5579 5586
f 5573 5572 5587
f 5588 5589 5587
f 5572 5590 5587
f 5587 5590 5588
f 5585 5574 5591
f 5591 5589 5588
f 5591 5588 5585
f 5563 5565 5590
f 5590 5582 5580
f 5560 5562 5590
f 5580 5570 5590
f 5585 5588 5590
f 5590 5568 5563
f 5590 5583 5560
f 5569 5568 5590
f 5590 5570 5569
f 5562 5578 5590
f 5590 5584 5585
f 5565 5575 5590
f 5578 5582 5590
f 5572 5583 5590
f 5575 5584 5590
f 5564 5566 5591
f 5561 5567 5591
f 5591 5571 5573
f 5591 5576 5564
f 5566 5586 5591
f 5591 5577 5561
f 5567 5571 5591
f 5574 5576 5591
f 5581 5577 5591
f 5591 5579 5581
f 5591 5586 5579
f 5573 5587 5591
f 5591 5587 5589

